customer_id,last_purchase_date,recency_days,frequency,monetary,avg_basket_value,n_transactions,segment,city
1,2025-12-28,3,69,915881.41,12899.74,71,Regular,Brisbane
2,2025-12-20,11,80,902529.44,10744.4,84,Budget,Melbourne
3,2025-12-08,23,64,487457.08,7385.71,66,Regular,Brisbane
4,2025-12-18,13,74,1027434.08,13343.3,77,Budget,Melbourne
5,2025-12-16,15,63,384636.82,5827.83,66,Premium,Brisbane
6,2025-12-22,9,62,668308.18,10608.07,63,Regular,Brisbane
7,2025-12-24,7,80,823445.27,9921.03,83,Regular,Adelaide
8,2025-12-26,5,61,763084.5,12307.81,62,Budget,Sydney
9,2025-12-31,0,70,1141649.31,16079.57,71,Regular,Adelaide
10,2025-12-30,1,79,965459.61,11632.04,83,Regular,Melbourne
11,2025-12-26,5,56,539978.22,9473.3,57,Premium,Sydney
12,2025-12-22,9,72,601407.97,7810.49,77,Regular,Brisbane
13,2025-12-25,6,85,678980.55,7715.69,88,Regular,Sydney
14,2025-12-27,4,79,791405.77,9651.29,82,Budget,Sydney
15,2025-12-20,11,64,730513.79,10903.19,67,Budget,Adelaide
16,2025-11-22,39,62,635899.49,9935.93,64,Regular,Sydney
17,2025-12-25,6,51,244419.57,4526.29,54,Regular,Brisbane
18,2025-12-18,13,64,408361.21,6380.64,64,Budget,Sydney
19,2025-12-14,17,64,623392.82,9445.35,66,Regular,Sydney
20,2025-12-22,9,67,768318.93,10821.39,71,Premium,Sydney
21,2025-12-22,9,70,707686.69,9563.33,74,Budget,Sydney
22,2025-11-27,34,56,521247.62,8687.46,60,Regular,Melbourne
23,2025-12-29,2,68,859037.13,11931.07,72,Budget,Melbourne
24,2025-12-21,10,56,803243.72,14343.64,56,Regular,Sydney
25,2025-12-21,10,86,1022498.36,11361.09,90,Budget,Melbourne
26,2025-12-22,9,65,992269.52,15034.39,66,Regular,Melbourne
27,2025-12-29,2,47,657886.26,13426.25,49,Regular,Brisbane
28,2025-12-23,8,67,686667.78,10098.06,68,Regular,Adelaide
29,2025-12-23,8,69,407251.09,5503.39,74,Budget,Brisbane
30,2025-12-03,28,84,969310.55,10891.13,89,Premium,Adelaide
31,2025-12-23,8,69,475472.59,6696.8,71,Budget,Sydney
32,2025-11-24,37,62,547823.65,8559.74,64,Budget,Sydney
33,2025-12-20,11,61,613088.59,9579.51,64,Regular,Adelaide
34,2025-12-05,26,60,722774.08,11657.65,62,Budget,Melbourne
35,2025-11-27,34,76,795813.55,10335.24,77,Regular,Adelaide
36,2025-12-31,0,71,944302.67,12590.7,75,Regular,Melbourne
37,2025-12-27,4,71,1074398.59,14136.82,76,Budget,Sydney
38,2025-12-24,7,58,644591.5,10925.28,59,Premium,Adelaide
39,2025-12-28,3,69,682087.25,9744.1,70,Budget,Brisbane
40,2025-12-30,1,74,617264.79,7813.48,79,Regular,Adelaide
41,2025-12-28,3,74,578528.42,7323.14,79,Budget,Melbourne
42,2025-12-29,2,66,600045.61,8696.31,69,Premium,Sydney
43,2025-12-30,1,74,995226.7,12440.33,80,Budget,Brisbane
44,2025-12-24,7,71,720058.63,9474.46,76,Budget,Sydney
45,2025-12-25,6,72,651785.92,8576.13,76,Regular,Brisbane
46,2025-12-22,9,58,638899.65,9829.23,65,Premium,Melbourne
47,2025-12-25,6,68,397669.07,5523.18,72,Premium,Adelaide
48,2025-12-15,16,71,752348.1,9899.32,76,Regular,Adelaide
49,2025-12-20,11,66,647823.13,9388.74,69,Premium,Melbourne
50,2025-12-28,3,59,583138.2,9256.16,63,Premium,Adelaide
51,2025-11-30,31,77,1010574.7,12476.23,81,Regular,Sydney
52,2025-12-27,4,61,1032428.63,16131.7,64,Budget,Sydney
53,2025-12-31,0,58,512081.56,8259.38,62,Regular,Adelaide
54,2025-12-06,25,58,518916.61,8506.83,61,Regular,Brisbane
55,2025-12-22,9,68,844074.99,12232.97,69,Budget,Melbourne
56,2025-12-24,7,64,428956.64,6599.33,65,Budget,Sydney
57,2025-12-19,12,69,521308.82,7342.38,71,Regular,Melbourne
58,2025-12-25,6,54,768027.84,13714.78,56,Budget,Brisbane
59,2025-12-30,1,70,838188.28,11641.5,72,Premium,Adelaide
60,2025-12-25,6,70,556155.65,7515.62,74,Budget,Adelaide
61,2025-12-19,12,65,537571.1,7790.89,69,Budget,Melbourne
62,2025-12-11,20,64,400850.41,6166.93,65,Regular,Melbourne
63,2025-12-31,0,60,589421.63,9068.03,65,Budget,Sydney
64,2025-12-19,12,77,1013211.78,12062.05,84,Budget,Sydney
65,2025-12-29,2,93,896349.61,9336.98,96,Regular,Melbourne
66,2025-12-30,1,85,1703667.01,18929.63,90,Premium,Brisbane
67,2025-12-27,4,79,559400.06,6659.52,84,Budget,Sydney
68,2025-12-28,3,69,513479.21,7441.73,69,Budget,Melbourne
69,2025-12-21,10,62,497587.78,7898.22,63,Regular,Brisbane
70,2025-12-31,0,75,1344211.3,16802.64,80,Premium,Adelaide
71,2025-12-25,6,74,770945.79,9758.81,79,Regular,Adelaide
72,2025-12-14,17,63,654934.1,10233.35,64,Budget,Melbourne
73,2025-12-25,6,72,701556.69,9231.01,76,Budget,Melbourne
74,2025-12-30,1,65,528106.43,7882.19,67,Budget,Adelaide
75,2025-12-28,3,57,388808.53,6703.6,58,Budget,Brisbane
76,2025-12-14,17,76,1095604.03,14228.62,77,Regular,Melbourne
77,2025-12-24,7,72,1281999.52,16868.41,76,Budget,Brisbane
78,2025-12-22,9,76,625421.23,7817.77,80,Regular,Sydney
79,2025-12-30,1,79,1004189.34,12246.21,82,Regular,Melbourne
80,2025-12-09,22,64,720282.06,10913.36,66,Regular,Melbourne
81,2025-11-19,42,63,589942.46,8805.11,67,Budget,Adelaide
82,2025-12-30,1,78,1084606.57,12911.98,84,Regular,Sydney
83,2025-12-26,5,81,740590.5,8922.78,83,Regular,Adelaide
84,2025-12-28,3,70,733927.22,10193.43,72,Regular,Melbourne
85,2025-12-30,1,62,1028717.34,15826.42,65,Budget,Sydney
86,2025-12-31,0,70,657729.94,8769.73,75,Budget,Brisbane
87,2025-12-20,11,77,543702.55,6712.38,81,Premium,Brisbane
88,2025-12-11,20,69,932581.3,12434.42,75,Budget,Sydney
89,2025-12-26,5,74,1426445.05,18056.27,79,Budget,Sydney
90,2025-12-17,14,78,1137583.22,13705.82,83,Regular,Sydney
91,2025-12-28,3,63,774973.28,11396.67,68,Regular,Melbourne
92,2025-12-25,6,69,1071613.4,15093.15,71,Premium,Sydney
93,2025-12-24,7,67,586557.34,8379.39,70,Budget,Brisbane
94,2025-12-13,18,67,871098.92,12269.0,71,Premium,Sydney
95,2025-12-04,27,63,668901.57,9983.61,67,Budget,Adelaide
96,2025-12-27,4,77,1119064.75,14346.98,78,Regular,Adelaide
97,2025-12-27,4,62,580842.75,9219.73,63,Regular,Brisbane
98,2025-12-24,7,78,1349620.27,15336.59,88,Budget,Adelaide
99,2025-12-25,6,89,1084845.69,11540.91,94,Budget,Adelaide
100,2025-12-27,4,61,313304.39,4747.04,66,Regular,Sydney
101,2025-12-01,30,70,921648.45,12800.67,72,Premium,Melbourne
102,2025-12-30,1,60,331405.4,5432.88,61,Regular,Adelaide
103,2025-12-23,8,45,649044.29,14109.66,46,Premium,Melbourne
104,2025-12-30,1,84,797127.94,9162.39,87,Regular,Brisbane
105,2025-12-20,11,67,729155.24,10269.79,71,Regular,Adelaide
106,2025-12-24,7,64,320558.76,4784.46,67,Regular,Adelaide
107,2025-12-29,2,69,519278.09,7313.78,71,Budget,Melbourne
108,2025-12-24,7,70,1047166.6,13962.22,75,Budget,Melbourne
109,2025-12-23,8,67,504524.64,7207.49,70,Regular,Sydney
110,2025-12-29,2,62,615080.13,9610.63,64,Regular,Melbourne
111,2025-12-20,11,71,975118.17,13177.27,74,Budget,Melbourne
112,2025-12-15,16,67,734768.64,10966.7,67,Regular,Melbourne
113,2025-12-30,1,71,788594.41,10952.7,72,Regular,Melbourne
114,2025-12-31,0,71,927674.12,12368.99,75,Premium,Adelaide
115,2025-12-12,19,65,631935.04,9431.87,67,Regular,Adelaide
116,2025-12-14,17,62,785153.0,12268.02,64,Regular,Brisbane
117,2025-12-28,3,74,1069219.44,13707.94,78,Budget,Sydney
118,2025-12-24,7,71,464320.42,6360.55,73,Regular,Melbourne
119,2025-12-14,17,55,335853.47,5790.58,58,Regular,Brisbane
120,2025-12-22,9,59,742599.46,11977.41,62,Premium,Sydney
121,2025-12-21,10,69,1221831.84,16737.42,73,Regular,Melbourne
122,2025-12-22,9,57,313227.24,4971.86,63,Budget,Brisbane
123,2025-12-30,1,87,977635.53,10862.62,90,Budget,Adelaide
124,2025-12-25,6,65,553098.34,8255.2,67,Regular,Adelaide
125,2025-12-31,0,63,491975.7,7342.92,67,Regular,Melbourne
126,2025-12-13,18,87,1154640.92,12829.34,90,Budget,Melbourne
127,2025-12-10,21,66,332533.85,4750.48,70,Budget,Melbourne
128,2025-12-20,11,70,889662.4,12530.46,71,Regular,Brisbane
129,2025-12-28,3,71,428382.18,5636.61,76,Budget,Melbourne
130,2025-12-18,13,76,618365.9,7927.77,78,Regular,Melbourne
131,2025-12-30,1,76,688109.54,8936.49,77,Budget,Sydney
132,2025-12-31,0,68,1103474.88,15116.09,73,Budget,Melbourne
133,2025-12-16,15,66,863641.57,12163.97,71,Premium,Sydney
134,2025-12-29,2,59,742650.28,11978.23,62,Budget,Brisbane
135,2025-12-31,0,73,957869.85,12771.6,75,Budget,Adelaide
136,2025-12-08,23,64,723169.62,10480.72,69,Budget,Adelaide
137,2025-12-16,15,70,704118.18,9515.11,74,Budget,Melbourne
138,2025-12-22,9,72,1095012.08,14797.46,74,Budget,Adelaide
139,2025-12-31,0,76,681912.29,8418.67,81,Budget,Adelaide
140,2025-12-27,4,54,671100.1,11570.69,58,Budget,Melbourne
141,2025-12-26,5,73,522166.23,6962.22,75,Budget,Adelaide
142,2025-12-29,2,100,868220.29,8039.08,108,Regular,Melbourne
143,2025-12-21,10,75,1034433.35,13094.09,79,Regular,Adelaide
144,2025-12-31,0,68,1186240.51,16475.56,72,Budget,Melbourne
145,2025-12-17,14,61,351204.06,5664.58,62,Budget,Melbourne
146,2025-12-29,2,64,972296.63,14298.48,68,Regular,Sydney
147,2025-12-28,3,58,467033.04,8052.29,58,Premium,Adelaide
148,2025-12-15,16,69,571152.57,8044.4,71,Premium,Melbourne
149,2025-12-01,30,50,280852.32,5506.91,51,Budget,Adelaide
150,2025-12-26,5,76,793694.08,10307.72,77,Budget,Sydney
151,2025-12-29,2,55,443619.57,7782.8,57,Budget,Brisbane
152,2025-12-25,6,70,607707.18,8324.76,73,Budget,Melbourne
153,2025-12-22,9,61,430703.8,6729.75,64,Regular,Melbourne
154,2025-12-26,5,87,534516.29,5873.81,91,Regular,Sydney
155,2025-11-29,32,70,664418.87,8978.63,74,Budget,Sydney
156,2025-11-28,33,69,862896.92,11984.68,72,Budget,Melbourne
157,2025-11-25,36,76,784707.39,9808.84,80,Regular,Melbourne
158,2025-11-23,38,69,703763.25,9510.31,74,Budget,Adelaide
159,2025-12-23,8,74,1029414.22,13544.92,76,Regular,Melbourne
160,2025-12-08,23,67,368129.72,5413.67,68,Budget,Sydney
161,2025-12-19,12,77,783372.5,9792.16,80,Premium,Melbourne
162,2025-12-07,24,65,663388.91,9901.33,67,Budget,Brisbane
163,2025-12-12,19,66,939741.76,13819.73,68,Regular,Melbourne
164,2025-12-22,9,69,306020.09,4435.07,69,Premium,Adelaide
165,2025-12-30,1,58,546225.43,9103.76,60,Premium,Melbourne
166,2025-12-29,2,56,1135969.94,19253.73,59,Regular,Brisbane
167,2025-12-24,7,63,644684.08,9622.15,67,Regular,Sydney
168,2025-12-31,0,69,1082583.45,14244.52,76,Regular,Sydney
169,2025-12-29,2,65,998886.22,14908.75,67,Regular,Adelaide
170,2025-12-28,3,67,623737.28,8910.53,70,Budget,Melbourne
171,2025-12-24,7,62,542864.44,8225.22,66,Regular,Melbourne
172,2025-12-24,7,70,732200.46,10169.45,72,Regular,Brisbane
173,2025-12-25,6,69,782291.09,10430.55,75,Premium,Sydney
174,2025-12-20,11,65,536965.02,7896.54,68,Regular,Brisbane
175,2025-12-18,13,65,733860.69,11119.1,66,Budget,Melbourne
176,2025-12-06,25,58,591605.2,9542.02,62,Regular,Sydney
177,2025-12-28,3,67,758062.84,10829.47,70,Budget,Melbourne
178,2025-12-26,5,64,828707.99,11671.94,71,Budget,Melbourne
179,2025-12-05,26,55,692995.47,11948.2,58,Regular,Sydney
180,2025-12-28,3,75,720899.73,9125.31,79,Regular,Brisbane
181,2025-12-28,3,62,415234.13,6488.03,64,Budget,Brisbane
182,2025-12-26,5,68,759049.29,11000.71,69,Budget,Melbourne
183,2025-12-15,16,62,827643.15,12732.97,65,Budget,Adelaide
184,2025-12-27,4,85,1138933.51,12942.43,88,Budget,Brisbane
185,2025-12-22,9,66,662183.1,9326.52,71,Budget,Adelaide
186,2025-12-31,0,67,1072076.75,15315.38,70,Regular,Sydney
187,2025-12-30,1,80,1177613.4,14019.21,84,Budget,Adelaide
188,2025-12-28,3,66,741342.94,11064.82,67,Premium,Melbourne
189,2025-12-24,7,68,345420.46,4865.08,71,Premium,Brisbane
190,2025-12-28,3,66,618590.76,9096.92,68,Regular,Adelaide
191,2025-12-27,4,78,595859.77,7448.25,80,Budget,Melbourne
192,2025-12-28,3,61,625521.76,9928.92,63,Regular,Melbourne
193,2025-12-19,12,61,538253.28,8280.82,65,Regular,Sydney
194,2025-12-25,6,65,727709.58,10546.52,69,Regular,Brisbane
195,2025-12-28,3,66,1451909.93,21351.62,68,Regular,Adelaide
196,2025-12-30,1,84,767363.95,8432.57,91,Regular,Melbourne
197,2025-12-19,12,60,329042.94,5307.14,62,Regular,Sydney
198,2025-12-29,2,70,679268.87,9056.92,75,Budget,Melbourne
199,2025-12-13,18,64,855989.48,12775.96,67,Regular,Melbourne
200,2025-12-29,2,65,545966.18,8028.91,68,Budget,Adelaide
201,2025-12-18,13,71,573578.29,7857.24,73,Regular,Sydney
202,2025-12-14,17,68,1035529.29,14584.92,71,Premium,Melbourne
203,2025-12-09,22,67,553153.02,8016.71,69,Budget,Brisbane
204,2025-12-25,6,70,645041.9,8958.92,72,Regular,Sydney
205,2025-12-24,7,69,878259.02,11868.37,74,Budget,Adelaide
206,2025-12-07,24,77,1060526.05,12933.24,82,Regular,Adelaide
207,2025-12-26,5,72,511591.38,6913.4,74,Budget,Melbourne
208,2025-12-30,1,55,598713.54,10503.75,57,Premium,Brisbane
209,2025-12-03,28,54,619633.65,10870.77,57,Budget,Adelaide
210,2025-11-28,33,63,579220.17,8517.94,68,Premium,Brisbane
211,2025-12-29,2,77,722695.1,8813.35,82,Regular,Sydney
212,2025-12-26,5,66,691645.25,9606.18,72,Regular,Sydney
213,2025-12-31,0,69,636497.09,8601.31,74,Regular,Melbourne
214,2025-12-07,24,69,563224.89,7932.74,71,Regular,Sydney
215,2025-12-31,0,74,871688.56,11034.03,79,Premium,Melbourne
216,2025-12-18,13,60,305245.45,4923.31,62,Budget,Brisbane
217,2025-12-28,3,78,1260912.0,15761.4,80,Regular,Brisbane
218,2025-12-14,17,69,691686.04,9475.15,73,Budget,Sydney
219,2025-12-18,13,70,752521.99,10169.22,74,Regular,Sydney
220,2025-12-23,8,59,815131.95,12540.49,65,Budget,Sydney
221,2025-12-27,4,80,842689.58,10032.02,84,Regular,Melbourne
222,2025-12-28,3,70,661906.34,8709.29,76,Regular,Adelaide
223,2025-12-30,1,63,475447.84,7203.76,66,Regular,Melbourne
224,2025-12-12,19,71,526192.55,6923.59,76,Regular,Melbourne
225,2025-12-26,5,72,1105678.62,14359.46,77,Regular,Brisbane
226,2025-12-22,9,72,732699.23,9901.34,74,Regular,Sydney
227,2025-12-04,27,68,490581.35,6720.29,73,Regular,Sydney
228,2025-12-30,1,58,588725.49,10150.44,58,Regular,Sydney
229,2025-12-27,4,67,456431.43,6712.23,68,Premium,Brisbane
230,2025-12-29,2,74,1127490.85,14835.41,76,Budget,Melbourne
231,2025-12-23,8,52,688967.35,12999.38,53,Budget,Brisbane
232,2025-12-25,6,64,1294787.76,19041.0,68,Budget,Brisbane
233,2025-12-23,8,58,916527.07,15025.03,61,Regular,Melbourne
234,2025-12-22,9,62,525363.15,8082.51,65,Regular,Adelaide
235,2025-12-28,3,64,951324.17,14198.87,67,Regular,Adelaide
236,2025-12-06,25,56,896611.95,14461.48,62,Regular,Sydney
237,2025-12-15,16,79,947329.31,11413.61,83,Budget,Adelaide
238,2025-12-31,0,62,649772.78,10313.85,63,Premium,Sydney
239,2025-12-16,15,78,1023547.99,12185.1,84,Regular,Sydney
240,2025-12-29,2,66,642306.29,9445.68,68,Budget,Brisbane
241,2025-12-04,27,70,984194.23,13299.92,74,Budget,Sydney
242,2025-12-08,23,64,761655.23,11367.99,67,Budget,Melbourne
243,2025-12-11,20,62,741429.65,10903.38,68,Budget,Sydney
244,2025-12-29,2,69,647931.48,8099.14,80,Budget,Melbourne
245,2025-12-22,9,64,1092148.78,16547.71,66,Premium,Adelaide
246,2025-11-30,31,65,828099.96,12359.7,67,Regular,Adelaide
247,2025-12-10,21,78,747388.07,9114.49,82,Budget,Sydney
248,2025-12-28,3,66,1082895.71,15694.14,69,Regular,Brisbane
249,2025-12-27,4,75,388559.81,5046.23,77,Regular,Melbourne
250,2025-12-30,1,59,723070.6,11477.31,63,Premium,Melbourne
251,2025-11-28,33,79,952413.53,11614.8,82,Regular,Brisbane
252,2025-12-03,28,76,798619.21,10109.1,79,Regular,Adelaide
253,2025-12-17,14,70,710503.93,9601.4,74,Budget,Melbourne
254,2025-12-23,8,94,777880.58,7937.56,98,Premium,Sydney
255,2025-12-17,14,73,527946.17,6682.86,79,Regular,Adelaide
256,2025-12-28,3,56,531064.86,8705.98,61,Premium,Adelaide
257,2025-12-19,12,75,854702.84,10957.73,78,Budget,Melbourne
258,2025-12-24,7,62,673900.19,10367.7,65,Premium,Brisbane
259,2025-12-05,26,80,808694.82,9743.31,83,Regular,Adelaide
260,2025-12-31,0,74,949640.32,12332.99,77,Budget,Brisbane
261,2025-12-24,7,75,595895.56,7542.98,79,Regular,Melbourne
262,2025-12-24,7,71,938103.2,12850.73,73,Regular,Adelaide
263,2025-12-13,18,66,1052335.37,15251.24,69,Budget,Adelaide
264,2025-12-29,2,77,670840.55,8385.51,80,Regular,Brisbane
265,2025-12-29,2,70,1125657.25,15854.33,71,Regular,Sydney
266,2025-12-28,3,67,662552.18,9465.03,70,Budget,Melbourne
267,2025-12-28,3,81,1314811.45,14941.04,88,Regular,Brisbane
268,2025-12-27,4,68,683899.26,9368.48,73,Regular,Melbourne
269,2025-12-27,4,70,580507.51,8062.6,72,Budget,Brisbane
270,2025-12-27,4,61,610842.16,9695.91,63,Premium,Brisbane
271,2025-12-27,4,75,880071.9,11140.15,79,Regular,Sydney
272,2025-11-26,35,74,1047760.56,13432.83,78,Budget,Brisbane
273,2025-12-30,1,76,1271112.39,16090.03,79,Premium,Brisbane
274,2025-12-24,7,63,618223.33,9227.21,67,Premium,Sydney
275,2025-12-19,12,70,706486.33,9419.82,75,Budget,Brisbane
276,2025-12-21,10,70,505007.79,6824.43,74,Regular,Brisbane
277,2025-11-30,31,64,523293.16,8050.66,65,Budget,Sydney
278,2025-12-30,1,78,1718403.65,20457.19,84,Premium,Brisbane
279,2025-12-19,12,69,344602.01,4922.89,70,Regular,Melbourne
280,2025-12-30,1,82,777534.0,8937.17,87,Regular,Melbourne
281,2025-12-09,22,85,621566.95,7063.26,88,Budget,Brisbane
282,2025-12-12,19,64,918640.16,13918.79,66,Premium,Sydney
283,2025-12-28,3,72,1156191.6,15838.24,73,Budget,Sydney
284,2025-12-24,7,68,909980.87,13188.13,69,Budget,Melbourne
285,2025-12-28,3,49,999046.22,18849.93,53,Budget,Adelaide
286,2025-12-23,8,70,1301829.1,17357.72,75,Regular,Sydney
287,2025-12-27,4,75,874638.79,11071.38,79,Budget,Adelaide
288,2025-12-28,3,73,769975.27,10131.25,76,Premium,Sydney
289,2025-11-24,37,62,999009.52,15369.38,65,Regular,Melbourne
290,2025-12-24,7,73,598352.25,7978.03,75,Budget,Melbourne
291,2025-12-24,7,61,614606.68,9173.23,67,Budget,Melbourne
292,2025-12-29,2,71,578040.85,7811.36,74,Budget,Sydney
293,2025-12-25,6,70,873239.5,12299.15,71,Regular,Adelaide
294,2025-12-18,13,72,944063.16,12757.61,74,Regular,Melbourne
295,2025-12-28,3,66,1059133.26,15349.76,69,Budget,Adelaide
296,2025-12-30,1,79,669021.99,7964.55,84,Regular,Brisbane
297,2025-12-07,24,65,808886.31,11895.39,68,Budget,Brisbane
298,2025-12-30,1,60,796469.9,13274.5,60,Regular,Melbourne
299,2025-12-27,4,81,1439530.44,16174.5,89,Premium,Brisbane
300,2025-12-30,1,67,500138.05,6946.36,72,Regular,Adelaide
301,2025-12-18,13,79,719869.89,8569.88,84,Regular,Adelaide
302,2025-12-20,11,68,1014758.4,14496.55,70,Regular,Adelaide
303,2025-12-13,18,67,969150.11,13650.0,71,Budget,Sydney
304,2025-12-29,2,72,655137.92,9099.14,72,Budget,Brisbane
305,2025-11-02,59,72,987039.63,13521.09,73,Budget,Melbourne
306,2025-12-31,0,75,872562.24,11331.98,77,Regular,Adelaide
307,2025-12-29,2,61,602406.3,9562.0,63,Regular,Adelaide
308,2025-12-11,20,87,725471.19,7800.77,93,Regular,Adelaide
309,2025-12-24,7,66,833310.32,12437.47,67,Premium,Sydney
310,2025-12-29,2,69,509361.21,6702.12,76,Budget,Melbourne
311,2025-12-29,2,72,605347.39,8071.3,75,Regular,Brisbane
312,2025-12-31,0,54,1063612.3,18659.86,57,Budget,Brisbane
313,2025-12-27,4,65,942762.48,13468.04,70,Budget,Melbourne
314,2025-12-31,0,76,1553251.46,19175.94,81,Regular,Sydney
315,2025-12-06,25,73,706530.46,9175.72,77,Premium,Sydney
316,2025-12-25,6,80,1308943.85,14874.36,88,Regular,Brisbane
317,2025-12-26,5,67,917779.74,13496.76,68,Budget,Melbourne
318,2025-12-26,5,73,1185144.89,15001.83,79,Regular,Melbourne
319,2025-12-24,7,85,647805.27,7118.74,91,Budget,Adelaide
320,2025-12-17,14,67,574848.01,7984.0,72,Premium,Sydney
321,2025-12-31,0,76,1054702.59,13183.78,80,Regular,Adelaide
322,2025-12-25,6,89,1437723.27,15459.39,93,Budget,Melbourne
323,2025-12-21,10,70,567765.92,7996.7,71,Budget,Adelaide
324,2025-12-13,18,60,617095.52,9795.17,63,Budget,Adelaide
325,2025-12-27,4,71,597590.15,7967.87,75,Premium,Brisbane
326,2025-12-20,11,67,732227.08,10169.82,72,Regular,Melbourne
327,2025-12-28,3,83,770447.7,8560.53,90,Regular,Sydney
328,2025-12-20,11,56,579427.78,10165.4,57,Regular,Sydney
329,2025-12-21,10,49,398881.82,7821.21,51,Regular,Adelaide
330,2025-12-27,4,79,782799.36,9431.32,83,Budget,Sydney
331,2025-12-23,8,65,541942.82,7423.87,73,Premium,Melbourne
332,2025-12-07,24,68,575298.37,7471.41,77,Budget,Melbourne
333,2025-12-16,15,77,1023391.09,12792.39,80,Regular,Brisbane
334,2025-12-21,10,58,677392.94,10925.69,62,Regular,Adelaide
335,2025-12-23,8,64,442643.52,6415.12,69,Regular,Brisbane
336,2025-12-29,2,73,716250.63,9811.65,73,Premium,Adelaide
337,2025-12-23,8,74,932365.16,11953.4,78,Budget,Brisbane
338,2025-12-28,3,84,1068127.67,12137.81,88,Regular,Melbourne
339,2025-12-18,13,63,520848.68,8013.06,65,Regular,Sydney
340,2025-12-30,1,77,514934.91,6279.69,82,Regular,Sydney
341,2025-12-10,21,68,602350.42,8605.01,70,Budget,Melbourne
342,2025-12-16,15,59,639565.87,10484.69,61,Budget,Sydney
343,2025-12-28,3,57,890798.45,13918.73,64,Budget,Melbourne
344,2025-12-15,16,66,496836.46,7200.53,69,Budget,Melbourne
345,2025-12-21,10,69,570453.94,7922.97,72,Regular,Melbourne
346,2025-12-30,1,67,671538.46,9732.44,69,Regular,Adelaide
347,2025-12-22,9,69,607025.41,8671.79,70,Regular,Adelaide
348,2025-12-31,0,65,461409.49,6886.71,67,Regular,Brisbane
349,2025-12-27,4,83,963601.73,11336.49,85,Regular,Sydney
350,2025-12-24,7,72,827741.23,11036.55,75,Budget,Melbourne
351,2025-12-26,5,71,840083.11,11201.11,75,Regular,Brisbane
352,2025-12-29,2,71,940337.65,12372.86,76,Budget,Brisbane
353,2025-12-19,12,57,599839.97,9997.33,60,Budget,Melbourne
354,2025-12-17,14,69,596897.73,8290.25,72,Regular,Melbourne
355,2025-12-05,26,63,760663.41,11024.11,69,Regular,Melbourne
356,2025-12-27,4,71,689414.59,9316.41,74,Budget,Brisbane
357,2025-12-04,27,68,973442.05,14107.86,69,Regular,Sydney
358,2025-12-27,4,65,999665.12,14700.96,68,Regular,Brisbane
359,2025-12-25,6,76,976817.52,12523.3,78,Regular,Sydney
360,2025-12-31,0,64,424493.86,6335.73,67,Regular,Brisbane
361,2025-12-27,4,88,1133084.48,11802.96,96,Regular,Adelaide
362,2025-11-23,38,64,1118494.91,16210.07,69,Budget,Brisbane
363,2025-12-25,6,76,751894.44,9398.68,80,Regular,Melbourne
364,2025-12-29,2,80,1011577.99,12042.6,84,Regular,Adelaide
365,2025-12-23,8,72,528437.57,7045.83,75,Regular,Brisbane
366,2025-12-19,12,69,982219.68,13455.06,73,Regular,Melbourne
367,2025-12-16,15,72,462410.87,6334.4,73,Budget,Sydney
368,2025-12-14,17,59,530099.56,8690.16,61,Regular,Sydney
369,2025-12-31,0,76,981921.42,12429.39,79,Regular,Sydney
370,2025-12-24,7,74,900733.93,11401.7,79,Premium,Sydney
371,2025-12-21,10,72,709252.98,9332.28,76,Premium,Brisbane
372,2025-12-27,4,67,500998.52,6862.99,73,Regular,Brisbane
373,2025-12-27,4,81,783099.55,9212.94,85,Regular,Adelaide
374,2025-12-26,5,61,612065.85,9563.53,64,Regular,Brisbane
375,2025-12-22,9,81,1193760.44,14211.43,84,Budget,Adelaide
376,2025-12-24,7,75,1058336.22,13229.2,80,Regular,Brisbane
377,2025-12-26,5,67,777458.38,10798.03,72,Regular,Melbourne
378,2025-11-24,37,62,479269.74,7261.66,66,Budget,Brisbane
379,2025-12-24,7,66,782417.55,11339.38,69,Budget,Melbourne
380,2025-12-25,6,72,676037.29,8667.14,78,Regular,Melbourne
381,2025-12-18,13,61,619263.89,9527.14,65,Budget,Melbourne
382,2025-12-27,4,57,1072541.2,18178.66,59,Budget,Brisbane
383,2025-12-21,10,68,455578.31,6156.46,74,Budget,Melbourne
384,2025-12-21,10,59,243510.56,3991.98,61,Budget,Brisbane
385,2025-12-15,16,57,401873.04,6811.41,59,Budget,Adelaide
386,2025-12-23,8,60,786690.9,12292.05,64,Regular,Melbourne
387,2025-11-20,41,73,763986.68,10052.46,76,Budget,Melbourne
388,2025-12-06,25,80,836608.61,10079.62,83,Regular,Melbourne
389,2025-12-28,3,77,1031289.25,12891.12,80,Premium,Adelaide
390,2025-12-15,16,50,746952.48,14364.47,52,Budget,Sydney
391,2025-12-30,1,61,652170.22,9881.37,66,Budget,Adelaide
392,2025-12-30,1,65,1043995.84,15352.88,68,Regular,Melbourne
393,2025-12-23,8,86,976185.06,11220.52,87,Budget,Adelaide
394,2025-12-30,1,77,573775.85,7172.2,80,Budget,Adelaide
395,2025-12-27,4,72,1202277.13,15819.44,76,Premium,Adelaide
396,2025-12-30,1,64,793520.01,11500.29,69,Premium,Adelaide
397,2025-12-23,8,68,683944.54,9499.23,72,Regular,Sydney
398,2025-12-08,23,59,567286.93,9299.79,61,Budget,Brisbane
399,2025-12-30,1,72,682195.75,8746.1,78,Regular,Sydney
400,2025-11-18,43,64,421690.13,6293.88,67,Regular,Melbourne
401,2025-12-21,10,69,918072.68,12406.39,74,Budget,Sydney
402,2025-12-30,1,55,828272.21,14531.09,57,Regular,Brisbane
403,2025-12-23,8,72,771497.69,10425.64,74,Budget,Brisbane
404,2025-12-08,23,63,780273.12,12385.29,63,Budget,Brisbane
405,2025-12-11,20,66,772018.93,10722.49,72,Regular,Sydney
406,2025-12-30,1,57,995155.41,16314.02,61,Budget,Melbourne
407,2025-10-31,61,76,1371802.03,17147.53,80,Budget,Brisbane
408,2025-12-21,10,82,874477.98,9716.42,90,Regular,Adelaide
409,2025-12-11,20,65,611405.47,8991.26,68,Premium,Adelaide
410,2025-10-26,66,60,413430.43,6459.85,64,Regular,Sydney
411,2025-12-30,1,61,831907.04,12798.57,65,Regular,Melbourne
412,2025-12-22,9,71,703372.75,9378.3,75,Premium,Sydney
413,2025-12-12,19,67,793147.53,11171.09,71,Budget,Adelaide
414,2025-12-27,4,54,880049.34,14667.49,60,Regular,Sydney
415,2025-12-19,12,59,852986.95,13983.39,61,Budget,Adelaide
416,2025-12-25,6,56,1058740.2,17944.75,59,Budget,Sydney
417,2025-12-29,2,63,679830.94,10622.36,64,Regular,Sydney
418,2025-12-26,5,69,749711.31,10412.66,72,Regular,Adelaide
419,2025-12-09,22,63,1201210.0,17928.51,67,Regular,Melbourne
420,2025-12-22,9,81,1302504.25,15506.0,84,Budget,Melbourne
421,2025-12-27,4,60,384377.38,6406.29,60,Budget,Brisbane
422,2025-12-24,7,68,412450.56,6065.45,68,Premium,Melbourne
423,2025-12-08,23,55,302875.88,5313.61,57,Budget,Brisbane
424,2025-12-20,11,78,753086.39,9183.98,82,Budget,Melbourne
425,2025-12-29,2,66,626191.33,9208.7,68,Budget,Melbourne
426,2025-12-29,2,75,614735.99,7983.58,77,Regular,Melbourne
427,2025-12-13,18,68,1021204.32,14383.16,71,Regular,Sydney
428,2025-12-28,3,75,830490.88,10381.14,80,Regular,Melbourne
429,2025-12-13,18,54,615636.29,10800.64,57,Budget,Brisbane
430,2025-12-29,2,74,824565.43,10571.35,78,Budget,Sydney
431,2025-12-30,1,75,551884.73,6985.88,79,Regular,Sydney
432,2025-12-28,3,73,760996.28,10283.73,74,Regular,Brisbane
433,2025-12-21,10,64,467520.44,7083.64,66,Regular,Melbourne
434,2025-12-09,22,67,693843.35,10055.7,69,Regular,Sydney
435,2025-12-20,11,73,886242.31,11976.25,74,Regular,Brisbane
436,2025-11-25,36,84,857665.18,9858.22,87,Budget,Adelaide
437,2025-12-28,3,84,1344437.3,15816.91,85,Budget,Sydney
438,2025-12-21,10,64,991194.86,15018.1,66,Regular,Sydney
439,2025-12-23,8,75,798955.06,10376.04,77,Budget,Melbourne
440,2025-12-28,3,62,770307.76,11850.89,65,Regular,Brisbane
441,2025-12-27,4,79,692494.34,8656.18,80,Regular,Sydney
442,2025-12-31,0,75,676289.41,8670.38,78,Regular,Adelaide
443,2025-12-31,0,69,921169.37,12974.22,71,Premium,Melbourne
444,2025-12-25,6,81,1232823.63,15034.43,82,Regular,Sydney
445,2025-12-17,14,76,736152.67,9088.3,81,Premium,Adelaide
446,2025-12-24,7,61,860831.42,13042.9,66,Regular,Sydney
447,2025-12-14,17,61,751264.3,11738.5,64,Premium,Sydney
448,2025-12-06,25,75,848645.02,10742.34,79,Budget,Adelaide
449,2025-12-16,15,71,1391554.08,18309.92,76,Regular,Brisbane
450,2025-12-27,4,66,826566.18,11480.09,72,Regular,Melbourne
451,2025-12-30,1,72,865352.0,11538.03,75,Budget,Brisbane
452,2025-12-22,9,65,996828.54,14659.24,68,Budget,Brisbane
453,2025-12-24,7,66,1013268.95,14685.06,69,Premium,Brisbane
454,2025-12-28,3,71,1273644.77,17211.42,74,Regular,Sydney
455,2025-12-30,1,58,804510.46,13408.51,60,Budget,Brisbane
456,2025-12-27,4,72,755535.43,10209.94,74,Budget,Melbourne
457,2025-12-27,4,59,795655.66,12833.16,62,Budget,Adelaide
458,2025-12-31,0,76,842015.92,10024.0,84,Budget,Brisbane
459,2025-12-30,1,75,854402.27,10815.22,79,Premium,Sydney
460,2025-12-30,1,58,952857.35,16150.12,59,Regular,Adelaide
461,2025-12-20,11,66,615812.5,8102.8,76,Budget,Melbourne
462,2025-12-28,3,72,523802.88,6802.63,77,Regular,Melbourne
463,2025-12-02,29,52,805000.42,14907.42,54,Budget,Adelaide
464,2025-12-14,17,64,896377.98,13378.78,67,Budget,Adelaide
465,2025-11-09,52,67,631058.48,8644.64,73,Regular,Adelaide
466,2025-12-31,0,81,587348.93,6751.14,87,Regular,Brisbane
467,2025-12-31,0,69,363128.94,4907.15,74,Premium,Adelaide
468,2025-12-20,11,72,622528.19,8191.16,76,Regular,Sydney
469,2025-12-28,3,55,801525.71,13819.41,58,Regular,Brisbane
470,2025-12-21,10,68,830888.45,12041.86,69,Regular,Melbourne
471,2025-12-26,5,71,635281.86,8470.42,75,Premium,Melbourne
472,2025-12-30,1,83,923517.02,10494.51,88,Regular,Sydney
473,2025-12-24,7,57,550460.7,9023.95,61,Premium,Sydney
474,2025-12-26,5,72,681439.69,9085.86,75,Regular,Melbourne
475,2025-12-22,9,81,774117.73,9440.46,82,Premium,Adelaide
476,2025-12-18,13,66,699400.69,10438.82,67,Budget,Brisbane
477,2025-12-13,18,66,551447.55,7658.99,72,Regular,Melbourne
478,2025-12-16,15,72,1296296.11,17056.53,76,Regular,Melbourne
479,2025-12-15,16,75,949211.43,11575.75,82,Regular,Brisbane
480,2025-12-25,6,55,848579.12,14630.67,58,Regular,Sydney
481,2025-12-29,2,75,643406.82,8042.59,80,Premium,Brisbane
482,2025-12-15,16,64,769828.04,11156.93,69,Premium,Brisbane
483,2025-12-23,8,63,497598.87,7539.38,66,Budget,Sydney
484,2025-12-30,1,83,1056119.91,12280.46,86,Regular,Brisbane
485,2025-12-13,18,71,783325.66,10879.52,72,Regular,Brisbane
486,2025-12-27,4,66,545259.95,8018.53,68,Budget,Brisbane
487,2025-12-21,10,62,584719.72,8598.82,68,Budget,Melbourne
488,2025-12-29,2,74,874751.91,11072.81,79,Budget,Brisbane
489,2025-12-05,26,67,639936.86,9013.2,71,Regular,Adelaide
490,2025-12-02,29,78,541342.88,6522.2,83,Regular,Sydney
491,2025-12-23,8,74,669705.43,8697.47,77,Premium,Brisbane
492,2025-11-23,38,67,679113.07,9302.92,73,Regular,Brisbane
493,2025-12-23,8,67,587719.32,8517.67,69,Premium,Melbourne
494,2025-12-30,1,74,1123730.72,14406.8,78,Regular,Melbourne
495,2025-12-04,27,68,775157.72,10766.08,72,Regular,Adelaide
496,2025-12-14,17,61,438820.07,6751.08,65,Budget,Melbourne
497,2025-12-29,2,91,1021613.96,10868.23,94,Regular,Brisbane
498,2025-12-25,6,80,1369400.65,15386.52,89,Regular,Sydney
499,2025-12-26,5,68,546739.49,7810.56,70,Premium,Adelaide
500,2025-12-30,1,77,810127.08,10254.77,79,Regular,Brisbane
501,2025-12-31,0,62,841931.2,13579.54,62,Budget,Adelaide
502,2025-12-30,1,76,941282.11,11205.74,84,Budget,Brisbane
503,2025-12-28,3,60,785555.6,12085.47,65,Budget,Melbourne
504,2025-12-26,5,61,770682.42,11502.72,67,Budget,Melbourne
505,2025-12-27,4,66,705813.87,10379.62,68,Regular,Brisbane
506,2025-12-28,3,78,541058.83,6679.74,81,Regular,Adelaide
507,2025-12-28,3,68,960466.61,13720.95,70,Regular,Sydney
508,2025-12-28,3,68,986916.41,14303.14,69,Premium,Adelaide
509,2025-12-19,12,75,786225.1,10079.81,78,Regular,Adelaide
510,2025-12-31,0,66,324750.21,4847.02,67,Regular,Sydney
511,2025-12-25,6,92,1052576.73,10740.58,98,Budget,Sydney
512,2025-12-31,0,59,1044680.82,17411.35,60,Budget,Brisbane
513,2025-12-21,10,67,579682.68,8524.75,68,Regular,Adelaide
514,2025-12-27,4,65,886176.7,13426.92,66,Premium,Melbourne
515,2025-12-24,7,75,1239944.03,15499.3,80,Budget,Brisbane
516,2025-12-16,15,80,703384.38,8577.86,82,Regular,Adelaide
517,2025-12-27,4,64,613041.15,9149.87,67,Regular,Melbourne
518,2025-12-30,1,73,904990.72,11753.13,77,Budget,Sydney
519,2025-12-06,25,71,509438.08,7075.53,72,Regular,Adelaide
520,2025-12-31,0,72,1236719.63,16272.63,76,Premium,Melbourne
521,2025-12-26,5,64,764691.06,11948.3,64,Regular,Melbourne
522,2025-12-31,0,60,605139.11,9309.83,65,Budget,Melbourne
523,2025-12-28,3,65,841921.06,12565.99,67,Premium,Brisbane
524,2025-12-20,11,71,1062718.03,14759.97,72,Budget,Melbourne
525,2025-12-24,7,58,744039.34,12000.63,62,Premium,Brisbane
526,2025-12-26,5,68,2058228.69,29829.4,69,Budget,Brisbane
527,2025-12-06,25,59,876556.08,14856.88,59,Regular,Sydney
528,2025-12-30,1,66,964437.09,13777.67,70,Budget,Melbourne
529,2025-12-31,0,52,454024.72,8407.87,54,Budget,Sydney
530,2025-12-18,13,65,934938.8,14383.67,65,Premium,Sydney
531,2025-12-28,3,68,842033.79,11534.71,73,Budget,Adelaide
532,2025-12-30,1,68,579203.34,8274.33,70,Budget,Brisbane
533,2025-12-29,2,69,418729.74,5897.6,71,Budget,Brisbane
534,2025-12-29,2,74,772826.11,9660.33,80,Regular,Adelaide
535,2025-10-26,66,58,843904.81,14303.47,59,Regular,Brisbane
536,2025-12-21,10,76,607658.18,7790.49,78,Premium,Adelaide
537,2025-12-30,1,73,860615.27,11323.89,76,Budget,Brisbane
538,2025-12-27,4,63,840962.73,12551.68,67,Regular,Melbourne
539,2025-12-14,17,72,987037.79,12818.67,77,Budget,Brisbane
540,2025-12-23,8,72,941530.72,11918.11,79,Regular,Melbourne
541,2025-12-26,5,61,438420.19,6850.32,64,Premium,Adelaide
542,2025-12-21,10,75,487410.77,6498.81,75,Regular,Sydney
543,2025-12-26,5,92,1135663.67,12081.53,94,Regular,Adelaide
544,2025-12-27,4,69,871878.31,11943.54,73,Budget,Adelaide
545,2025-12-09,22,82,1062617.11,11939.52,89,Premium,Sydney
546,2025-12-18,13,77,563958.38,7049.48,80,Regular,Brisbane
547,2025-12-14,17,55,484932.17,8816.95,55,Budget,Adelaide
548,2025-12-29,2,83,618516.07,7192.05,86,Budget,Brisbane
549,2025-12-26,5,78,548518.04,6771.83,81,Budget,Melbourne
550,2025-10-31,61,69,934189.99,12455.87,75,Budget,Adelaide
551,2025-12-06,25,58,633555.73,10386.16,61,Budget,Brisbane
552,2025-12-28,3,72,521702.26,6864.5,76,Regular,Sydney
553,2025-12-16,15,74,552138.48,6989.09,79,Regular,Sydney
554,2025-12-09,22,59,679939.07,11524.39,59,Budget,Brisbane
555,2025-11-30,31,63,910709.41,12648.74,72,Regular,Melbourne
556,2025-12-02,29,61,840255.88,12731.15,66,Premium,Sydney
557,2025-12-29,2,71,970053.94,12934.05,75,Regular,Adelaide
558,2025-12-29,2,62,1093489.58,17356.98,63,Regular,Sydney
559,2025-12-10,21,74,1260643.77,15563.5,81,Budget,Sydney
560,2025-11-17,44,56,722103.13,12450.05,58,Premium,Melbourne
561,2025-12-20,11,61,879600.24,13327.28,66,Budget,Sydney
562,2025-12-23,8,58,963444.23,15794.17,61,Budget,Melbourne
563,2025-12-28,3,76,1384527.55,17525.67,79,Premium,Adelaide
564,2025-12-12,19,74,631545.81,8309.81,76,Regular,Adelaide
565,2025-12-21,10,74,830884.24,10790.7,77,Regular,Adelaide
566,2025-12-29,2,63,484568.84,7571.39,64,Regular,Melbourne
567,2025-12-27,4,86,787179.65,8746.44,90,Regular,Sydney
568,2025-12-22,9,69,764976.37,10337.52,74,Budget,Adelaide
569,2025-12-08,23,75,1399461.27,18413.96,76,Budget,Melbourne
570,2025-12-26,5,52,566476.54,10893.78,52,Budget,Brisbane
571,2025-12-28,3,71,668120.58,9152.34,73,Budget,Sydney
572,2025-12-27,4,60,514949.16,8441.79,61,Premium,Brisbane
573,2025-12-16,15,86,790540.41,8500.43,93,Budget,Brisbane
574,2025-12-25,6,72,858896.49,11301.27,76,Regular,Adelaide
575,2025-12-31,0,66,920959.79,13347.24,69,Regular,Sydney
576,2025-11-24,37,64,625469.56,9064.78,69,Regular,Melbourne
577,2025-12-20,11,80,535842.06,6455.93,83,Regular,Adelaide
578,2025-12-24,7,69,717167.19,9824.21,73,Regular,Melbourne
579,2025-11-19,42,59,838847.97,13751.61,61,Premium,Brisbane
580,2025-12-21,10,57,1032540.33,17802.42,58,Regular,Sydney
581,2025-12-18,13,70,1229360.65,17074.45,72,Regular,Brisbane
582,2025-12-22,9,63,364141.37,5277.41,69,Premium,Melbourne
583,2025-12-18,13,71,723122.89,9905.79,73,Regular,Brisbane
584,2025-12-31,0,78,747554.2,9006.68,83,Budget,Adelaide
585,2025-12-17,14,58,720830.73,11441.76,63,Regular,Brisbane
586,2025-11-24,37,62,477715.02,7349.46,65,Budget,Melbourne
587,2025-12-16,15,65,778528.25,11619.82,67,Regular,Sydney
588,2025-12-31,0,68,983908.97,14055.84,70,Premium,Melbourne
589,2025-12-27,4,67,950629.09,13777.23,69,Regular,Adelaide
590,2025-12-29,2,72,1011532.23,13136.78,77,Regular,Sydney
591,2025-12-17,14,69,447871.34,5893.04,76,Budget,Brisbane
592,2025-12-30,1,80,1089265.21,12814.88,85,Premium,Melbourne
593,2025-12-27,4,64,691150.33,10163.98,68,Budget,Melbourne
594,2025-12-28,3,61,673111.4,10517.37,64,Budget,Brisbane
595,2025-12-21,10,78,1387255.5,16514.95,84,Budget,Melbourne
596,2025-12-21,10,78,1016439.12,12100.47,84,Budget,Melbourne
597,2025-12-25,6,70,518241.29,7099.2,73,Regular,Brisbane
598,2025-12-14,17,69,760891.36,10145.22,75,Regular,Adelaide
599,2025-12-29,2,78,628767.95,7227.22,87,Budget,Adelaide
600,2025-12-31,0,62,700593.85,10778.37,65,Budget,Brisbane
601,2025-12-30,1,68,812246.16,11126.66,73,Budget,Brisbane
602,2025-12-19,12,67,779123.87,10528.7,74,Budget,Adelaide
603,2025-12-31,0,68,1029329.58,14704.71,70,Budget,Melbourne
604,2025-12-22,9,61,496472.75,8007.63,62,Regular,Melbourne
605,2025-12-29,2,57,820923.56,13682.06,60,Budget,Melbourne
606,2025-12-24,7,76,1137624.8,14044.75,81,Budget,Brisbane
607,2025-12-31,0,79,870926.06,10752.17,81,Budget,Brisbane
608,2025-12-28,3,71,569352.06,7799.34,73,Regular,Sydney
609,2025-12-15,16,57,801074.5,13577.53,59,Budget,Adelaide
610,2025-12-24,7,61,710245.84,10761.3,66,Budget,Melbourne
611,2025-12-09,22,73,1038618.85,13848.25,75,Premium,Adelaide
612,2025-12-27,4,72,853551.39,11534.48,74,Budget,Brisbane
613,2025-12-31,0,70,1228634.38,16603.17,74,Regular,Adelaide
614,2025-12-19,12,59,1133783.64,17996.57,63,Regular,Brisbane
615,2025-12-23,8,69,610623.49,8251.67,74,Budget,Brisbane
616,2025-12-24,7,70,1167712.61,16218.23,72,Regular,Sydney
617,2025-12-24,7,59,704700.27,11185.72,63,Regular,Melbourne
618,2025-12-30,1,69,1205410.55,17220.15,70,Regular,Adelaide
619,2025-12-14,17,77,815276.65,10065.14,81,Budget,Melbourne
620,2025-12-26,5,71,1033776.99,13425.68,77,Budget,Sydney
621,2025-12-30,1,64,475030.33,6985.74,68,Budget,Sydney
622,2025-12-22,9,71,970651.24,12942.02,75,Regular,Brisbane
623,2025-12-12,19,47,718567.88,14664.65,49,Regular,Brisbane
624,2025-12-28,3,68,494067.08,6862.04,72,Budget,Adelaide
625,2025-12-31,0,73,1051584.39,13836.64,76,Budget,Adelaide
626,2025-12-31,0,71,817530.43,10617.28,77,Premium,Brisbane
627,2025-12-15,16,62,1140576.73,17821.51,64,Budget,Brisbane
628,2025-12-31,0,68,660570.62,8926.63,74,Regular,Adelaide
629,2025-12-29,2,72,688764.84,9183.53,75,Regular,Sydney
630,2025-12-20,11,66,878417.95,12548.83,70,Budget,Brisbane
631,2025-12-29,2,72,656509.9,8310.25,79,Budget,Melbourne
632,2025-11-30,31,55,838326.41,14453.9,58,Budget,Adelaide
633,2025-12-30,1,81,634081.82,7205.48,88,Premium,Adelaide
634,2025-12-31,0,69,1236777.86,16942.16,73,Budget,Brisbane
635,2025-12-31,0,59,736910.31,11337.08,65,Budget,Brisbane
636,2025-12-22,9,86,1009685.63,11344.78,89,Budget,Brisbane
637,2025-11-27,34,74,782645.99,9783.07,80,Budget,Brisbane
638,2025-12-31,0,67,1226026.84,16131.93,76,Regular,Sydney
639,2025-12-17,14,67,796209.95,11374.43,70,Budget,Melbourne
640,2025-12-26,5,69,622543.13,8893.47,70,Regular,Brisbane
641,2025-12-28,3,75,839968.42,10632.51,79,Regular,Brisbane
642,2025-12-29,2,73,1097776.25,14637.02,75,Regular,Sydney
643,2025-12-24,7,57,711150.41,11852.51,60,Budget,Adelaide
644,2025-12-24,7,67,1074556.35,15350.81,70,Premium,Adelaide
645,2025-12-02,29,60,912743.51,13829.45,66,Regular,Brisbane
646,2025-12-24,7,71,692661.68,9113.97,76,Budget,Sydney
647,2025-12-16,15,67,443907.55,6433.44,69,Regular,Adelaide
648,2025-12-24,7,81,924856.28,11417.98,81,Premium,Sydney
649,2025-12-27,4,74,1394323.18,18108.09,77,Budget,Melbourne
650,2025-12-29,2,60,599317.27,9364.33,64,Premium,Adelaide
651,2025-12-08,23,75,804428.18,9931.21,81,Regular,Brisbane
652,2025-12-24,7,64,300784.95,4557.35,66,Regular,Sydney
653,2025-12-27,4,65,1312899.71,19027.53,69,Premium,Sydney
654,2025-12-29,2,67,880649.87,12063.7,73,Budget,Melbourne
655,2025-12-21,10,78,817903.07,9736.94,84,Regular,Brisbane
656,2025-12-29,2,54,478265.46,8540.45,56,Budget,Brisbane
657,2025-12-23,8,76,1108349.47,13516.46,82,Regular,Sydney
658,2025-12-30,1,76,752785.47,9528.93,79,Regular,Sydney
659,2025-12-26,5,63,558517.02,7978.81,70,Budget,Brisbane
660,2025-12-21,10,60,730751.11,11786.31,62,Regular,Sydney
661,2025-11-16,45,71,1063913.8,13817.06,77,Budget,Sydney
662,2025-12-31,0,65,758055.69,11314.26,67,Budget,Melbourne
663,2025-12-31,0,67,765645.61,10937.79,70,Budget,Brisbane
664,2025-12-22,9,66,578870.33,8269.58,70,Budget,Sydney
665,2025-12-23,8,67,536700.3,7352.06,73,Budget,Sydney
666,2025-12-20,11,86,712591.23,7830.67,91,Budget,Sydney
667,2025-12-21,10,69,534107.77,7027.73,76,Regular,Melbourne
668,2025-12-28,3,72,877726.02,11252.9,78,Regular,Sydney
669,2025-12-26,5,88,1415967.42,15390.95,92,Regular,Sydney
670,2025-12-12,19,65,654262.04,9621.5,68,Budget,Melbourne
671,2025-12-26,5,60,1160661.82,18423.2,63,Premium,Sydney
672,2025-12-30,1,62,768665.93,12201.05,63,Regular,Melbourne
673,2025-12-15,16,59,669952.55,10805.69,62,Budget,Brisbane
674,2025-12-26,5,60,641097.7,10176.15,63,Budget,Sydney
675,2025-12-26,5,66,353704.59,4981.75,71,Regular,Brisbane
676,2025-12-03,28,70,1095758.1,14807.54,74,Budget,Brisbane
677,2025-12-07,24,61,971326.66,14717.07,66,Regular,Brisbane
678,2025-12-28,3,77,1146020.67,14506.59,79,Premium,Brisbane
679,2025-12-28,3,61,413582.04,6266.39,66,Budget,Adelaide
680,2025-12-29,2,81,1236676.21,14722.34,84,Budget,Sydney
681,2025-12-26,5,65,591122.83,8692.98,68,Premium,Sydney
682,2025-12-30,1,64,775481.45,11574.35,67,Regular,Melbourne
683,2025-12-28,3,69,837887.57,11477.91,73,Budget,Brisbane
684,2025-12-25,6,61,501207.52,7480.71,67,Premium,Adelaide
685,2025-12-25,6,68,1015826.58,13727.39,74,Premium,Adelaide
686,2025-12-30,1,56,477462.86,8092.59,59,Regular,Brisbane
687,2025-12-29,2,67,822892.41,11755.61,70,Regular,Melbourne
688,2025-12-30,1,67,593026.68,8720.98,68,Budget,Melbourne
689,2025-12-27,4,56,340623.61,5872.82,58,Budget,Sydney
690,2025-12-28,3,72,537648.88,7168.65,75,Regular,Melbourne
691,2025-12-31,0,58,677194.64,10749.12,63,Budget,Brisbane
692,2025-12-30,1,68,459809.15,6476.19,71,Regular,Sydney
693,2025-12-21,10,62,580189.68,8659.55,67,Regular,Adelaide
694,2025-12-14,17,66,1160732.88,17069.6,68,Budget,Adelaide
695,2025-12-22,9,56,595038.18,10259.28,58,Regular,Melbourne
696,2025-12-31,0,65,972235.71,14090.37,69,Budget,Adelaide
697,2025-12-25,6,66,540124.29,7501.73,72,Premium,Sydney
698,2025-12-26,5,80,945836.7,11259.96,84,Budget,Adelaide
699,2025-12-28,3,64,626738.01,9792.78,64,Regular,Adelaide
700,2025-12-31,0,50,475644.24,8974.42,53,Regular,Sydney
701,2025-12-27,4,62,1152216.27,17197.26,67,Budget,Brisbane
702,2025-12-23,8,64,240393.79,3587.97,67,Regular,Melbourne
703,2025-12-21,10,71,470583.72,6535.89,72,Regular,Adelaide
704,2025-12-14,17,59,545308.92,8655.7,63,Regular,Sydney
705,2025-12-21,10,71,873942.67,11810.04,74,Regular,Sydney
706,2025-12-30,1,69,726886.92,10095.65,72,Premium,Melbourne
707,2025-12-20,11,60,797077.83,13066.85,61,Regular,Sydney
708,2025-12-31,0,68,626577.54,8825.04,71,Regular,Melbourne
709,2025-12-29,2,67,930549.02,13888.79,67,Budget,Brisbane
710,2025-12-31,0,66,881615.68,12964.94,68,Regular,Brisbane
711,2025-12-23,8,71,891732.06,12050.43,74,Regular,Brisbane
712,2025-12-30,1,59,910183.35,14680.38,62,Regular,Sydney
713,2025-12-10,21,62,655258.36,10238.41,64,Budget,Sydney
714,2025-12-19,12,48,427997.12,8392.1,51,Premium,Adelaide
715,2025-12-27,4,77,778203.97,9727.55,80,Budget,Melbourne
716,2025-12-24,7,77,1267702.6,15459.79,82,Regular,Sydney
717,2025-12-30,1,63,769328.67,11482.52,67,Budget,Melbourne
718,2025-12-24,7,83,761251.06,8750.01,87,Premium,Sydney
719,2025-12-23,8,58,372265.62,6204.43,60,Budget,Melbourne
720,2025-12-15,16,70,797774.92,11080.21,72,Budget,Adelaide
721,2025-12-30,1,66,468537.06,6890.25,68,Premium,Melbourne
722,2025-12-08,23,61,580137.12,8789.96,66,Premium,Brisbane
723,2025-12-31,0,92,997253.35,10388.06,96,Budget,Melbourne
724,2025-12-31,0,68,1031530.51,14326.81,72,Regular,Melbourne
725,2025-12-25,6,67,510938.92,6999.16,73,Regular,Brisbane
726,2025-12-28,3,77,1220860.32,14709.16,83,Premium,Brisbane
727,2025-12-27,4,72,492994.06,6402.52,77,Budget,Melbourne
728,2025-12-10,21,68,1074537.06,14520.77,74,Regular,Sydney
729,2025-12-19,12,80,1063260.76,12966.59,82,Regular,Adelaide
730,2025-12-24,7,60,631886.53,9721.33,65,Regular,Sydney
731,2025-12-09,22,60,677167.61,10417.96,65,Regular,Adelaide
732,2025-12-28,3,62,601936.15,9405.25,64,Regular,Melbourne
733,2025-12-27,4,61,617011.93,9492.49,65,Budget,Adelaide
734,2025-12-16,15,64,449920.04,6715.22,67,Premium,Melbourne
735,2025-12-30,1,67,857768.9,12253.84,70,Premium,Brisbane
736,2025-12-23,8,77,898065.92,11087.23,81,Regular,Brisbane
737,2025-12-12,19,58,842102.16,14035.04,60,Budget,Melbourne
738,2025-12-23,8,52,707683.42,13105.25,54,Budget,Sydney
739,2025-12-24,7,66,869096.37,12240.79,71,Regular,Brisbane
740,2025-12-21,10,71,531035.9,7274.46,73,Budget,Brisbane
741,2025-12-27,4,66,901382.58,13255.63,68,Premium,Melbourne
742,2025-12-21,10,79,975101.08,11338.38,86,Budget,Adelaide
743,2025-12-10,21,67,656397.15,9513.0,69,Regular,Brisbane
744,2025-12-15,16,79,861971.61,10511.85,82,Premium,Sydney
745,2025-12-26,5,62,640279.58,10163.17,63,Budget,Adelaide
746,2025-12-27,4,78,969682.96,11971.39,81,Budget,Sydney
747,2025-12-10,21,70,970321.18,13112.45,74,Regular,Brisbane
748,2025-12-10,21,73,955451.32,12249.38,78,Regular,Melbourne
749,2025-12-21,10,57,871218.58,13828.87,63,Regular,Brisbane
750,2025-11-27,34,60,972561.6,14735.78,66,Regular,Adelaide
751,2025-12-27,4,76,953492.41,12383.02,77,Premium,Brisbane
752,2025-12-29,2,71,657165.26,9127.3,72,Regular,Brisbane
753,2025-12-23,8,72,819462.94,10782.41,76,Budget,Adelaide
754,2025-12-20,11,59,429584.18,7281.09,59,Budget,Brisbane
755,2025-12-30,1,65,830325.21,12033.7,69,Budget,Adelaide
756,2025-12-31,0,79,835891.53,10448.64,80,Budget,Melbourne
757,2025-12-29,2,69,901123.11,12177.34,74,Budget,Sydney
758,2025-12-20,11,66,726657.26,10845.63,67,Regular,Sydney
759,2025-12-31,0,82,731450.96,8407.48,87,Budget,Brisbane
760,2025-12-27,4,70,785064.56,10329.8,76,Premium,Brisbane
761,2025-12-29,2,62,813098.65,12135.8,67,Budget,Sydney
762,2025-12-31,0,74,915656.2,12048.11,76,Budget,Sydney
763,2025-12-19,12,77,523455.24,6798.12,77,Regular,Adelaide
764,2025-12-28,3,77,965953.27,11499.44,84,Premium,Brisbane
765,2025-12-23,8,69,917432.13,12742.11,72,Budget,Adelaide
766,2025-12-04,27,73,1065816.17,14600.22,73,Budget,Sydney
767,2025-12-26,5,82,930246.53,10816.82,86,Budget,Sydney
768,2025-12-31,0,74,931493.8,12256.5,76,Regular,Melbourne
769,2025-12-22,9,83,1099563.36,12495.04,88,Regular,Adelaide
770,2025-12-07,24,69,404008.96,5771.56,70,Budget,Brisbane
771,2025-12-27,4,79,1254359.88,15297.07,82,Budget,Adelaide
772,2025-12-26,5,78,533073.03,6422.57,83,Regular,Melbourne
773,2025-12-25,6,84,1172579.51,13175.05,89,Premium,Melbourne
774,2025-12-07,24,64,832126.62,11720.09,71,Regular,Brisbane
775,2025-12-22,9,61,955310.69,15163.66,63,Regular,Adelaide
776,2025-12-27,4,71,766844.1,10362.76,74,Budget,Melbourne
777,2025-12-17,14,49,635668.45,11771.64,54,Budget,Brisbane
778,2025-11-27,34,72,764337.8,10470.38,73,Budget,Adelaide
779,2025-12-31,0,75,929359.79,11617.0,80,Regular,Melbourne
780,2025-12-26,5,65,1093928.56,16087.18,68,Premium,Adelaide
781,2025-12-02,29,69,553367.15,7580.37,73,Premium,Brisbane
782,2025-12-20,11,80,1059482.69,12464.5,85,Premium,Adelaide
783,2025-12-29,2,82,802064.83,9663.43,83,Premium,Melbourne
784,2025-12-15,16,71,936136.93,12001.76,78,Premium,Brisbane
785,2025-12-04,27,75,875985.8,11230.59,78,Budget,Melbourne
786,2025-12-13,18,73,602493.3,7927.54,76,Budget,Brisbane
787,2025-12-28,3,79,1044801.84,13225.34,79,Budget,Melbourne
788,2025-12-09,22,58,423454.16,7057.57,60,Regular,Brisbane
789,2025-12-24,7,56,612229.73,10376.78,59,Budget,Adelaide
790,2025-11-02,59,61,486010.22,7714.45,63,Regular,Melbourne
791,2025-11-29,32,68,647267.12,9116.44,71,Regular,Melbourne
792,2025-12-25,6,90,792823.13,8173.43,97,Regular,Melbourne
793,2025-12-06,25,94,1737002.91,17370.03,100,Budget,Brisbane
794,2025-12-09,22,62,563056.0,8531.15,66,Budget,Brisbane
795,2025-12-31,0,65,810798.53,12284.83,66,Budget,Brisbane
796,2025-12-02,29,58,513403.67,8556.73,60,Premium,Sydney
797,2025-12-20,11,69,528282.13,7337.25,72,Regular,Sydney
798,2025-12-25,6,75,496432.46,6128.8,81,Regular,Sydney
799,2025-12-07,24,67,711312.27,9879.34,72,Budget,Adelaide
800,2025-12-27,4,65,805385.4,12202.81,66,Budget,Adelaide
801,2025-12-22,9,71,919492.74,12950.6,71,Regular,Sydney
802,2025-12-30,1,67,985536.76,14283.14,69,Regular,Sydney
803,2025-12-30,1,78,1290892.15,15936.94,81,Regular,Adelaide
804,2025-12-09,22,65,686224.83,10091.54,68,Budget,Brisbane
805,2025-12-19,12,63,1290689.54,20167.02,64,Premium,Melbourne
806,2025-12-22,9,65,499611.96,7456.89,67,Budget,Brisbane
807,2025-12-25,6,68,809161.91,11726.98,69,Premium,Sydney
808,2025-12-30,1,81,1097360.71,13063.82,84,Budget,Sydney
809,2025-12-27,4,61,765884.35,11966.94,64,Budget,Melbourne
810,2025-12-29,2,75,907171.68,11630.41,78,Regular,Adelaide
811,2025-12-13,18,63,901584.9,13660.38,66,Budget,Adelaide
812,2025-12-31,0,65,484913.52,7131.08,68,Regular,Sydney
813,2025-12-30,1,72,1074914.63,14724.86,73,Regular,Brisbane
814,2025-12-26,5,63,519396.77,7869.65,66,Budget,Adelaide
815,2025-12-14,17,68,789102.76,10809.63,73,Regular,Adelaide
816,2025-12-27,4,63,1000217.35,15628.4,64,Premium,Adelaide
817,2025-12-29,2,61,798532.36,12675.12,63,Premium,Sydney
818,2025-12-26,5,63,447234.01,6988.03,64,Budget,Sydney
819,2025-12-22,9,66,818416.87,11691.67,70,Regular,Sydney
820,2025-12-16,15,62,857936.44,13618.04,63,Budget,Sydney
821,2025-12-28,3,74,709347.95,9094.2,78,Budget,Sydney
822,2025-12-30,1,65,717938.38,10557.92,68,Budget,Melbourne
823,2025-12-31,0,72,1121041.51,15149.21,74,Premium,Brisbane
824,2025-12-20,11,66,615360.03,8790.86,70,Premium,Melbourne
825,2025-12-22,9,68,716714.51,9685.33,74,Regular,Melbourne
826,2025-12-29,2,72,747407.56,9834.31,76,Regular,Sydney
827,2025-12-23,8,60,838674.72,13527.01,62,Regular,Sydney
828,2025-12-25,6,52,448887.36,8312.73,54,Regular,Adelaide
829,2025-12-31,0,86,990794.25,11008.83,90,Regular,Brisbane
830,2025-12-30,1,52,424736.41,7865.49,54,Regular,Sydney
831,2025-12-26,5,56,509970.94,9106.62,56,Budget,Adelaide
832,2025-12-26,5,73,619557.74,8152.08,76,Budget,Adelaide
833,2025-12-23,8,66,610714.01,9253.24,66,Premium,Adelaide
834,2025-12-18,13,71,715540.46,9801.92,73,Regular,Sydney
835,2025-12-22,9,67,707415.23,10105.93,70,Premium,Brisbane
836,2025-12-19,12,62,795784.56,12631.5,63,Budget,Adelaide
837,2025-12-31,0,66,882752.97,12793.52,69,Regular,Adelaide
838,2025-12-06,25,60,550432.62,8737.03,63,Budget,Sydney
839,2025-12-21,10,69,1345954.51,18693.81,72,Budget,Adelaide
840,2025-12-15,16,52,567358.6,10704.88,53,Budget,Melbourne
841,2025-12-31,0,80,910926.71,11246.01,81,Budget,Melbourne
842,2025-12-26,5,70,766335.73,10643.55,72,Premium,Brisbane
843,2025-12-23,8,74,510453.04,6380.66,80,Budget,Adelaide
844,2025-12-25,6,70,685970.15,9269.87,74,Regular,Sydney
845,2025-12-31,0,57,531589.11,8574.02,62,Regular,Brisbane
846,2025-12-21,10,74,1375194.99,17859.68,77,Regular,Adelaide
847,2025-12-24,7,63,662161.35,9883.01,67,Regular,Brisbane
848,2025-12-26,5,85,945958.26,10282.16,92,Budget,Melbourne
849,2025-12-12,19,71,1498359.73,18966.58,79,Premium,Sydney
850,2025-12-05,26,66,413483.77,6264.91,66,Regular,Brisbane
851,2025-12-20,11,64,945759.85,13510.86,70,Regular,Brisbane
852,2025-12-28,3,72,855775.98,11113.97,77,Regular,Brisbane
853,2025-12-27,4,65,771891.76,11520.77,67,Budget,Adelaide
854,2025-12-25,6,62,1222045.4,18800.7,65,Premium,Brisbane
855,2025-12-27,4,55,565635.84,9427.26,60,Budget,Brisbane
856,2025-12-31,0,76,1104739.52,13310.11,83,Budget,Sydney
857,2025-12-16,15,70,1003221.07,13742.75,73,Budget,Brisbane
858,2025-12-28,3,70,610965.2,8728.07,70,Regular,Sydney
859,2025-12-31,0,68,771069.33,10860.13,71,Regular,Brisbane
860,2025-12-25,6,64,872454.43,13422.38,65,Regular,Sydney
861,2025-12-27,4,58,520117.0,8668.62,60,Regular,Adelaide
862,2025-12-27,4,80,580161.36,7075.14,82,Budget,Melbourne
863,2025-12-12,19,70,563434.69,7718.28,73,Premium,Melbourne
864,2025-12-23,8,57,797066.83,13983.63,57,Regular,Sydney
865,2025-12-15,16,74,446027.37,6027.4,74,Regular,Sydney
866,2025-12-30,1,84,579620.09,6739.77,86,Budget,Adelaide
867,2025-12-12,19,60,507285.63,7926.34,64,Premium,Melbourne
868,2025-12-31,0,80,787250.46,9484.95,83,Budget,Brisbane
869,2025-12-12,19,60,620562.87,9262.13,67,Budget,Adelaide
870,2025-12-26,5,64,1127961.12,15886.78,71,Regular,Brisbane
871,2025-12-29,2,67,807848.01,11540.69,70,Budget,Sydney
872,2025-12-19,12,59,413842.74,6674.88,62,Budget,Melbourne
873,2025-12-28,3,74,487999.86,6506.66,75,Regular,Melbourne
874,2025-12-16,15,59,1027521.94,16572.93,62,Budget,Melbourne
875,2025-12-27,4,72,1072652.94,13930.56,77,Premium,Sydney
876,2025-12-16,15,73,748893.17,10120.18,74,Budget,Brisbane
877,2025-12-28,3,58,863794.85,13932.17,62,Regular,Melbourne
878,2025-12-21,10,66,840053.57,12174.69,69,Regular,Melbourne
879,2025-12-25,6,69,868717.39,11900.24,73,Regular,Melbourne
880,2025-12-26,5,58,687596.16,11090.26,62,Regular,Melbourne
881,2025-12-31,0,61,666718.93,10417.48,64,Regular,Sydney
882,2025-12-30,1,75,948275.38,12003.49,79,Premium,Melbourne
883,2025-12-31,0,76,659101.04,8343.05,79,Budget,Adelaide
884,2025-12-04,27,64,751294.99,11383.26,66,Budget,Brisbane
885,2025-12-10,21,77,779202.75,9502.47,82,Regular,Brisbane
886,2025-12-31,0,56,1047717.64,18064.1,58,Regular,Adelaide
887,2025-12-20,11,65,898383.17,13020.05,69,Budget,Brisbane
888,2025-12-24,7,83,617641.04,6862.68,90,Regular,Sydney
889,2025-12-21,10,71,693940.11,9012.21,77,Premium,Melbourne
890,2025-12-10,21,61,597048.81,9046.19,66,Regular,Melbourne
891,2025-12-31,0,56,1212207.39,20203.46,60,Premium,Melbourne
892,2025-12-01,30,65,737183.74,10382.87,71,Regular,Sydney
893,2025-12-20,11,58,656288.73,10254.51,64,Regular,Sydney
894,2025-12-28,3,85,731069.47,8500.81,86,Budget,Melbourne
895,2025-12-31,0,80,739046.56,8694.67,85,Premium,Adelaide
896,2025-12-22,9,68,1029870.37,14925.66,69,Budget,Brisbane
897,2025-11-13,48,52,454966.22,8584.27,53,Regular,Adelaide
898,2025-12-25,6,70,931954.08,12593.97,74,Regular,Sydney
899,2025-12-30,1,63,573008.64,8552.37,67,Regular,Melbourne
900,2025-12-26,5,64,434871.06,6395.16,68,Regular,Brisbane
901,2025-12-24,7,71,819953.21,11080.45,74,Regular,Melbourne
902,2025-12-31,0,65,1284059.87,18883.23,68,Premium,Melbourne
903,2025-12-29,2,64,543409.39,8360.14,65,Regular,Melbourne
904,2025-12-27,4,75,991095.58,12545.51,79,Regular,Sydney
905,2025-12-30,1,71,1218230.23,16243.07,75,Budget,Adelaide
906,2025-12-30,1,73,898215.25,11976.2,75,Regular,Adelaide
907,2025-12-16,15,66,611875.05,8867.75,69,Regular,Sydney
908,2025-12-27,4,73,776401.55,10215.81,76,Budget,Melbourne
909,2025-12-22,9,60,468109.31,7314.21,64,Budget,Brisbane
910,2025-12-24,7,70,422669.47,5711.75,74,Regular,Adelaide
911,2025-12-23,8,62,1050580.61,16162.78,65,Regular,Adelaide
912,2025-11-08,53,71,889428.08,11402.92,78,Regular,Melbourne
913,2025-12-27,4,81,964172.95,11082.45,87,Budget,Brisbane
914,2025-12-26,5,66,871536.17,12816.71,68,Budget,Adelaide
915,2025-12-30,1,83,1007873.81,10722.06,94,Budget,Adelaide
916,2025-12-28,3,65,591785.61,9104.39,65,Regular,Melbourne
917,2025-12-22,9,66,1077838.49,15850.57,68,Premium,Adelaide
918,2025-12-27,4,62,1331893.04,20180.2,66,Budget,Melbourne
919,2025-12-30,1,55,604456.56,10793.87,56,Regular,Sydney
920,2025-12-07,24,59,1034208.4,16159.51,64,Budget,Adelaide
921,2025-12-28,3,72,628987.61,8499.83,74,Budget,Adelaide
922,2025-12-05,26,54,435038.61,7632.26,57,Budget,Melbourne
923,2025-12-29,2,74,477620.01,6284.47,76,Budget,Melbourne
924,2025-12-29,2,68,1021897.51,14810.11,69,Regular,Melbourne
925,2025-12-25,6,60,552133.78,8764.03,63,Premium,Sydney
926,2025-12-29,2,76,1148135.88,14533.37,79,Budget,Adelaide
927,2025-12-31,0,71,1069155.23,14255.4,75,Regular,Sydney
928,2025-12-29,2,78,951768.4,11467.09,83,Regular,Brisbane
929,2025-12-31,0,59,818399.14,13199.99,62,Premium,Sydney
930,2025-12-21,10,69,374233.11,5126.48,73,Regular,Brisbane
931,2025-12-29,2,67,671881.2,9331.68,72,Budget,Adelaide
932,2025-12-20,11,81,750551.72,8830.02,85,Regular,Brisbane
933,2025-12-23,8,63,893405.57,14181.04,63,Budget,Brisbane
934,2025-12-21,10,68,702473.54,9893.99,71,Premium,Adelaide
935,2025-12-31,0,68,569534.79,7801.85,73,Budget,Adelaide
936,2025-12-24,7,46,410189.71,8371.22,49,Regular,Adelaide
937,2025-12-20,11,67,620821.72,8743.97,71,Budget,Sydney
938,2025-12-31,0,63,407886.76,6275.18,65,Regular,Brisbane
939,2025-12-22,9,69,827902.39,11341.13,73,Premium,Adelaide
940,2025-12-31,0,65,809461.03,12264.56,66,Regular,Melbourne
941,2025-12-27,4,74,1043074.97,13546.43,77,Regular,Brisbane
942,2025-12-25,6,63,1236687.37,18737.69,66,Premium,Sydney
943,2025-12-24,7,81,1005237.82,12111.3,83,Premium,Adelaide
944,2025-12-16,15,64,640636.76,9151.95,70,Budget,Brisbane
945,2025-11-20,41,72,631796.24,8205.15,77,Regular,Brisbane
946,2025-11-21,40,74,668079.01,8676.35,77,Regular,Adelaide
947,2025-12-31,0,72,799733.83,10807.21,74,Regular,Sydney
948,2025-12-15,16,75,744321.85,9666.52,77,Budget,Melbourne
949,2025-12-27,4,63,583912.26,8715.11,67,Budget,Adelaide
950,2025-12-26,5,71,821999.68,10675.32,77,Premium,Sydney
951,2025-12-17,14,67,783915.73,11198.8,70,Premium,Adelaide
952,2025-12-27,4,73,771240.4,10147.9,76,Regular,Melbourne
953,2025-12-25,6,61,759886.47,11513.43,66,Premium,Brisbane
954,2025-12-28,3,60,862505.51,13911.38,62,Regular,Brisbane
955,2025-11-23,38,65,683623.74,10053.29,68,Regular,Brisbane
956,2025-12-31,0,68,1052748.58,15481.6,68,Regular,Adelaide
957,2025-12-19,12,66,856370.0,12593.68,68,Regular,Melbourne
958,2025-12-26,5,74,905963.47,12079.51,75,Regular,Sydney
959,2025-12-30,1,64,472464.92,7268.69,65,Budget,Melbourne
960,2025-12-22,9,71,1179160.1,15313.77,77,Regular,Brisbane
961,2025-12-11,20,74,813360.15,10041.48,81,Budget,Adelaide
962,2025-12-22,9,62,889384.82,13896.64,64,Budget,Adelaide
963,2025-12-23,8,71,819333.79,10924.45,75,Regular,Melbourne
964,2025-12-14,17,67,765674.79,10938.21,70,Regular,Adelaide
965,2025-12-28,3,59,464883.09,7379.1,63,Budget,Sydney
966,2025-12-19,12,66,659378.56,9556.21,69,Regular,Sydney
967,2025-12-22,9,50,963257.53,18524.18,52,Premium,Sydney
968,2025-12-26,5,58,651813.73,10513.12,62,Budget,Adelaide
969,2025-12-26,5,63,690461.1,10153.84,68,Budget,Sydney
970,2025-12-20,11,69,1004615.26,14149.51,71,Budget,Brisbane
971,2025-12-19,12,64,928969.95,13271.0,70,Regular,Adelaide
972,2025-12-21,10,62,664135.96,10377.12,64,Regular,Adelaide
973,2025-12-31,0,69,652841.01,8943.03,73,Budget,Adelaide
974,2025-12-30,1,77,839078.99,10621.25,79,Regular,Sydney
975,2025-12-31,0,78,970806.52,12288.69,79,Budget,Melbourne
976,2025-12-30,1,69,1015758.59,13365.24,76,Budget,Brisbane
977,2025-11-12,49,67,642881.61,8928.91,72,Premium,Brisbane
978,2025-12-19,12,67,763928.81,10185.72,75,Budget,Brisbane
979,2025-12-28,3,66,1140506.2,15840.36,72,Budget,Brisbane
980,2025-12-29,2,63,1021118.04,15016.44,68,Regular,Melbourne
981,2025-12-28,3,67,832389.71,12063.62,69,Regular,Sydney
982,2025-12-22,9,64,339636.35,5225.17,65,Premium,Melbourne
983,2025-12-12,19,61,696155.0,10710.08,65,Premium,Melbourne
984,2025-12-14,17,71,693438.77,9245.85,75,Budget,Brisbane
985,2025-12-25,6,62,977983.67,13774.42,71,Budget,Adelaide
986,2025-12-23,8,73,1386461.02,17775.14,78,Regular,Brisbane
987,2025-11-30,31,77,320848.28,4113.44,78,Budget,Brisbane
988,2025-11-28,33,74,845811.63,10984.57,77,Premium,Sydney
989,2025-12-15,16,58,480932.4,8151.4,59,Regular,Brisbane
990,2025-12-14,17,69,580076.67,7946.26,73,Budget,Melbourne
991,2025-12-23,8,62,747535.44,11680.24,64,Regular,Sydney
992,2025-12-31,0,75,659732.85,7948.59,83,Budget,Sydney
993,2025-12-15,16,71,1029971.54,14109.2,73,Regular,Adelaide
994,2025-12-28,3,64,802783.64,11634.55,69,Regular,Adelaide
995,2025-12-30,1,68,958572.41,13313.51,72,Regular,Brisbane
996,2025-12-28,3,69,957025.08,13292.01,72,Regular,Adelaide
997,2025-12-31,0,84,1044261.12,12003.0,87,Regular,Sydney
998,2025-12-14,17,62,817725.19,12580.39,65,Premium,Melbourne
999,2025-12-19,12,72,324277.81,4382.13,74,Premium,Adelaide
1000,2025-12-30,1,63,975400.43,14344.12,68,Regular,Sydney
1001,2025-12-18,13,79,878051.52,10452.99,84,Budget,Brisbane
1002,2025-12-12,19,64,827779.75,12542.12,66,Regular,Sydney
1003,2025-12-19,12,67,1092518.61,15387.59,71,Premium,Melbourne
1004,2025-12-30,1,78,732044.32,8927.37,82,Budget,Melbourne
1005,2025-12-20,11,79,1229624.7,14638.39,84,Regular,Melbourne
1006,2025-12-30,1,72,624263.15,8551.55,73,Regular,Adelaide
1007,2025-12-12,19,64,1098615.35,16397.24,67,Budget,Adelaide
1008,2025-12-24,7,78,1376657.78,16388.78,84,Regular,Brisbane
1009,2025-12-20,11,60,971454.6,15178.98,64,Budget,Brisbane
1010,2025-12-15,16,61,521731.47,8152.05,64,Regular,Sydney
1011,2025-12-13,18,68,582344.53,8319.21,70,Regular,Sydney
1012,2025-12-25,6,82,836444.15,10200.54,82,Regular,Sydney
1013,2025-12-17,14,63,487222.23,6766.98,72,Regular,Adelaide
1014,2025-12-28,3,70,627338.82,8364.52,75,Budget,Sydney
1015,2025-12-29,2,90,1269918.52,13091.94,97,Regular,Melbourne
1016,2025-12-29,2,77,665792.05,8535.8,78,Regular,Adelaide
1017,2025-12-27,4,60,1134796.19,18012.64,63,Regular,Brisbane
1018,2025-12-26,5,65,447107.38,6387.25,70,Premium,Brisbane
1019,2025-12-24,7,63,684557.29,10696.21,64,Budget,Sydney
1020,2025-12-31,0,66,431266.64,6250.24,69,Premium,Brisbane
1021,2025-12-13,18,64,890370.22,12719.57,70,Budget,Brisbane
1022,2025-12-25,6,60,791264.81,12971.55,61,Budget,Melbourne
1023,2025-12-29,2,72,1063331.54,13632.46,78,Regular,Brisbane
1024,2025-12-07,24,67,626857.45,8955.11,70,Budget,Adelaide
1025,2025-12-16,15,63,339500.94,5223.09,65,Budget,Melbourne
1026,2025-12-24,7,60,727936.92,11740.92,62,Budget,Melbourne
1027,2025-12-20,11,68,771922.06,10872.14,71,Regular,Melbourne
1028,2025-12-26,5,77,1072602.19,13407.53,80,Regular,Adelaide
1029,2025-11-29,32,55,505320.83,8150.34,62,Budget,Sydney
1030,2025-12-16,15,66,1118045.43,16441.84,68,Regular,Adelaide
1031,2025-12-25,6,66,1207776.04,18299.64,66,Regular,Adelaide
1032,2025-12-29,2,77,935112.56,11544.6,81,Budget,Melbourne
1033,2025-12-30,1,82,796378.83,9260.22,86,Budget,Brisbane
1034,2025-12-31,0,63,238242.93,3452.8,69,Premium,Adelaide
1035,2025-12-27,4,78,1823262.63,22234.91,82,Regular,Adelaide
1036,2025-12-31,0,63,276389.7,4187.72,66,Regular,Melbourne
1037,2025-12-21,10,62,780168.45,12383.63,63,Regular,Sydney
1038,2025-12-17,14,62,452922.03,7076.91,64,Budget,Brisbane
1039,2025-11-28,33,63,643623.39,9751.87,66,Budget,Sydney
1040,2025-12-20,11,63,818891.69,12222.26,67,Regular,Sydney
1041,2025-12-29,2,66,894653.83,12425.75,72,Budget,Adelaide
1042,2025-12-29,2,65,964362.54,13776.61,70,Regular,Melbourne
1043,2025-12-26,5,51,955043.47,18726.34,51,Regular,Brisbane
1044,2025-11-27,34,51,468624.98,9188.73,51,Regular,Sydney
1045,2025-12-01,30,65,530814.26,7806.09,68,Regular,Sydney
1046,2025-12-25,6,83,858025.91,9977.05,86,Budget,Sydney
1047,2025-12-25,6,66,850174.23,11488.84,74,Budget,Melbourne
1048,2025-12-16,15,62,951902.8,14644.66,65,Budget,Sydney
1049,2025-12-31,0,75,1036105.09,12635.43,82,Regular,Melbourne
1050,2025-12-30,1,90,733321.07,7638.76,96,Budget,Melbourne
1051,2025-12-30,1,63,940126.44,14244.34,66,Budget,Brisbane
1052,2025-12-22,9,66,1022193.31,14814.4,69,Budget,Brisbane
1053,2025-12-11,20,78,1022207.38,12939.33,79,Budget,Melbourne
1054,2025-12-23,8,59,749687.84,12289.96,61,Regular,Melbourne
1055,2025-12-27,4,66,530768.64,7921.92,67,Budget,Sydney
1056,2025-12-26,5,79,754089.24,8768.48,86,Premium,Melbourne
1057,2025-12-13,18,68,620980.48,8391.63,74,Budget,Adelaide
1058,2025-12-30,1,76,1528210.38,18412.17,83,Regular,Adelaide
1059,2025-12-29,2,75,1000589.96,12994.67,77,Regular,Melbourne
1060,2025-12-26,5,73,1034080.81,13606.33,76,Budget,Adelaide
1061,2025-12-26,5,74,747023.58,9337.79,80,Premium,Brisbane
1062,2025-12-29,2,78,561167.45,6525.2,86,Premium,Sydney
1063,2025-12-17,14,69,1052895.75,14423.23,73,Premium,Adelaide
1064,2025-12-14,17,67,502299.92,7279.71,69,Budget,Melbourne
1065,2025-12-06,25,78,728166.61,8773.09,83,Budget,Brisbane
1066,2025-12-27,4,77,1018954.91,12736.94,80,Regular,Brisbane
1067,2025-12-29,2,48,941277.96,17759.96,53,Budget,Melbourne
1068,2025-12-01,30,57,597470.4,9636.62,62,Regular,Brisbane
1069,2025-12-21,10,77,675592.55,8444.91,80,Regular,Brisbane
1070,2025-12-26,5,74,712222.99,9249.65,77,Regular,Melbourne
1071,2025-12-30,1,84,999170.32,11226.63,89,Regular,Melbourne
1072,2025-12-24,7,67,361582.86,5021.98,72,Regular,Brisbane
1073,2025-12-29,2,67,1065959.22,15227.99,70,Budget,Sydney
1074,2025-12-27,4,69,779068.61,10972.8,71,Budget,Sydney
1075,2025-12-14,17,79,1491541.14,17756.44,84,Regular,Adelaide
1076,2025-12-21,10,72,666826.54,8891.02,75,Regular,Melbourne
1077,2025-12-28,3,69,848898.37,11790.26,72,Budget,Brisbane
1078,2025-12-31,0,53,764018.1,13403.83,57,Regular,Brisbane
1079,2025-12-29,2,69,1134101.77,15325.7,74,Regular,Adelaide
1080,2025-12-17,14,70,1247414.57,17087.87,73,Regular,Brisbane
1081,2025-12-15,16,76,874368.01,11067.95,79,Regular,Brisbane
1082,2025-12-13,18,64,633699.76,9458.21,67,Budget,Adelaide
1083,2025-12-16,15,70,685707.73,9393.26,73,Budget,Adelaide
1084,2025-11-27,34,70,1077419.59,14365.59,75,Regular,Sydney
1085,2025-12-03,28,61,558384.34,9153.84,61,Budget,Brisbane
1086,2025-12-22,9,69,731519.66,9885.4,74,Regular,Sydney
1087,2025-12-14,17,77,1145150.75,14314.38,80,Regular,Adelaide
1088,2025-12-24,7,65,1190746.85,17010.67,70,Budget,Sydney
1089,2025-12-25,6,66,693149.81,10045.65,69,Budget,Sydney
1090,2025-12-08,23,57,595305.49,9449.29,63,Budget,Sydney
1091,2025-12-25,6,67,626428.58,8465.25,74,Premium,Brisbane
1092,2025-11-27,34,60,283933.2,4654.64,61,Regular,Sydney
1093,2025-12-23,8,62,591423.98,8960.97,66,Budget,Sydney
1094,2025-12-04,27,69,719487.84,9722.81,74,Premium,Brisbane
1095,2025-12-28,3,75,662709.0,7796.58,85,Regular,Adelaide
1096,2025-12-30,1,70,711243.4,9611.4,74,Regular,Brisbane
1097,2025-12-30,1,59,678207.08,10596.99,64,Premium,Melbourne
1098,2025-12-30,1,81,667153.5,7942.3,84,Budget,Brisbane
1099,2025-12-29,2,77,899395.63,11680.46,77,Budget,Brisbane
1100,2025-12-31,0,74,992624.74,12564.87,79,Regular,Melbourne
1101,2025-12-21,10,67,784078.26,11363.45,69,Budget,Brisbane
1102,2025-12-27,4,74,642003.78,8337.71,77,Regular,Sydney
1103,2025-12-12,19,82,761718.31,9068.08,84,Budget,Sydney
1104,2025-12-14,17,71,631448.56,8770.12,72,Budget,Brisbane
1105,2025-12-25,6,73,1009437.05,13109.57,77,Budget,Melbourne
1106,2025-12-22,9,65,1023782.28,14419.47,71,Regular,Sydney
1107,2025-12-27,4,60,595385.44,9020.99,66,Budget,Sydney
1108,2025-12-30,1,62,702691.15,10646.84,66,Budget,Adelaide
1109,2025-12-03,28,61,615971.79,9624.56,64,Premium,Melbourne
1110,2025-12-11,20,74,810926.94,10670.09,76,Budget,Sydney
1111,2025-12-13,18,67,450791.32,6439.88,70,Budget,Brisbane
1112,2025-12-30,1,74,950934.96,12512.3,76,Budget,Brisbane
1113,2025-12-25,6,46,535819.03,11162.9,48,Budget,Melbourne
1114,2025-12-31,0,85,1142441.06,12554.3,91,Budget,Adelaide
1115,2025-12-21,10,64,1078770.58,15864.27,68,Regular,Melbourne
1116,2025-12-29,2,86,751075.06,8253.57,91,Budget,Brisbane
1117,2025-12-21,10,64,786600.4,11740.3,67,Premium,Brisbane
1118,2025-12-18,13,62,1131242.17,17403.73,65,Premium,Brisbane
1119,2025-12-25,6,56,920382.21,16435.4,56,Budget,Sydney
1120,2025-12-20,11,48,433806.79,8506.02,51,Budget,Brisbane
1121,2025-12-31,0,78,1087602.5,12359.12,88,Budget,Brisbane
1122,2025-12-11,20,63,1048368.97,16128.75,65,Regular,Sydney
1123,2025-12-24,7,73,726190.58,9682.54,75,Budget,Sydney
1124,2025-12-29,2,71,820140.14,11390.84,72,Premium,Brisbane
1125,2025-12-27,4,67,751793.32,10895.56,69,Regular,Sydney
1126,2025-12-07,24,67,983252.74,13848.63,71,Regular,Adelaide
1127,2025-12-17,14,62,1114326.91,16883.74,66,Regular,Sydney
1128,2025-12-17,14,60,419556.39,6992.61,60,Premium,Adelaide
1129,2025-12-16,15,62,816759.29,12375.14,66,Budget,Brisbane
1130,2025-12-26,5,72,293036.74,3959.96,74,Regular,Melbourne
1131,2025-12-20,11,72,1435863.53,19144.85,75,Budget,Melbourne
1132,2025-12-31,0,60,1154841.84,18330.82,63,Premium,Melbourne
1133,2025-12-03,28,72,794868.12,10888.6,73,Regular,Brisbane
1134,2025-12-25,6,65,721777.36,10460.54,69,Regular,Adelaide
1135,2025-12-05,26,70,939595.44,12697.24,74,Budget,Sydney
1136,2025-12-28,3,61,630654.74,9853.98,64,Premium,Brisbane
1137,2025-12-22,9,65,721340.75,10929.41,66,Regular,Adelaide
1138,2025-12-05,26,80,959013.75,11282.51,85,Regular,Melbourne
1139,2025-12-19,12,66,580155.2,8287.93,70,Premium,Brisbane
1140,2025-12-31,0,69,990821.32,13761.41,72,Budget,Sydney
1141,2025-12-15,16,78,905246.6,11039.59,82,Budget,Adelaide
1142,2025-12-21,10,63,735427.28,11142.84,66,Regular,Sydney
1143,2025-12-27,4,67,463564.46,6622.35,70,Budget,Melbourne
1144,2025-12-29,2,66,616380.24,8560.84,72,Budget,Melbourne
1145,2025-12-25,6,63,680060.67,9855.95,69,Budget,Melbourne
1146,2025-12-26,5,53,699388.31,12716.15,55,Budget,Sydney
1147,2025-12-31,0,71,865353.21,11238.35,77,Premium,Brisbane
1148,2025-12-29,2,59,737922.6,11901.98,62,Regular,Sydney
1149,2025-12-29,2,63,657537.52,9669.67,68,Budget,Adelaide
1150,2025-12-27,4,74,1146943.83,14518.28,79,Regular,Sydney
1151,2025-12-29,2,81,1103336.38,12682.03,87,Regular,Melbourne
1152,2025-12-23,8,72,588051.65,8167.38,72,Regular,Adelaide
1153,2025-12-30,1,63,382902.95,5801.56,66,Premium,Sydney
1154,2025-12-27,4,67,416567.9,5867.15,71,Premium,Sydney
1155,2025-12-17,14,77,806417.82,9487.27,85,Budget,Brisbane
1156,2025-12-28,3,63,863804.6,13087.95,66,Budget,Sydney
1157,2025-12-21,10,66,1115150.54,15930.72,70,Regular,Adelaide
1158,2025-12-31,0,76,990516.98,12698.94,78,Regular,Melbourne
1159,2025-12-20,11,80,889936.66,10594.48,84,Regular,Adelaide
1160,2025-12-13,18,77,498653.06,6007.87,83,Regular,Sydney
1161,2025-12-29,2,69,1319205.12,18322.29,72,Regular,Sydney
1162,2025-12-26,5,67,878494.74,12731.81,69,Budget,Adelaide
1163,2025-12-03,28,69,817665.85,11200.9,73,Budget,Adelaide
1164,2025-12-23,8,70,835855.8,11609.11,72,Budget,Adelaide
1165,2025-12-30,1,53,690670.77,12557.65,55,Budget,Melbourne
1166,2025-12-20,11,67,1047600.91,14350.7,73,Budget,Melbourne
1167,2025-12-22,9,80,1154148.09,13905.4,83,Regular,Brisbane
1168,2025-12-20,11,67,709495.47,10135.65,70,Budget,Melbourne
1169,2025-12-28,3,75,762666.82,9654.01,79,Budget,Sydney
1170,2025-12-21,10,62,467144.74,6972.31,67,Regular,Melbourne
1171,2025-12-24,7,54,812157.04,14002.71,58,Regular,Brisbane
1172,2025-12-19,12,72,1098720.72,14456.85,76,Budget,Sydney
1173,2025-12-29,2,73,620389.69,7953.71,78,Regular,Melbourne
1174,2025-12-11,20,55,369566.05,6599.39,56,Premium,Melbourne
1175,2025-12-25,6,69,905199.78,12572.22,72,Regular,Sydney
1176,2025-11-30,31,57,874321.14,14819.0,59,Regular,Sydney
1177,2025-12-30,1,60,783695.66,12439.61,63,Budget,Melbourne
1178,2025-11-20,41,63,228798.4,3519.98,65,Premium,Sydney
1179,2025-12-25,6,73,847568.45,11007.38,77,Budget,Melbourne
1180,2025-12-24,7,77,795153.14,10194.27,78,Premium,Brisbane
1181,2025-12-31,0,68,889511.39,12354.32,72,Regular,Adelaide
1182,2025-12-18,13,71,1081798.06,14234.19,76,Budget,Sydney
1183,2025-12-11,20,69,1368959.69,18252.8,75,Budget,Melbourne
1184,2025-12-27,4,66,393484.42,5702.67,69,Regular,Sydney
1185,2025-12-31,0,68,822896.71,11926.04,69,Regular,Melbourne
1186,2025-12-23,8,77,751712.35,9280.4,81,Budget,Melbourne
1187,2025-12-27,4,72,732159.43,9633.68,76,Regular,Adelaide
1188,2025-12-30,1,76,1109669.56,14600.92,76,Premium,Melbourne
1189,2025-12-27,4,71,498904.6,6652.06,75,Regular,Adelaide
1190,2025-12-30,1,73,952613.96,12371.61,77,Regular,Sydney
1191,2025-12-26,5,70,746159.91,10221.37,73,Budget,Sydney
1192,2025-12-06,25,74,1142263.42,14834.59,77,Regular,Sydney
1193,2025-12-25,6,69,953412.55,12883.95,74,Budget,Melbourne
1194,2025-12-29,2,63,770384.73,11165.0,69,Premium,Sydney
1195,2025-12-30,1,81,861612.01,10018.74,86,Budget,Sydney
1196,2025-12-29,2,69,735150.51,10070.55,73,Regular,Sydney
1197,2025-12-24,7,68,703897.47,10201.41,69,Budget,Adelaide
1198,2025-12-29,2,72,508102.06,6960.3,73,Budget,Adelaide
1199,2025-12-02,29,55,505150.15,8281.15,61,Regular,Sydney
1200,2025-12-20,11,64,558512.27,8336.0,67,Regular,Adelaide
1201,2025-12-27,4,68,1070428.59,14867.06,72,Regular,Sydney
1202,2025-12-23,8,69,784960.81,11213.73,70,Premium,Melbourne
1203,2025-12-27,4,67,660140.51,8801.87,75,Premium,Melbourne
1204,2025-12-24,7,68,764642.26,10769.61,71,Premium,Melbourne
1205,2025-12-29,2,66,551487.82,8110.11,68,Budget,Adelaide
1206,2025-12-21,10,91,1371087.64,14134.92,97,Regular,Brisbane
1207,2025-12-27,4,67,1109242.23,15195.1,73,Premium,Brisbane
1208,2025-12-22,9,73,925008.66,12171.17,76,Budget,Brisbane
1209,2025-12-24,7,86,694574.15,7717.49,90,Budget,Brisbane
1210,2025-12-23,8,74,1256440.64,15904.31,79,Regular,Sydney
1211,2025-12-31,0,71,811299.63,11268.05,72,Regular,Melbourne
1212,2025-12-15,16,58,1031359.31,17189.32,60,Regular,Sydney
1213,2025-11-29,32,74,812784.35,10983.57,74,Premium,Brisbane
1214,2025-12-18,13,66,470158.64,6716.55,70,Regular,Melbourne
1215,2025-12-18,13,82,617476.68,7439.48,83,Regular,Brisbane
1216,2025-12-23,8,63,1266693.95,18627.85,68,Budget,Brisbane
1217,2025-11-13,48,75,743467.34,9531.63,78,Regular,Melbourne
1218,2025-12-28,3,65,986624.85,14298.91,69,Budget,Sydney
1219,2025-12-28,3,67,605515.68,8650.22,70,Regular,Adelaide
1220,2025-12-08,23,74,701926.49,9235.87,76,Regular,Melbourne
1221,2025-12-18,13,61,774484.2,12293.4,63,Budget,Sydney
1222,2025-12-31,0,62,724535.14,11320.86,64,Budget,Melbourne
1223,2025-12-30,1,79,1505427.17,17710.91,85,Premium,Adelaide
1224,2025-12-28,3,88,655227.74,6970.51,94,Budget,Melbourne
1225,2025-12-13,18,73,830260.17,11070.14,75,Regular,Adelaide
1226,2025-12-21,10,70,654518.64,9090.54,72,Regular,Melbourne
1227,2025-12-16,15,69,1110460.62,14806.14,75,Regular,Adelaide
1228,2025-12-26,5,74,1102505.68,14318.26,77,Budget,Brisbane
1229,2025-12-23,8,60,640741.38,10503.96,61,Regular,Sydney
1230,2025-12-27,4,64,819108.12,12045.71,68,Budget,Brisbane
1231,2025-12-16,15,61,378768.26,6109.17,62,Regular,Melbourne
1232,2025-12-23,8,53,479010.82,9037.94,53,Budget,Sydney
1233,2025-12-24,7,72,605154.5,7758.39,78,Regular,Brisbane
1234,2025-12-30,1,67,734335.01,10199.1,72,Regular,Sydney
1235,2025-12-27,4,61,805589.91,12587.34,64,Budget,Brisbane
1236,2025-12-06,25,51,455906.48,8939.34,51,Budget,Adelaide
1237,2025-12-22,9,61,509049.16,7953.89,64,Budget,Sydney
1238,2025-12-30,1,78,1065088.51,13149.24,81,Budget,Melbourne
1239,2025-12-15,16,71,963825.27,13024.67,74,Budget,Brisbane
1240,2025-12-09,22,67,1151680.44,16452.58,70,Premium,Sydney
1241,2025-12-13,18,81,903260.16,10626.59,85,Regular,Melbourne
1242,2025-12-19,12,54,776247.16,13861.56,56,Regular,Melbourne
1243,2025-11-21,40,68,777407.85,10365.44,75,Premium,Sydney
1244,2025-12-24,7,67,608678.94,8821.43,69,Budget,Adelaide
1245,2025-12-27,4,68,1538490.85,21668.89,71,Regular,Melbourne
1246,2025-12-27,4,57,475043.4,8190.4,58,Premium,Adelaide
1247,2025-12-29,2,71,782378.1,10572.68,74,Regular,Brisbane
1248,2025-12-20,11,66,638330.37,9527.32,67,Regular,Adelaide
1249,2025-12-16,15,66,509881.72,7610.17,67,Regular,Adelaide
1250,2025-12-29,2,93,917267.59,9359.87,98,Budget,Brisbane
1251,2025-12-27,4,73,1041335.83,13701.79,76,Regular,Melbourne
1252,2025-12-23,8,67,1464219.01,21854.02,67,Premium,Melbourne
1253,2025-12-20,11,75,927104.45,11306.15,82,Premium,Adelaide
1254,2025-12-19,12,75,868153.77,11130.18,78,Budget,Melbourne
1255,2025-12-17,14,57,1064284.64,18671.66,57,Regular,Brisbane
1256,2025-12-30,1,63,705106.97,10369.22,68,Budget,Sydney
1257,2025-12-27,4,71,980534.05,13431.97,73,Premium,Adelaide
1258,2025-12-27,4,75,1375303.17,17632.09,78,Budget,Brisbane
1259,2025-12-12,19,70,473047.02,6307.29,75,Premium,Melbourne
1260,2025-12-26,5,64,522160.38,7459.43,70,Regular,Brisbane
1261,2025-12-06,25,67,751936.59,10741.95,70,Budget,Melbourne
1262,2025-12-30,1,83,1033032.9,11739.01,88,Budget,Sydney
1263,2025-12-25,6,69,670202.83,9180.86,73,Regular,Adelaide
1264,2025-12-29,2,69,1207958.55,16106.11,75,Budget,Adelaide
1265,2025-12-18,13,56,370085.37,6492.73,57,Regular,Adelaide
1266,2025-12-31,0,61,761800.64,11903.14,64,Premium,Melbourne
1267,2025-12-19,12,74,706911.0,9301.46,76,Regular,Melbourne
1268,2025-12-31,0,60,376068.59,5698.01,66,Budget,Sydney
1269,2025-12-14,17,78,784455.09,9451.27,83,Regular,Brisbane
1270,2025-12-28,3,65,551154.61,8226.19,67,Budget,Melbourne
1271,2025-12-31,0,68,789020.99,10958.62,72,Premium,Adelaide
1272,2025-12-16,15,85,806539.35,9062.24,89,Budget,Adelaide
1273,2025-11-16,45,55,492168.57,8634.54,57,Budget,Sydney
1274,2025-12-22,9,78,976062.94,11759.79,83,Budget,Adelaide
1275,2025-12-22,9,63,804295.69,12186.3,66,Premium,Sydney
1276,2025-12-12,19,50,266320.1,5121.54,52,Budget,Melbourne
1277,2025-11-27,34,63,623492.84,9169.01,68,Premium,Melbourne
1278,2025-12-31,0,60,1058040.96,17065.18,62,Regular,Adelaide
1279,2025-12-20,11,75,700199.63,8976.92,78,Regular,Brisbane
1280,2025-12-31,0,59,440924.83,7228.28,61,Premium,Adelaide
1281,2025-12-10,21,74,1038932.31,13151.04,79,Regular,Brisbane
1282,2025-12-26,5,64,698868.9,10128.53,69,Premium,Adelaide
1283,2025-12-17,14,76,731222.21,9255.98,79,Budget,Adelaide
1284,2025-12-15,16,79,669516.22,8066.46,83,Regular,Adelaide
1285,2025-12-16,15,51,444856.57,7943.87,56,Regular,Melbourne
1286,2025-12-31,0,60,605445.78,9460.09,64,Regular,Melbourne
1287,2025-12-28,3,77,951786.54,12047.93,79,Premium,Adelaide
1288,2025-12-22,9,61,642229.85,9730.76,66,Premium,Adelaide
1289,2025-12-02,29,61,656467.64,10420.12,63,Regular,Adelaide
1290,2025-12-26,5,76,998396.32,12479.95,80,Regular,Brisbane
1291,2025-11-22,39,77,464318.67,5877.45,79,Regular,Adelaide
1292,2025-12-30,1,80,1044479.67,12288.0,85,Budget,Brisbane
1293,2025-12-27,4,67,439172.13,6273.89,70,Budget,Brisbane
1294,2025-12-11,20,55,707565.52,12635.1,56,Budget,Sydney
1295,2025-12-25,6,66,1043983.31,15581.84,67,Budget,Brisbane
1296,2025-12-10,21,76,1273007.54,16320.61,78,Budget,Brisbane
1297,2025-12-30,1,71,946503.67,12292.26,77,Regular,Adelaide
1298,2025-12-28,3,63,747121.42,11320.02,66,Regular,Adelaide
1299,2025-12-31,0,72,732710.87,9901.5,74,Premium,Melbourne
1300,2025-11-27,34,60,576207.68,9293.67,62,Regular,Melbourne
1301,2025-12-31,0,91,1407066.11,14656.94,96,Budget,Adelaide
1302,2025-12-31,0,75,921404.9,12123.75,76,Budget,Adelaide
1303,2025-12-29,2,76,1044524.73,12738.11,82,Budget,Sydney
1304,2025-12-17,14,69,745090.79,10494.24,71,Premium,Melbourne
1305,2025-12-18,13,69,813039.91,11137.53,73,Budget,Adelaide
1306,2025-12-20,11,70,1401500.78,19198.64,73,Regular,Sydney
1307,2025-12-27,4,88,1049351.99,11406.0,92,Premium,Adelaide
1308,2025-12-30,1,56,395488.07,7062.29,56,Premium,Sydney
1309,2025-12-31,0,67,549910.63,7969.72,69,Budget,Sydney
1310,2025-12-23,8,67,595389.21,8385.76,71,Budget,Adelaide
1311,2025-12-14,17,70,1297762.5,18539.46,70,Budget,Brisbane
1312,2025-12-28,3,54,410816.08,7083.04,58,Budget,Brisbane
1313,2025-12-15,16,82,998110.1,12025.42,83,Budget,Adelaide
1314,2025-12-26,5,87,1225966.31,13472.16,91,Regular,Melbourne
1315,2025-12-31,0,61,918357.11,14128.57,65,Premium,Brisbane
1316,2025-12-29,2,57,609360.2,10506.21,58,Regular,Brisbane
1317,2025-12-27,4,58,559065.65,8874.06,63,Regular,Brisbane
1318,2025-12-29,2,71,476601.23,6440.56,74,Budget,Melbourne
1319,2025-12-30,1,92,641921.79,6828.96,94,Regular,Brisbane
1320,2025-12-25,6,76,906919.55,11336.49,80,Regular,Melbourne
1321,2025-12-19,12,57,525247.09,8754.12,60,Premium,Brisbane
1322,2025-12-29,2,71,1193904.28,15709.27,76,Premium,Adelaide
1323,2025-12-22,9,63,1210182.54,18062.43,67,Budget,Melbourne
1324,2025-12-24,7,72,835957.15,10856.59,77,Budget,Brisbane
1325,2025-12-26,5,71,711566.68,10022.07,71,Budget,Adelaide
1326,2025-12-10,21,74,1188394.79,15636.77,76,Regular,Adelaide
1327,2025-12-24,7,58,468349.01,7805.82,60,Premium,Adelaide
1328,2025-12-19,12,64,478612.94,7038.43,68,Budget,Brisbane
1329,2025-12-28,3,73,643804.22,8047.55,80,Regular,Melbourne
1330,2025-12-29,2,85,703450.86,7993.76,88,Regular,Adelaide
1331,2025-12-25,6,54,226432.64,3972.5,57,Budget,Brisbane
1332,2025-12-30,1,66,1005371.39,14362.45,70,Budget,Sydney
1333,2025-12-17,14,69,553736.14,7383.15,75,Regular,Melbourne
1334,2025-12-24,7,74,838431.58,10351.01,81,Regular,Melbourne
1335,2025-12-08,23,64,740986.4,11059.5,67,Regular,Adelaide
1336,2025-12-19,12,64,1211543.44,17816.82,68,Budget,Sydney
1337,2025-12-21,10,77,633664.64,7543.63,84,Regular,Brisbane
1338,2025-12-24,7,60,555896.51,8966.07,62,Budget,Brisbane
1339,2025-12-27,4,72,1023568.74,13468.01,76,Premium,Sydney
1340,2025-12-12,19,56,638071.81,11194.24,57,Budget,Brisbane
1341,2025-12-28,3,56,626170.67,11181.62,56,Budget,Adelaide
1342,2025-12-30,1,79,803798.31,9684.32,83,Regular,Brisbane
1343,2025-12-31,0,70,1040659.05,14062.96,74,Regular,Brisbane
1344,2025-12-31,0,75,726270.23,9432.08,77,Regular,Melbourne
1345,2025-12-30,1,69,816426.3,11339.25,72,Regular,Sydney
1346,2025-12-30,1,60,995779.87,16060.97,62,Premium,Sydney
1347,2025-12-15,16,46,630318.11,13131.63,48,Regular,Melbourne
1348,2025-12-21,10,59,550402.44,8736.55,63,Regular,Brisbane
1349,2025-12-20,11,61,704345.61,11180.09,63,Regular,Sydney
1350,2025-12-28,3,65,884168.29,12814.03,69,Budget,Adelaide
1351,2025-12-24,7,82,1179068.62,13100.76,90,Regular,Brisbane
1352,2025-12-07,24,73,831648.85,10800.63,77,Budget,Melbourne
1353,2025-12-11,20,83,991049.29,11523.83,86,Regular,Adelaide
1354,2025-12-22,9,72,876606.21,11688.08,75,Budget,Sydney
1355,2025-12-31,0,67,1146449.72,16377.85,70,Premium,Adelaide
1356,2025-12-21,10,62,622264.92,9722.89,64,Regular,Melbourne
1357,2025-12-16,15,72,1100916.12,14877.24,74,Premium,Melbourne
1358,2025-12-26,5,77,686730.74,8374.77,82,Regular,Melbourne
1359,2025-12-24,7,64,657144.67,9956.74,66,Budget,Adelaide
1360,2025-12-26,5,76,919555.01,11352.53,81,Regular,Melbourne
1361,2025-12-24,7,74,805974.31,9950.3,81,Regular,Adelaide
1362,2025-12-30,1,68,939588.08,12527.84,75,Regular,Melbourne
1363,2025-12-10,21,71,631794.5,8423.93,75,Regular,Melbourne
1364,2025-12-26,5,74,518828.47,6826.69,76,Regular,Brisbane
1365,2025-12-12,19,53,291051.39,5291.84,55,Premium,Brisbane
1366,2025-12-24,7,65,1010821.53,15086.89,67,Regular,Melbourne
1367,2025-12-25,6,68,1149380.56,16419.72,70,Budget,Sydney
1368,2025-12-24,7,68,1104426.15,15129.13,73,Regular,Melbourne
1369,2025-12-31,0,74,919759.84,12102.1,76,Regular,Brisbane
1370,2025-12-23,8,70,712054.4,9622.36,74,Premium,Sydney
1371,2025-12-23,8,50,210824.77,4054.32,52,Budget,Sydney
1372,2025-12-27,4,75,655831.54,8197.89,80,Regular,Adelaide
1373,2025-12-11,20,67,606721.47,8311.25,73,Regular,Sydney
1374,2025-12-29,2,68,549110.75,7733.95,71,Regular,Melbourne
1375,2025-12-23,8,69,879425.42,12046.92,73,Regular,Adelaide
1376,2025-12-23,8,74,784829.43,9810.37,80,Regular,Melbourne
1377,2025-12-29,2,64,737913.94,11180.51,66,Budget,Melbourne
1378,2025-12-15,16,69,875041.81,12500.6,70,Regular,Sydney
1379,2025-12-14,17,72,996038.2,13105.77,76,Budget,Adelaide
1380,2025-12-29,2,53,546970.41,9767.33,56,Budget,Brisbane
1381,2025-12-17,14,73,878315.34,11710.87,75,Regular,Adelaide
1382,2025-12-16,15,80,701731.6,8353.95,84,Regular,Adelaide
1383,2025-12-25,6,74,1150131.78,14936.78,77,Premium,Melbourne
1384,2025-12-26,5,69,1104908.04,15562.09,71,Budget,Sydney
1385,2025-12-15,16,64,782825.31,11345.29,69,Budget,Melbourne
1386,2025-12-25,6,69,804798.24,11177.75,72,Premium,Sydney
1387,2025-12-27,4,74,876314.61,11234.8,78,Budget,Brisbane
1388,2025-12-21,10,72,1266558.01,16032.38,79,Budget,Sydney
1389,2025-12-14,17,51,743357.37,13041.36,57,Budget,Adelaide
1390,2025-12-30,1,59,356247.78,5840.13,61,Regular,Brisbane
1391,2025-12-15,16,68,922610.25,12994.51,71,Premium,Melbourne
1392,2025-12-16,15,75,566304.55,6991.41,81,Regular,Adelaide
1393,2025-12-09,22,71,1087381.22,14694.34,74,Regular,Adelaide
1394,2025-12-29,2,70,813791.04,10568.71,77,Budget,Melbourne
1395,2025-12-20,11,63,558817.6,7761.36,72,Budget,Sydney
1396,2025-12-03,28,73,869623.7,11007.89,79,Regular,Melbourne
1397,2025-12-10,21,73,1236633.05,16271.49,76,Budget,Brisbane
1398,2025-12-31,0,80,1173584.41,14312.0,82,Budget,Adelaide
1399,2025-12-17,14,76,1039177.89,12829.36,81,Budget,Melbourne
1400,2025-12-26,5,53,543255.34,10250.1,53,Budget,Brisbane
1401,2025-12-30,1,56,482124.42,8171.6,59,Regular,Melbourne
1402,2025-12-19,12,69,709294.2,9990.06,71,Regular,Sydney
1403,2025-12-30,1,75,828368.97,10226.78,81,Budget,Melbourne
1404,2025-12-29,2,69,551444.6,7658.95,72,Regular,Sydney
1405,2025-12-27,4,82,866986.27,10321.27,84,Regular,Melbourne
1406,2025-12-26,5,72,786931.65,10492.42,75,Regular,Melbourne
1407,2025-12-10,21,50,178980.24,3441.93,52,Regular,Melbourne
1408,2025-12-27,4,72,1073942.95,14130.83,76,Regular,Adelaide
1409,2025-12-18,13,68,1178309.41,16595.91,71,Regular,Melbourne
1410,2025-12-25,6,69,578846.6,7822.25,74,Budget,Brisbane
1411,2025-12-18,13,73,419551.28,5448.72,77,Budget,Brisbane
1412,2025-12-03,28,70,931993.34,12594.5,74,Budget,Brisbane
1413,2025-12-24,7,69,708535.45,9979.37,71,Regular,Melbourne
1414,2025-12-30,1,75,989551.25,12686.55,78,Budget,Adelaide
1415,2025-12-20,11,61,951898.96,14644.6,65,Budget,Sydney
1416,2025-12-15,16,70,990384.55,13383.58,74,Regular,Melbourne
1417,2025-12-28,3,68,1062688.02,14759.56,72,Budget,Adelaide
1418,2025-12-30,1,72,821551.49,10954.02,75,Budget,Melbourne
1419,2025-12-13,18,65,1055948.91,15999.23,66,Budget,Brisbane
1420,2025-12-06,25,69,1247981.15,17333.07,72,Regular,Sydney
1421,2025-12-06,25,74,1152446.72,14774.96,78,Budget,Brisbane
1422,2025-12-27,4,85,1137438.22,12638.2,90,Budget,Adelaide
1423,2025-12-24,7,65,1021969.23,14599.56,70,Budget,Brisbane
1424,2025-12-21,10,66,801625.3,11964.56,67,Regular,Brisbane
1425,2025-12-24,7,64,632736.62,9734.41,65,Premium,Adelaide
1426,2025-12-30,1,87,1126366.64,12655.8,89,Regular,Melbourne
1427,2025-12-28,3,70,653977.8,9210.95,71,Regular,Melbourne
1428,2025-12-16,15,68,1085491.11,15076.27,72,Premium,Sydney
1429,2025-12-30,1,66,842998.17,12042.83,70,Premium,Brisbane
1430,2025-12-18,13,80,852256.68,10145.91,84,Regular,Brisbane
1431,2025-12-27,4,60,507738.96,8323.59,61,Premium,Adelaide
1432,2025-12-27,4,74,966343.43,11930.17,81,Premium,Brisbane
1433,2025-11-26,35,64,697415.69,10256.11,68,Regular,Sydney
1434,2025-12-22,9,75,856065.32,10975.2,78,Regular,Brisbane
1435,2025-12-14,17,79,1149738.0,14553.65,79,Budget,Adelaide
1436,2025-12-07,24,64,842260.04,12386.18,68,Budget,Sydney
1437,2025-12-26,5,93,1057235.22,11012.87,96,Regular,Melbourne
1438,2025-12-28,3,86,722756.75,7688.9,94,Regular,Adelaide
1439,2025-12-31,0,83,338262.56,3888.08,87,Regular,Melbourne
1440,2025-12-15,16,68,548848.98,7954.33,69,Regular,Adelaide
1441,2025-12-11,20,66,1046053.61,15383.14,68,Regular,Brisbane
1442,2025-12-11,20,73,695080.24,9145.79,76,Regular,Brisbane
1443,2025-12-09,22,67,793478.0,11175.75,71,Budget,Brisbane
1444,2025-12-16,15,54,672377.0,11592.71,58,Budget,Brisbane
1445,2025-12-20,11,58,571451.61,9685.62,59,Regular,Adelaide
1446,2025-12-29,2,75,569857.91,6949.49,82,Regular,Adelaide
1447,2025-12-18,13,74,758948.55,10119.31,75,Premium,Melbourne
1448,2025-12-18,13,89,1191014.59,12406.4,96,Premium,Adelaide
1449,2025-12-27,4,77,856132.59,10440.64,82,Premium,Brisbane
1450,2025-12-10,21,63,498318.85,7666.44,65,Budget,Brisbane
1451,2025-12-27,4,68,1037311.52,14610.02,71,Regular,Melbourne
1452,2025-12-17,14,77,879664.45,10348.99,85,Budget,Melbourne
1453,2025-12-18,13,54,654794.21,11905.35,55,Regular,Brisbane
1454,2025-12-20,11,58,602367.1,9874.87,61,Premium,Melbourne
1455,2025-12-28,3,79,623516.32,7512.24,83,Budget,Melbourne
1456,2025-12-26,5,69,964745.42,13399.24,72,Regular,Adelaide
1457,2025-12-28,3,81,537765.28,6181.21,87,Budget,Melbourne
1458,2025-12-18,13,63,297479.73,4576.61,65,Budget,Brisbane
1459,2025-12-13,18,80,960162.99,11036.36,87,Budget,Sydney
1460,2025-12-14,17,62,1085471.61,16960.49,64,Budget,Sydney
1461,2025-12-21,10,67,533868.07,7851.0,68,Premium,Adelaide
1462,2025-12-16,15,70,1171064.69,16264.79,72,Regular,Sydney
1463,2025-12-28,3,75,777754.31,9721.93,80,Regular,Adelaide
1464,2025-12-14,17,67,928985.13,13271.22,70,Regular,Adelaide
1465,2025-12-20,11,89,1445682.68,15544.98,93,Budget,Melbourne
1466,2025-12-22,9,71,722943.9,9639.25,75,Budget,Adelaide
1467,2025-12-18,13,67,1567171.05,21468.1,73,Regular,Melbourne
1468,2025-12-31,0,84,1011135.58,11490.18,88,Budget,Adelaide
1469,2025-12-27,4,76,699508.67,8743.86,80,Premium,Sydney
1470,2025-12-20,11,68,681926.3,9341.46,73,Budget,Melbourne
1471,2025-12-29,2,62,728669.25,11210.3,65,Regular,Melbourne
1472,2025-12-20,11,62,820328.42,12620.44,65,Regular,Adelaide
1473,2025-12-22,9,69,757663.41,10102.18,75,Budget,Sydney
1474,2025-12-14,17,61,1084787.25,15952.75,68,Budget,Adelaide
1475,2025-12-12,19,67,1312928.13,18491.95,71,Premium,Sydney
1476,2025-12-21,10,68,903297.47,12545.8,72,Budget,Melbourne
1477,2025-12-31,0,75,734826.73,9301.6,79,Regular,Brisbane
1478,2025-12-21,10,68,682245.27,9887.61,69,Regular,Sydney
1479,2025-12-31,0,62,501037.12,7261.41,69,Budget,Melbourne
1480,2025-12-21,10,86,1458019.28,15848.04,92,Regular,Adelaide
1481,2025-12-30,1,77,760244.33,9385.73,81,Regular,Adelaide
1482,2025-12-28,3,77,820489.95,10005.98,82,Budget,Sydney
1483,2025-12-02,29,71,905984.31,11766.03,77,Regular,Brisbane
1484,2025-12-15,16,53,340632.91,6082.73,56,Budget,Brisbane
1485,2025-12-09,22,52,688936.26,11878.21,58,Budget,Sydney
1486,2025-12-28,3,61,318037.31,5129.63,62,Regular,Brisbane
1487,2025-12-19,12,60,900865.43,14530.09,62,Premium,Brisbane
1488,2025-12-28,3,75,503286.31,6370.71,79,Budget,Brisbane
1489,2025-12-27,4,64,516483.88,7945.91,65,Budget,Melbourne
1490,2025-12-05,26,57,660673.82,11011.23,60,Regular,Melbourne
1491,2025-12-29,2,77,896213.9,11064.37,81,Regular,Brisbane
1492,2025-12-16,15,76,691642.37,8645.53,80,Budget,Brisbane
1493,2025-12-26,5,73,727860.44,9577.11,76,Budget,Sydney
1494,2025-12-30,1,63,684038.47,10688.1,64,Regular,Sydney
1495,2025-12-09,22,52,887151.47,15841.99,56,Budget,Brisbane
1496,2025-12-30,1,68,998027.42,13861.49,72,Budget,Adelaide
1497,2025-12-27,4,64,475387.59,7313.66,65,Budget,Sydney
1498,2025-12-23,8,75,756412.4,9697.59,78,Regular,Sydney
1499,2025-12-29,2,58,369052.69,5857.98,63,Regular,Adelaide
1500,2025-12-27,4,68,648926.41,8769.28,74,Premium,Brisbane
1501,2025-12-14,17,67,603350.7,8744.21,69,Regular,Adelaide
1502,2025-12-24,7,58,586898.08,9781.63,60,Regular,Adelaide
1503,2025-12-31,0,69,652813.94,9194.56,71,Premium,Adelaide
1504,2025-12-15,16,82,1031581.77,11590.81,89,Regular,Sydney
1505,2025-12-25,6,59,536498.61,8653.2,62,Regular,Melbourne
1506,2025-12-06,25,69,1468844.98,20687.96,71,Premium,Sydney
1507,2025-12-31,0,69,613979.96,8647.61,71,Budget,Sydney
1508,2025-12-31,0,57,555455.34,9414.5,59,Regular,Adelaide
1509,2025-12-24,7,61,961814.78,14572.95,66,Regular,Brisbane
1510,2025-12-24,7,51,515465.57,9204.74,56,Budget,Sydney
1511,2025-12-15,16,48,413388.21,8267.76,50,Regular,Sydney
1512,2025-12-17,14,68,1151525.33,15993.41,72,Budget,Sydney
1513,2025-11-24,37,76,711328.24,8891.6,80,Budget,Melbourne
1514,2025-12-28,3,55,616832.68,11014.87,56,Regular,Melbourne
1515,2025-12-29,2,68,374990.74,5281.56,71,Budget,Melbourne
1516,2025-12-21,10,71,921798.16,12802.75,72,Regular,Adelaide
1517,2025-12-14,17,70,765322.62,10933.18,70,Premium,Sydney
1518,2025-12-28,3,70,926057.25,12514.29,74,Regular,Brisbane
1519,2025-12-30,1,85,481837.8,5475.43,88,Budget,Melbourne
1520,2025-12-30,1,57,531640.85,9166.22,58,Budget,Melbourne
1521,2025-12-27,4,57,829340.88,13595.75,61,Budget,Adelaide
1522,2025-12-30,1,70,816365.63,10333.74,79,Budget,Adelaide
1523,2025-12-08,23,71,688482.31,9431.26,73,Premium,Sydney
1524,2025-12-26,5,74,602254.09,8030.05,75,Regular,Melbourne
1525,2025-12-30,1,73,1224364.47,15696.98,78,Budget,Sydney
1526,2025-12-31,0,76,1109164.0,13204.33,84,Regular,Melbourne
1527,2025-12-21,10,59,1009680.42,15533.54,65,Budget,Brisbane
1528,2025-12-29,2,49,443629.03,8698.61,51,Budget,Melbourne
1529,2025-12-27,4,62,249211.69,3719.58,67,Budget,Melbourne
1530,2025-12-31,0,61,648219.6,10128.43,64,Regular,Melbourne
1531,2025-12-30,1,68,742013.58,10600.19,70,Regular,Melbourne
1532,2025-12-25,6,69,916141.96,12724.19,72,Budget,Melbourne
1533,2025-12-28,3,57,712386.57,12282.53,58,Premium,Melbourne
1534,2025-12-22,9,76,897191.66,11651.84,77,Premium,Brisbane
1535,2025-11-10,51,70,766146.42,10080.87,76,Regular,Sydney
1536,2025-12-30,1,59,327893.94,5557.52,59,Budget,Sydney
1537,2025-12-25,6,56,416285.64,7055.69,59,Budget,Brisbane
1538,2025-12-17,14,68,1008130.21,14001.81,72,Premium,Brisbane
1539,2025-12-27,4,68,971768.54,14083.6,69,Budget,Melbourne
1540,2025-12-22,9,70,410534.24,5623.76,73,Regular,Sydney
1541,2025-12-29,2,59,611597.29,9707.89,63,Regular,Brisbane
1542,2025-12-15,16,78,654274.21,8281.95,79,Budget,Melbourne
1543,2025-12-24,7,67,733354.92,9778.07,75,Regular,Brisbane
1544,2025-12-31,0,72,736555.22,9820.74,75,Premium,Sydney
1545,2025-12-13,18,78,629170.04,7490.12,84,Regular,Sydney
1546,2025-12-30,1,81,1283830.81,14588.99,88,Regular,Brisbane
1547,2025-12-26,5,62,756127.91,11814.5,64,Premium,Melbourne
1548,2025-12-17,14,68,1040312.14,14250.85,73,Regular,Brisbane
1549,2025-12-31,0,64,957950.08,14297.76,67,Regular,Brisbane
1550,2025-12-26,5,59,669415.62,10974.03,61,Regular,Melbourne
1551,2025-12-26,5,65,724315.1,11143.31,65,Regular,Sydney
1552,2025-12-27,4,77,624378.92,7804.74,80,Budget,Sydney
1553,2025-12-28,3,73,951472.48,12356.79,77,Budget,Adelaide
1554,2025-12-25,6,61,946977.14,14348.14,66,Budget,Sydney
1555,2025-12-31,0,86,947765.64,10301.8,92,Regular,Brisbane
1556,2025-12-30,1,75,640935.38,8323.84,77,Regular,Adelaide
1557,2025-11-30,31,66,910602.92,13008.61,70,Regular,Adelaide
1558,2025-12-26,5,58,508463.86,8335.47,61,Budget,Melbourne
1559,2025-12-22,9,65,521893.15,7789.45,67,Regular,Sydney
1560,2025-12-25,6,69,839612.56,11825.53,71,Premium,Adelaide
1561,2025-12-11,20,66,681091.93,10016.06,68,Budget,Brisbane
1562,2025-12-30,1,77,738219.87,9227.75,80,Regular,Melbourne
1563,2025-12-18,13,56,895116.07,15171.46,59,Regular,Brisbane
1564,2025-12-30,1,80,784537.47,9452.26,83,Regular,Sydney
1565,2025-10-26,66,64,603676.6,9287.33,65,Budget,Brisbane
1566,2025-12-16,15,55,557879.38,9962.13,56,Regular,Brisbane
1567,2025-12-22,9,67,917650.8,12924.66,71,Premium,Melbourne
1568,2025-12-25,6,62,754017.96,11254.0,67,Regular,Melbourne
1569,2025-12-28,3,74,793356.32,10171.23,78,Premium,Melbourne
1570,2025-12-26,5,64,629041.13,9530.93,66,Premium,Sydney
1571,2025-12-27,4,69,658275.44,8895.61,74,Budget,Sydney
1572,2025-12-31,0,60,636441.14,10265.18,62,Regular,Adelaide
1573,2025-11-04,57,64,633265.44,9177.76,69,Regular,Melbourne
1574,2025-12-27,4,79,904791.33,11309.89,80,Premium,Sydney
1575,2025-12-31,0,66,931068.88,13300.98,70,Budget,Sydney
1576,2025-12-16,15,72,1111530.87,14435.47,77,Regular,Melbourne
1577,2025-12-27,4,50,796257.31,15312.64,52,Premium,Adelaide
1578,2025-12-29,2,66,596965.39,8778.9,68,Budget,Melbourne
1579,2025-12-29,2,86,914853.42,9732.48,94,Regular,Adelaide
1580,2025-12-31,0,72,583212.43,7881.25,74,Budget,Melbourne
1581,2025-12-31,0,70,947289.14,12801.2,74,Premium,Adelaide
1582,2025-12-29,2,65,465182.31,6372.36,73,Premium,Adelaide
1583,2025-12-26,5,70,458868.91,6118.25,75,Budget,Sydney
1584,2025-11-27,34,63,860572.67,12844.37,67,Regular,Sydney
1585,2025-12-28,3,67,403506.61,5604.26,72,Budget,Adelaide
1586,2025-12-30,1,78,911416.68,10980.92,83,Regular,Adelaide
1587,2025-12-28,3,63,1307932.12,20122.03,65,Regular,Sydney
1588,2025-12-01,30,60,607334.22,9956.3,61,Regular,Brisbane
1589,2025-12-22,9,69,610013.26,8243.42,74,Budget,Adelaide
1590,2025-12-15,16,75,827334.74,10606.86,78,Budget,Adelaide
1591,2025-12-31,0,81,943236.13,11096.9,85,Regular,Melbourne
1592,2025-12-31,0,78,843760.9,10289.77,82,Regular,Adelaide
1593,2025-12-25,6,59,1072032.17,17574.3,61,Regular,Brisbane
1594,2025-12-30,1,55,619587.15,10157.17,61,Budget,Adelaide
1595,2025-12-13,18,75,1044813.08,13747.54,76,Budget,Sydney
1596,2025-11-15,46,65,321783.51,4732.11,68,Premium,Brisbane
1597,2025-12-30,1,54,316723.23,5655.77,56,Budget,Sydney
1598,2025-12-24,7,62,734630.05,11130.76,66,Budget,Melbourne
1599,2025-12-27,4,70,677930.41,9548.32,71,Premium,Sydney
1600,2025-12-19,12,74,940120.51,12534.94,75,Budget,Melbourne
1601,2025-12-31,0,51,842101.49,15888.71,53,Regular,Adelaide
1602,2025-12-18,13,72,871804.54,11322.14,77,Budget,Brisbane
1603,2025-12-15,16,53,439094.07,7840.97,56,Premium,Melbourne
1604,2025-12-17,14,65,914998.9,13656.7,67,Regular,Melbourne
1605,2025-12-31,0,65,1270142.02,19244.58,66,Premium,Melbourne
1606,2025-12-12,19,69,600096.21,8572.8,70,Budget,Brisbane
1607,2025-12-12,19,60,467038.9,7532.89,62,Regular,Melbourne
1608,2025-12-25,6,77,1077915.64,13307.6,81,Regular,Sydney
1609,2025-12-31,0,46,293420.74,5868.41,50,Budget,Brisbane
1610,2025-12-28,3,64,640206.36,9700.1,66,Budget,Adelaide
1611,2025-12-31,0,70,873069.31,12296.75,71,Budget,Melbourne
1612,2025-12-17,14,69,967126.02,13621.49,71,Premium,Sydney
1613,2025-12-11,20,70,912169.69,12669.02,72,Regular,Sydney
1614,2025-12-28,3,65,614126.62,9031.27,68,Regular,Adelaide
1615,2025-12-23,8,83,1525876.88,17144.68,89,Regular,Adelaide
1616,2025-12-13,18,59,1052857.29,16981.57,62,Regular,Sydney
1617,2025-12-29,2,64,601399.1,8976.11,67,Regular,Sydney
1618,2025-12-17,14,67,697990.09,10417.76,67,Regular,Sydney
1619,2025-12-21,10,74,577772.33,7407.34,78,Regular,Melbourne
1620,2025-12-21,10,66,722442.05,10320.6,70,Budget,Adelaide
1621,2025-12-29,2,68,868340.11,12769.71,68,Premium,Sydney
1622,2025-12-30,1,81,965364.98,11492.44,84,Regular,Adelaide
1623,2025-12-29,2,75,991188.14,12872.57,77,Budget,Sydney
1624,2025-12-30,1,67,810585.67,11747.62,69,Regular,Brisbane
1625,2025-12-26,5,60,441657.32,7360.96,60,Budget,Melbourne
1626,2025-12-25,6,62,702392.55,10034.18,70,Premium,Adelaide
1627,2025-12-26,5,67,705942.43,10084.89,70,Premium,Melbourne
1628,2025-12-17,14,53,792633.63,14411.52,55,Premium,Melbourne
1629,2025-12-19,12,75,780276.12,9633.04,81,Budget,Sydney
1630,2025-12-19,12,67,542775.07,7644.72,71,Budget,Adelaide
1631,2025-11-10,51,64,540441.26,7720.59,70,Budget,Melbourne
1632,2025-12-14,17,69,748659.3,10544.5,71,Budget,Melbourne
1633,2025-12-15,16,59,850591.53,13719.22,62,Budget,Brisbane
1634,2025-12-25,6,65,694379.28,9919.7,70,Budget,Brisbane
1635,2025-12-15,16,63,626320.02,9348.06,67,Premium,Brisbane
1636,2025-12-29,2,81,755973.13,8999.68,84,Budget,Melbourne
1637,2025-12-23,8,63,765439.34,11597.57,66,Budget,Sydney
1638,2025-12-20,11,81,876531.79,9960.59,88,Regular,Sydney
1639,2025-12-31,0,57,490890.38,8320.18,59,Regular,Sydney
1640,2025-12-26,5,66,864177.78,12524.32,69,Regular,Brisbane
1641,2025-12-31,0,64,817647.33,12579.19,65,Regular,Brisbane
1642,2025-12-03,28,58,715456.39,11924.27,60,Premium,Brisbane
1643,2025-12-31,0,58,529952.19,8411.94,63,Regular,Adelaide
1644,2025-12-25,6,63,625029.86,8803.24,71,Regular,Sydney
1645,2025-12-29,2,68,662112.72,9458.75,70,Regular,Adelaide
1646,2025-12-21,10,63,665636.37,9934.87,67,Regular,Adelaide
1647,2025-12-13,18,72,1007452.92,13614.23,74,Budget,Brisbane
1648,2025-12-28,3,65,533533.78,7963.19,67,Regular,Brisbane
1649,2025-12-26,5,57,931275.36,15784.33,59,Budget,Sydney
1650,2025-12-29,2,62,678573.76,10602.72,64,Regular,Sydney
1651,2025-12-29,2,74,545712.1,6996.31,78,Budget,Sydney
1652,2025-12-03,28,65,500139.21,7144.85,70,Budget,Brisbane
1653,2025-12-29,2,81,1030650.18,11711.93,88,Budget,Melbourne
1654,2025-12-18,13,69,1127251.34,16336.98,69,Regular,Sydney
1655,2025-12-26,5,67,869386.27,12419.8,70,Budget,Sydney
1656,2025-12-25,6,68,1119116.0,15543.28,72,Regular,Sydney
1657,2025-12-26,5,60,1297331.92,19656.54,66,Premium,Brisbane
1658,2025-12-06,25,63,1135484.57,17468.99,65,Budget,Brisbane
1659,2025-12-30,1,72,927330.72,12201.72,76,Regular,Brisbane
1660,2025-12-31,0,70,587766.42,8163.42,72,Budget,Sydney
1661,2025-12-18,13,51,690700.86,13282.71,52,Budget,Sydney
1662,2025-12-11,20,61,717817.41,11393.93,63,Regular,Sydney
1663,2025-12-15,16,70,461724.53,6324.99,73,Premium,Adelaide
1664,2025-12-30,1,69,885155.1,12125.41,73,Budget,Brisbane
1665,2025-12-11,20,63,772300.05,11701.52,66,Regular,Melbourne
1666,2025-12-13,18,87,745295.4,8101.04,92,Budget,Sydney
1667,2025-12-26,5,60,878940.36,13733.44,64,Regular,Melbourne
1668,2025-12-07,24,76,957056.98,12429.31,77,Regular,Adelaide
1669,2025-12-31,0,60,777150.81,12142.98,64,Regular,Sydney
1670,2025-12-20,11,67,602478.63,8033.05,75,Regular,Adelaide
1671,2025-12-27,4,72,1209773.9,16572.25,73,Budget,Melbourne
1672,2025-11-17,44,60,663229.67,10697.25,62,Regular,Sydney
1673,2025-12-29,2,78,681282.13,8308.32,82,Regular,Adelaide
1674,2025-12-27,4,71,705727.66,9667.5,73,Regular,Brisbane
1675,2025-12-31,0,69,545185.15,7678.66,71,Budget,Brisbane
1676,2025-12-23,8,79,669952.69,8071.72,83,Regular,Sydney
1677,2025-12-31,0,68,960436.98,13919.38,69,Regular,Melbourne
1678,2025-12-19,12,83,1144338.62,12575.15,91,Budget,Brisbane
1679,2025-12-18,13,61,471110.26,7723.12,61,Budget,Brisbane
1680,2025-12-23,8,62,682009.46,9884.2,69,Regular,Sydney
1681,2025-12-26,5,60,652197.65,9734.29,67,Regular,Brisbane
1682,2025-12-19,12,72,887826.73,11382.39,78,Budget,Adelaide
1683,2025-12-24,7,65,1284662.47,18093.84,71,Regular,Adelaide
1684,2025-12-23,8,68,675110.09,9784.2,69,Regular,Sydney
1685,2025-12-26,5,59,279505.89,4436.6,63,Regular,Adelaide
1686,2025-12-30,1,62,509545.91,7077.03,72,Regular,Brisbane
1687,2025-12-22,9,74,586268.17,7816.91,75,Regular,Sydney
1688,2025-12-24,7,71,686520.23,9404.39,73,Regular,Sydney
1689,2025-12-16,15,64,829143.66,12193.29,68,Premium,Adelaide
1690,2025-12-29,2,75,782757.05,9545.82,82,Regular,Sydney
1691,2025-12-30,1,66,928233.62,12376.45,75,Regular,Sydney
1692,2025-12-31,0,80,1224398.28,14751.79,83,Regular,Melbourne
1693,2025-12-19,12,64,1223387.14,17990.99,68,Regular,Brisbane
1694,2025-12-01,30,72,340756.1,4425.4,77,Budget,Brisbane
1695,2025-12-31,0,75,917800.62,11617.73,79,Regular,Brisbane
1696,2025-12-29,2,76,907355.45,11201.92,81,Regular,Adelaide
1697,2025-12-21,10,68,1111085.32,15649.09,71,Premium,Adelaide
1698,2025-12-29,2,64,584842.21,8475.97,69,Regular,Sydney
1699,2025-12-12,19,68,840160.96,12002.3,70,Regular,Sydney
1700,2025-12-11,20,73,1034976.08,13618.11,76,Premium,Sydney
1701,2025-12-20,11,62,654345.84,9914.33,66,Regular,Melbourne
1702,2025-12-27,4,67,573510.41,7856.31,73,Budget,Melbourne
1703,2025-12-20,11,71,671710.34,9077.17,74,Budget,Adelaide
1704,2025-12-14,17,67,558566.57,7867.13,71,Budget,Melbourne
1705,2025-12-21,10,60,549308.77,8582.95,64,Budget,Sydney
1706,2025-12-28,3,66,880151.94,11893.95,74,Regular,Adelaide
1707,2025-12-27,4,88,1347013.57,14179.09,95,Regular,Melbourne
1708,2025-12-16,15,66,785641.93,11223.46,70,Regular,Adelaide
1709,2025-12-31,0,68,850401.42,12148.59,70,Budget,Adelaide
1710,2025-12-27,4,57,211437.63,3583.69,59,Regular,Adelaide
1711,2025-12-09,22,59,1295234.01,20890.87,62,Budget,Adelaide
1712,2025-12-31,0,85,1131307.99,13309.51,85,Premium,Sydney
1713,2025-11-23,38,65,604301.05,9019.42,67,Budget,Brisbane
1714,2025-12-30,1,69,925692.08,12680.71,73,Regular,Melbourne
1715,2025-12-31,0,79,979007.46,11939.12,82,Budget,Brisbane
1716,2025-12-25,6,63,695126.68,10861.35,64,Regular,Brisbane
1717,2025-12-26,5,64,1295914.16,18781.36,69,Regular,Brisbane
1718,2025-12-30,1,72,979050.96,13411.66,73,Regular,Melbourne
1719,2025-12-31,0,59,688240.67,10753.76,64,Budget,Adelaide
1720,2025-12-28,3,70,1212801.05,16389.2,74,Premium,Brisbane
1721,2025-12-24,7,63,878722.98,13730.05,64,Regular,Adelaide
1722,2025-12-07,24,62,652054.46,10031.61,65,Regular,Sydney
1723,2025-12-20,11,64,1081241.19,16382.44,66,Regular,Adelaide
1724,2025-12-23,8,85,1269723.24,13801.34,92,Premium,Melbourne
1725,2025-12-16,15,64,627710.36,9510.76,66,Budget,Melbourne
1726,2025-11-28,33,61,541527.92,8595.68,63,Budget,Adelaide
1727,2025-12-08,23,73,784626.83,10189.96,77,Budget,Melbourne
1728,2025-12-31,0,64,646066.62,9642.79,67,Budget,Melbourne
1729,2025-12-24,7,77,1302262.9,16077.32,81,Regular,Adelaide
1730,2025-12-29,2,79,882438.38,10894.3,81,Premium,Adelaide
1731,2025-12-31,0,69,482196.49,6888.52,70,Premium,Melbourne
1732,2025-12-17,14,72,686946.1,9159.28,75,Regular,Melbourne
1733,2025-12-31,0,53,550292.06,10005.31,55,Regular,Sydney
1734,2025-12-28,3,75,748243.89,9717.45,77,Premium,Sydney
1735,2025-12-21,10,75,1271377.1,16299.71,78,Premium,Brisbane
1736,2025-12-31,0,79,1160431.62,13652.14,85,Budget,Melbourne
1737,2025-12-02,29,70,923970.01,12832.92,72,Regular,Adelaide
1738,2025-12-11,20,52,388678.11,6818.91,57,Regular,Sydney
1739,2025-12-29,2,74,497088.2,6455.69,77,Budget,Brisbane
1740,2025-12-29,2,72,745989.7,8987.83,83,Regular,Brisbane
1741,2025-12-30,1,89,873779.73,9101.87,96,Premium,Brisbane
1742,2025-12-28,3,67,780609.24,10841.8,72,Premium,Sydney
1743,2025-12-29,2,72,521123.58,7042.21,74,Premium,Melbourne
1744,2025-12-21,10,74,918116.18,11770.72,78,Regular,Brisbane
1745,2025-12-31,0,75,1227147.13,16146.67,76,Budget,Melbourne
1746,2025-12-28,3,74,486242.01,6314.83,77,Budget,Adelaide
1747,2025-12-31,0,71,968455.82,13266.52,73,Regular,Brisbane
1748,2025-12-25,6,70,1206183.19,15463.89,78,Regular,Melbourne
1749,2025-12-02,29,65,1208741.36,17517.99,69,Regular,Sydney
1750,2025-12-28,3,62,862790.36,13273.7,65,Regular,Sydney
1751,2025-12-12,19,64,916584.23,13680.36,67,Regular,Melbourne
1752,2025-12-28,3,86,639649.49,7268.74,88,Regular,Melbourne
1753,2025-12-17,14,66,622315.72,8890.22,70,Budget,Adelaide
1754,2025-12-29,2,54,749727.19,13153.11,57,Budget,Adelaide
1755,2025-12-22,9,54,443861.14,8219.65,54,Budget,Sydney
1756,2025-12-27,4,76,1136514.71,14386.26,79,Budget,Brisbane
1757,2025-12-25,6,62,670918.53,10013.71,67,Premium,Melbourne
1758,2025-12-14,17,63,814213.72,12336.57,66,Regular,Sydney
1759,2025-12-30,1,68,600172.47,8110.44,74,Budget,Brisbane
1760,2025-12-30,1,60,966769.63,14873.38,65,Regular,Brisbane
1761,2025-12-12,19,54,531236.83,9486.37,56,Regular,Sydney
1762,2025-12-12,19,74,797300.9,10354.56,77,Budget,Melbourne
1763,2025-12-31,0,61,445706.58,7306.67,61,Budget,Brisbane
1764,2025-12-25,6,67,752626.51,10453.15,72,Budget,Melbourne
1765,2025-12-31,0,62,788039.84,11761.79,67,Regular,Melbourne
1766,2025-12-29,2,63,596620.49,9322.2,64,Budget,Sydney
1767,2025-12-31,0,59,395626.55,6181.66,64,Budget,Sydney
1768,2025-12-25,6,83,817693.95,9619.93,85,Budget,Adelaide
1769,2025-12-22,9,78,778379.95,9609.63,81,Regular,Brisbane
1770,2025-12-31,0,64,629396.11,9536.3,66,Budget,Sydney
1771,2025-12-27,4,62,825543.72,12700.67,65,Regular,Melbourne
1772,2025-11-26,35,65,916112.32,13276.99,69,Budget,Sydney
1773,2025-12-31,0,79,604920.46,7561.51,80,Regular,Melbourne
1774,2025-12-27,4,61,558018.16,8857.43,63,Regular,Sydney
1775,2025-12-12,19,86,1081512.29,11755.57,92,Regular,Brisbane
1776,2025-11-12,49,58,699652.19,11284.71,62,Budget,Brisbane
1777,2025-12-29,2,64,603271.78,9004.06,67,Regular,Brisbane
1778,2025-12-30,1,72,987499.52,12993.41,76,Premium,Melbourne
1779,2025-11-17,44,76,1278588.74,15982.36,80,Budget,Melbourne
1780,2025-12-17,14,76,806514.84,10209.05,79,Budget,Sydney
1781,2025-12-31,0,82,1134133.29,13187.6,86,Premium,Sydney
1782,2025-12-19,12,73,822558.46,10823.14,76,Regular,Melbourne
1783,2025-12-21,10,57,386095.27,6434.92,60,Budget,Melbourne
1784,2025-12-21,10,70,1301804.21,17832.93,73,Budget,Brisbane
1785,2025-12-07,24,72,826032.83,11013.77,75,Regular,Sydney
1786,2025-12-29,2,69,564864.4,7955.84,71,Regular,Melbourne
1787,2025-11-15,46,62,548024.0,8303.39,66,Regular,Adelaide
1788,2025-12-19,12,84,721634.39,7930.05,91,Premium,Adelaide
1789,2025-12-07,24,82,789608.18,8972.82,88,Regular,Adelaide
1790,2025-12-26,5,58,511557.03,8119.95,63,Budget,Melbourne
1791,2025-12-31,0,68,821152.06,11565.52,71,Regular,Sydney
1792,2025-12-30,1,69,714579.42,10064.5,71,Budget,Sydney
1793,2025-12-25,6,81,858275.65,10340.67,83,Budget,Sydney
1794,2025-12-18,13,70,771417.67,10424.56,74,Budget,Adelaide
1795,2025-12-23,8,86,1152192.05,12945.98,89,Budget,Adelaide
1796,2025-12-19,12,79,1180112.37,14569.29,81,Regular,Adelaide
1797,2025-12-02,29,85,1032666.31,11474.07,90,Budget,Brisbane
1798,2025-12-24,7,59,979135.14,15792.5,62,Regular,Melbourne
1799,2025-12-16,15,63,521191.98,8018.34,65,Regular,Melbourne
1800,2025-12-31,0,62,1078289.36,16093.87,67,Regular,Adelaide
1801,2025-12-14,17,74,918236.7,12243.16,75,Regular,Adelaide
1802,2025-12-30,1,66,517082.15,7834.58,66,Regular,Brisbane
1803,2025-12-28,3,75,916695.03,11317.22,81,Regular,Adelaide
1804,2025-12-13,18,59,767643.84,12381.35,62,Budget,Melbourne
1805,2025-12-23,8,59,616384.86,9482.84,65,Regular,Melbourne
1806,2025-12-29,2,63,849473.51,13068.82,65,Regular,Adelaide
1807,2025-12-30,1,75,1010079.64,12470.12,81,Budget,Melbourne
1808,2025-12-22,9,68,536932.8,7670.47,70,Budget,Adelaide
1809,2025-12-25,6,56,911822.64,15197.04,60,Budget,Melbourne
1810,2025-12-25,6,70,429223.06,5800.31,74,Regular,Melbourne
1811,2025-12-16,15,78,1126102.63,13567.5,83,Regular,Sydney
1812,2025-12-11,20,59,715376.15,11538.33,62,Budget,Brisbane
1813,2025-12-27,4,70,428810.47,5794.74,74,Regular,Melbourne
1814,2025-12-22,9,65,442994.41,6239.36,71,Premium,Melbourne
1815,2025-12-05,26,58,953461.41,15378.41,62,Budget,Brisbane
1816,2025-12-19,12,73,1191042.99,15671.62,76,Premium,Sydney
1817,2025-12-28,3,69,1192094.48,17029.92,70,Budget,Sydney
1818,2025-12-06,25,80,858744.44,10472.49,82,Premium,Adelaide
1819,2025-12-19,12,62,953880.39,15385.17,62,Premium,Brisbane
1820,2025-12-28,3,69,663920.9,9094.81,73,Budget,Brisbane
1821,2025-12-28,3,63,1084258.45,17210.45,63,Regular,Sydney
1822,2025-12-21,10,62,989348.86,15703.95,63,Premium,Brisbane
1823,2025-12-20,11,83,1020318.17,11864.16,86,Premium,Melbourne
1824,2025-12-29,2,72,626800.72,8247.38,76,Premium,Brisbane
1825,2025-12-24,7,63,768876.97,11475.78,67,Regular,Sydney
1826,2025-12-16,15,72,972591.67,12311.29,79,Budget,Brisbane
1827,2025-12-31,0,55,412750.46,6657.27,62,Regular,Brisbane
1828,2025-12-25,6,68,906446.14,12589.53,72,Regular,Melbourne
1829,2025-12-22,9,67,1049653.71,14995.05,70,Regular,Sydney
1830,2025-12-17,14,71,1093617.1,14778.61,74,Regular,Adelaide
1831,2025-12-18,13,71,905000.32,11602.57,78,Regular,Brisbane
1832,2025-12-24,7,56,686431.08,11634.43,59,Budget,Brisbane
1833,2025-12-31,0,74,770463.29,10137.67,76,Regular,Adelaide
1834,2025-12-20,11,59,554963.58,9249.39,60,Budget,Brisbane
1835,2025-12-24,7,70,606846.56,8200.63,74,Regular,Sydney
1836,2025-12-28,3,73,548599.4,7124.67,77,Regular,Melbourne
1837,2025-11-24,37,67,780796.9,10844.4,72,Regular,Adelaide
1838,2025-12-25,6,55,359406.96,6417.98,56,Regular,Melbourne
1839,2025-11-29,32,63,741038.32,11400.59,65,Budget,Adelaide
1840,2025-12-29,2,67,630042.02,9131.04,69,Premium,Sydney
1841,2025-12-23,8,48,459960.61,9199.21,50,Regular,Melbourne
1842,2025-12-24,7,72,766694.88,10502.67,73,Budget,Melbourne
1843,2025-12-22,9,62,529175.24,8017.81,66,Budget,Brisbane
1844,2025-12-08,23,86,813200.06,8936.26,91,Budget,Sydney
1845,2025-12-28,3,58,677353.45,11104.15,61,Regular,Sydney
1846,2025-12-30,1,74,1114943.98,14865.92,75,Premium,Brisbane
1847,2025-12-16,15,72,856004.52,11116.94,77,Regular,Melbourne
1848,2025-12-02,29,73,1150778.49,14945.18,77,Budget,Adelaide
1849,2025-12-26,5,73,1436681.3,18658.2,77,Premium,Adelaide
1850,2025-12-28,3,70,1353393.32,19061.88,71,Budget,Melbourne
1851,2025-12-22,9,72,903153.77,11883.6,76,Premium,Brisbane
1852,2025-12-04,27,50,546722.69,10315.52,53,Budget,Melbourne
1853,2025-12-21,10,77,763912.08,9431.01,81,Regular,Melbourne
1854,2025-12-31,0,69,987360.66,13525.49,73,Premium,Brisbane
1855,2025-12-09,22,71,711191.4,10016.78,71,Budget,Melbourne
1856,2025-12-24,7,68,1071594.17,15092.88,71,Regular,Sydney
1857,2025-12-21,10,72,526029.78,6575.37,80,Premium,Melbourne
1858,2025-12-30,1,80,807313.19,9387.36,86,Budget,Adelaide
1859,2025-12-27,4,55,461419.08,8095.07,57,Budget,Melbourne
1860,2025-12-22,9,84,643287.61,7480.09,86,Regular,Melbourne
1861,2025-12-27,4,73,723345.4,9774.94,74,Budget,Brisbane
1862,2025-11-20,41,61,1045409.6,16861.45,62,Budget,Sydney
1863,2025-12-25,6,72,1329816.84,17970.5,74,Regular,Melbourne
1864,2025-12-14,17,67,736851.63,10679.01,69,Regular,Sydney
1865,2025-12-20,11,64,1340888.22,19155.55,70,Budget,Adelaide
1866,2025-12-30,1,66,957227.28,13872.86,69,Budget,Adelaide
1867,2025-11-24,37,69,697204.01,9683.39,72,Regular,Adelaide
1868,2025-12-23,8,61,478335.42,7473.99,64,Regular,Sydney
1869,2025-12-26,5,57,617004.47,9793.72,63,Regular,Brisbane
1870,2025-12-27,4,81,745266.39,8767.84,85,Regular,Brisbane
1871,2025-12-15,16,59,741438.12,12357.3,60,Premium,Adelaide
1872,2025-12-30,1,76,928843.1,11610.54,80,Regular,Sydney
1873,2025-12-26,5,60,462405.89,7339.78,63,Budget,Brisbane
1874,2025-10-22,70,60,1287945.26,19814.54,65,Premium,Sydney
1875,2025-12-18,13,60,431078.04,6531.49,66,Regular,Brisbane
1876,2025-12-14,17,69,750305.88,10718.66,70,Budget,Adelaide
1877,2025-12-30,1,70,982096.97,13271.58,74,Budget,Sydney
1878,2025-12-26,5,73,1031468.07,13752.91,75,Regular,Sydney
1879,2025-12-28,3,73,613249.26,7862.17,78,Budget,Adelaide
1880,2025-12-15,16,54,763435.53,13162.68,58,Budget,Sydney
1881,2025-12-23,8,62,919801.94,14150.8,65,Budget,Brisbane
1882,2025-12-29,2,61,673243.1,10686.4,63,Regular,Brisbane
1883,2025-12-28,3,82,985994.44,11333.27,87,Regular,Melbourne
1884,2025-12-21,10,65,729921.07,10578.57,69,Regular,Adelaide
1885,2025-12-30,1,76,874520.3,11211.8,78,Budget,Adelaide
1886,2025-12-29,2,68,771713.32,10718.24,72,Budget,Melbourne
1887,2025-12-30,1,81,752735.91,8855.72,85,Regular,Sydney
1888,2025-12-24,7,76,1111746.46,14253.16,78,Budget,Sydney
1889,2025-12-28,3,57,904040.35,15322.72,59,Regular,Sydney
1890,2025-12-28,3,71,515495.81,6966.16,74,Budget,Adelaide
1891,2025-12-31,0,67,460949.85,6314.38,73,Budget,Brisbane
1892,2025-12-26,5,80,838296.27,10223.13,82,Budget,Brisbane
1893,2025-12-21,10,59,396341.64,6392.61,62,Regular,Sydney
1894,2025-12-31,0,83,503739.21,5857.43,86,Budget,Adelaide
1895,2025-12-20,11,65,755421.56,11445.78,66,Regular,Brisbane
1896,2025-12-26,5,65,743103.95,10928.0,68,Budget,Adelaide
1897,2025-12-31,0,82,1365357.69,15693.77,87,Regular,Melbourne
1898,2025-12-31,0,65,428046.04,6485.55,66,Regular,Brisbane
1899,2025-12-28,3,68,268583.15,3730.32,72,Budget,Brisbane
1900,2025-12-31,0,64,649615.5,9280.22,70,Regular,Melbourne
1901,2025-12-29,2,71,907582.78,12605.32,72,Budget,Brisbane
1902,2025-12-29,2,64,558690.68,7759.59,72,Regular,Melbourne
1903,2025-12-23,8,61,670474.58,10476.17,64,Budget,Adelaide
1904,2025-12-30,1,69,683004.77,9356.23,73,Regular,Brisbane
1905,2025-12-24,7,71,513169.67,7127.36,72,Premium,Brisbane
1906,2025-12-23,8,76,957428.17,11820.1,81,Budget,Brisbane
1907,2025-12-29,2,69,626408.44,8352.11,75,Regular,Melbourne
1908,2025-12-25,6,82,721862.01,8393.74,86,Regular,Adelaide
1909,2025-12-31,0,64,637345.82,9372.73,68,Budget,Sydney
1910,2025-12-20,11,75,486011.78,6000.15,81,Regular,Brisbane
1911,2025-12-20,11,74,593492.86,7512.57,79,Regular,Sydney
1912,2025-12-17,14,64,412468.62,6156.25,67,Premium,Melbourne
1913,2025-12-23,8,77,768202.45,9848.75,78,Premium,Brisbane
1914,2025-12-19,12,66,840358.07,11836.03,71,Budget,Melbourne
1915,2025-12-23,8,66,703153.49,10190.63,69,Regular,Adelaide
1916,2025-12-22,9,72,743037.98,9649.84,77,Regular,Brisbane
1917,2025-12-30,1,67,644352.51,8949.34,72,Budget,Melbourne
1918,2025-12-21,10,79,798430.56,9505.13,84,Budget,Melbourne
1919,2025-12-03,28,63,448956.73,6700.85,67,Premium,Brisbane
1920,2025-12-20,11,77,1038959.58,12670.24,82,Budget,Adelaide
1921,2025-12-29,2,66,612448.0,9006.59,68,Regular,Melbourne
1922,2025-12-26,5,61,787163.46,12494.66,63,Regular,Brisbane
1923,2025-12-10,21,62,474854.76,7087.38,67,Budget,Brisbane
1924,2025-12-21,10,61,667168.75,10937.19,61,Regular,Sydney
1925,2025-12-31,0,67,820609.23,11241.22,73,Premium,Adelaide
1926,2025-12-10,21,60,313558.75,4977.12,63,Regular,Brisbane
1927,2025-12-26,5,57,973826.31,16230.44,60,Budget,Sydney
1928,2025-12-19,12,75,817804.72,10096.35,81,Budget,Brisbane
1929,2025-12-23,8,63,615752.09,9773.84,63,Premium,Brisbane
1930,2025-11-15,46,60,335164.67,5156.38,65,Budget,Adelaide
1931,2025-12-20,11,76,863742.37,10796.78,80,Regular,Sydney
1932,2025-12-13,18,80,697737.92,8113.23,86,Budget,Melbourne
1933,2025-12-25,6,62,455750.24,7121.1,64,Regular,Sydney
1934,2025-12-31,0,69,953884.21,12890.33,74,Premium,Brisbane
1935,2025-12-26,5,77,886518.18,10811.2,82,Regular,Brisbane
1936,2025-11-17,44,75,1165824.23,14946.46,78,Premium,Melbourne
1937,2025-12-29,2,76,566357.61,6992.07,81,Budget,Adelaide
1938,2025-12-23,8,71,909257.2,12455.58,73,Regular,Brisbane
1939,2025-12-14,17,50,497769.98,9760.2,51,Premium,Melbourne
1940,2025-11-12,49,74,604940.1,7856.36,77,Regular,Sydney
1941,2025-12-16,15,65,913896.0,13439.65,68,Budget,Melbourne
1942,2025-12-25,6,71,503861.2,6902.21,73,Premium,Adelaide
1943,2025-12-30,1,70,805397.39,10597.33,76,Budget,Melbourne
1944,2025-12-31,0,79,654300.2,8077.78,81,Regular,Adelaide
1945,2025-11-15,46,57,731733.78,11257.44,65,Premium,Brisbane
1946,2025-12-26,5,73,567118.07,7462.08,76,Budget,Brisbane
1947,2025-12-31,0,65,908042.42,13160.04,69,Budget,Melbourne
1948,2025-12-31,0,71,574110.77,7758.25,74,Budget,Brisbane
1949,2025-12-31,0,57,842476.22,14041.27,60,Budget,Sydney
1950,2025-12-30,1,76,475454.51,6018.41,79,Budget,Sydney
1951,2025-12-11,20,74,464559.73,6033.24,77,Regular,Melbourne
1952,2025-12-16,15,77,707313.16,9068.12,78,Budget,Brisbane
1953,2025-12-04,27,67,913972.41,13440.77,68,Regular,Brisbane
1954,2025-12-24,7,59,370816.74,5794.01,64,Budget,Melbourne
1955,2025-12-07,24,67,595749.0,8761.01,68,Budget,Melbourne
1956,2025-12-23,8,62,882412.76,13170.34,67,Budget,Brisbane
1957,2025-12-11,20,52,506153.8,9202.8,55,Regular,Brisbane
1958,2025-12-31,0,67,574797.01,8211.39,70,Regular,Sydney
1959,2025-12-21,10,64,435924.54,6227.49,70,Budget,Melbourne
1960,2025-10-28,64,65,708380.69,9977.19,71,Premium,Brisbane
1961,2025-12-24,7,74,786591.7,9711.01,81,Regular,Adelaide
1962,2025-12-25,6,71,816659.92,10745.53,76,Budget,Melbourne
1963,2025-12-23,8,70,1041474.07,14668.65,71,Premium,Adelaide
1964,2025-12-29,2,61,573177.48,9098.06,63,Budget,Brisbane
1965,2025-12-28,3,76,817637.76,10094.29,81,Budget,Melbourne
1966,2025-12-21,10,62,828524.91,12366.04,67,Regular,Brisbane
1967,2025-12-21,10,72,1117992.47,14710.43,76,Budget,Adelaide
1968,2025-12-19,12,75,789612.21,9870.15,80,Budget,Sydney
1969,2025-12-23,8,62,856848.87,13388.26,64,Regular,Sydney
1970,2025-12-29,2,60,582793.65,9399.9,62,Budget,Melbourne
1971,2025-12-28,3,76,1114897.88,14293.56,78,Regular,Sydney
1972,2025-12-31,0,94,1552782.2,15075.56,103,Premium,Adelaide
1973,2025-12-29,2,69,364394.43,5132.32,71,Regular,Adelaide
1974,2025-12-27,4,68,786724.41,11401.8,69,Regular,Brisbane
1975,2025-12-08,23,81,713754.15,8497.07,84,Regular,Adelaide
1976,2025-12-20,11,79,794739.66,9134.94,87,Premium,Sydney
1977,2025-12-30,1,68,771426.94,11180.1,69,Budget,Brisbane
1978,2025-12-26,5,63,798754.44,12102.34,66,Budget,Melbourne
1979,2025-12-29,2,86,970589.43,10549.89,92,Regular,Melbourne
1980,2025-12-27,4,73,629170.79,8278.56,76,Regular,Melbourne
1981,2025-12-29,2,74,952784.17,12373.82,77,Budget,Brisbane
1982,2025-12-08,23,70,728931.46,9985.36,73,Regular,Brisbane
1983,2025-12-24,7,68,825282.16,11462.25,72,Budget,Sydney
1984,2025-12-28,3,70,669723.68,9432.73,71,Premium,Brisbane
1985,2025-12-09,22,91,1038491.35,10817.62,96,Budget,Adelaide
1986,2025-12-21,10,64,912624.91,13420.95,68,Budget,Sydney
1987,2025-12-21,10,71,687659.37,9292.69,74,Budget,Adelaide
1988,2025-12-31,0,71,871656.15,11622.08,75,Budget,Brisbane
1989,2025-12-11,20,75,1645577.42,21652.33,76,Budget,Melbourne
1990,2025-12-24,7,56,305722.13,4931.0,62,Budget,Brisbane
1991,2025-12-31,0,74,502249.26,6608.54,76,Budget,Brisbane
1992,2025-12-19,12,73,410500.35,5262.82,78,Budget,Adelaide
1993,2025-12-23,8,56,422063.6,7276.96,58,Budget,Sydney
1994,2025-12-25,6,73,916165.11,11898.25,77,Budget,Sydney
1995,2025-12-23,8,80,617872.59,7723.41,80,Budget,Brisbane
1996,2025-12-21,10,61,824870.62,13304.36,62,Budget,Melbourne
1997,2025-12-24,7,86,1478649.07,15899.45,93,Budget,Sydney
1998,2025-12-17,14,60,739206.72,12118.14,61,Budget,Melbourne
1999,2025-12-17,14,56,1041935.45,17964.4,58,Budget,Brisbane
2000,2025-11-23,38,72,881971.43,11759.62,75,Regular,Sydney
2001,2025-12-08,23,58,999512.26,17232.97,58,Premium,Adelaide
2002,2025-12-25,6,58,671008.59,11000.14,61,Premium,Melbourne
2003,2025-12-21,10,85,782074.19,8787.35,89,Regular,Sydney
2004,2025-12-29,2,76,775982.22,9822.56,79,Regular,Sydney
2005,2025-12-16,15,73,1088300.05,13603.75,80,Budget,Adelaide
2006,2025-12-18,13,84,1052504.8,12238.43,86,Regular,Sydney
2007,2025-12-27,4,80,1058317.31,12750.81,83,Regular,Melbourne
2008,2025-12-19,12,81,947666.59,11019.38,86,Regular,Brisbane
2009,2025-11-30,31,62,858702.15,13010.64,66,Premium,Brisbane
2010,2025-12-14,17,60,855380.07,13796.45,62,Regular,Melbourne
2011,2025-12-31,0,69,785232.84,11217.61,70,Regular,Sydney
2012,2025-12-26,5,82,632929.61,7446.23,85,Regular,Brisbane
2013,2025-12-10,21,66,451880.96,6549.0,69,Budget,Melbourne
2014,2025-12-09,22,77,1122014.43,14384.8,78,Premium,Sydney
2015,2025-12-01,30,48,849637.69,16992.75,50,Budget,Sydney
2016,2025-12-30,1,67,1770094.52,25653.54,69,Premium,Brisbane
2017,2025-12-15,16,53,670162.84,11554.53,58,Regular,Sydney
2018,2025-12-27,4,79,1244374.74,15175.3,82,Budget,Melbourne
2019,2025-12-22,9,53,452131.08,8073.77,56,Regular,Sydney
2020,2025-12-28,3,73,984817.04,12958.12,76,Budget,Adelaide
2021,2025-12-27,4,62,319676.42,4994.94,64,Regular,Brisbane
2022,2025-12-25,6,65,445086.38,6643.08,67,Regular,Adelaide
2023,2025-12-31,0,74,893864.72,11314.74,79,Regular,Sydney
2024,2025-12-25,6,58,437211.74,7286.86,60,Premium,Melbourne
2025,2025-12-31,0,73,942360.23,12399.48,76,Budget,Melbourne
2026,2025-12-30,1,50,490449.01,9616.65,51,Budget,Brisbane
2027,2025-12-28,3,65,718831.89,10417.85,69,Regular,Adelaide
2028,2025-12-26,5,58,584030.51,9898.82,59,Budget,Sydney
2029,2025-12-27,4,77,620962.69,7481.48,83,Regular,Adelaide
2030,2025-12-21,10,65,682796.55,10345.4,66,Budget,Brisbane
2031,2025-12-30,1,80,1123233.0,13697.96,82,Budget,Adelaide
2032,2025-12-26,5,62,583708.77,9120.45,64,Regular,Sydney
2033,2025-12-09,22,64,830616.16,12037.92,69,Premium,Adelaide
2034,2025-12-05,26,58,386618.02,6552.85,59,Budget,Melbourne
2035,2025-11-21,40,55,422269.84,7540.53,56,Premium,Melbourne
2036,2025-12-30,1,65,798706.95,11249.39,71,Regular,Sydney
2037,2025-12-23,8,61,334547.92,5395.93,62,Budget,Adelaide
2038,2025-12-31,0,71,563597.05,7827.74,72,Regular,Adelaide
2039,2025-12-28,3,82,968033.46,11126.82,87,Regular,Sydney
2040,2025-12-29,2,67,1091579.42,15593.99,70,Budget,Melbourne
2041,2025-12-22,9,74,1148129.4,14719.61,78,Regular,Brisbane
2042,2025-12-19,12,77,987016.06,12493.87,79,Budget,Brisbane
2043,2025-12-29,2,83,873490.09,10040.12,87,Budget,Sydney
2044,2025-12-19,12,74,825604.96,10863.22,76,Regular,Melbourne
2045,2025-12-20,11,73,571194.35,7230.31,79,Regular,Melbourne
2046,2025-12-31,0,66,992926.36,13984.88,71,Regular,Melbourne
2047,2025-12-25,6,65,781099.17,11834.84,66,Budget,Adelaide
2048,2025-12-13,18,72,910416.63,11979.17,76,Premium,Sydney
2049,2025-12-12,19,76,858704.69,10869.68,79,Regular,Brisbane
2050,2025-12-31,0,76,557747.1,6885.77,81,Premium,Adelaide
2051,2025-12-05,26,63,751810.77,11566.32,65,Regular,Adelaide
2052,2025-12-22,9,71,592114.63,7894.86,75,Budget,Adelaide
2053,2025-12-27,4,81,476592.14,5673.72,84,Regular,Sydney
2054,2025-12-15,16,64,677411.41,10421.71,65,Budget,Sydney
2055,2025-12-28,3,59,1278872.7,20965.13,61,Regular,Adelaide
2056,2025-12-27,4,74,871403.16,11171.84,78,Regular,Brisbane
2057,2025-12-23,8,77,1291570.76,15194.95,85,Budget,Brisbane
2058,2025-12-10,21,73,1250049.73,15823.41,79,Premium,Melbourne
2059,2025-12-28,3,68,932823.79,12778.41,73,Budget,Brisbane
2060,2025-12-31,0,77,605789.89,7572.37,80,Regular,Sydney
2061,2025-12-31,0,71,771704.08,10154.0,76,Regular,Melbourne
2062,2025-12-25,6,86,667283.79,7582.77,88,Budget,Brisbane
2063,2025-12-28,3,74,540223.95,6838.28,79,Regular,Sydney
2064,2025-12-02,29,67,1279157.81,19091.91,67,Regular,Sydney
2065,2025-12-30,1,65,712397.7,10476.44,68,Budget,Sydney
2066,2025-12-25,6,79,1220981.41,14364.49,85,Regular,Sydney
2067,2025-12-29,2,61,1116016.09,17714.54,63,Budget,Adelaide
2068,2025-12-23,8,83,838745.94,9640.76,87,Regular,Brisbane
2069,2025-12-27,4,63,1300408.34,20006.28,65,Budget,Adelaide
2070,2025-12-31,0,62,553265.7,8511.78,65,Premium,Melbourne
2071,2025-12-22,9,54,666380.75,11489.32,58,Premium,Brisbane
2072,2025-12-17,14,67,677121.22,9673.16,70,Budget,Adelaide
2073,2025-12-30,1,68,756429.39,10653.94,71,Budget,Melbourne
2074,2025-12-31,0,68,412776.98,5982.28,69,Regular,Brisbane
2075,2025-12-22,9,62,432228.23,6451.17,67,Regular,Brisbane
2076,2025-12-29,2,78,550989.69,6719.39,82,Regular,Adelaide
2077,2025-12-29,2,63,1002935.39,15670.87,64,Budget,Adelaide
2078,2025-12-08,23,53,678557.15,12565.87,54,Budget,Brisbane
2079,2025-12-16,15,74,525199.95,6820.78,77,Premium,Brisbane
2080,2025-12-25,6,62,833095.98,13223.75,63,Regular,Adelaide
2081,2025-12-22,9,81,1104274.01,12692.8,87,Premium,Brisbane
2082,2025-12-30,1,71,950670.6,12846.9,74,Regular,Melbourne
2083,2025-12-28,3,70,600461.19,8339.74,72,Premium,Brisbane
2084,2025-12-21,10,79,1134416.18,14180.2,80,Budget,Brisbane
2085,2025-12-28,3,71,1243048.1,16355.9,76,Budget,Sydney
2086,2025-11-21,40,66,729341.59,9990.98,73,Premium,Brisbane
2087,2025-12-26,5,66,726710.79,10235.36,71,Premium,Brisbane
2088,2025-12-28,3,68,488804.29,7188.3,68,Budget,Adelaide
2089,2025-12-29,2,67,453972.47,6676.07,68,Budget,Brisbane
2090,2025-12-02,29,56,687440.58,11651.54,59,Regular,Sydney
2091,2025-12-10,21,73,1367899.33,17764.93,77,Regular,Adelaide
2092,2025-12-28,3,76,963563.84,12353.38,78,Budget,Brisbane
2093,2025-12-27,4,68,964030.84,13577.9,71,Premium,Melbourne
2094,2025-12-22,9,73,748208.63,9844.85,76,Budget,Adelaide
2095,2025-12-25,6,69,857774.69,11750.34,73,Regular,Melbourne
2096,2025-12-28,3,73,840510.09,10639.37,79,Budget,Melbourne
2097,2025-12-13,18,72,880635.95,11900.49,74,Budget,Adelaide
2098,2025-12-24,7,75,686392.68,9031.48,76,Regular,Adelaide
2099,2025-12-26,5,66,410864.21,6042.12,68,Budget,Brisbane
2100,2025-12-29,2,71,563541.27,7415.02,76,Regular,Melbourne
2101,2025-12-19,12,61,414173.08,6471.45,64,Budget,Adelaide
2102,2025-12-28,3,73,584077.81,7393.39,79,Premium,Sydney
2103,2025-12-22,9,76,793373.66,9917.17,80,Regular,Brisbane
2104,2025-12-23,8,57,344227.24,5834.36,59,Premium,Brisbane
2105,2025-12-28,3,61,944547.02,15484.38,61,Budget,Adelaide
2106,2025-12-21,10,72,1082308.92,14430.79,75,Budget,Melbourne
2107,2025-12-29,2,68,855625.31,12582.73,68,Budget,Adelaide
2108,2025-11-28,33,51,391066.7,7520.51,52,Regular,Sydney
2109,2025-11-30,31,74,930916.74,11783.76,79,Budget,Adelaide
2110,2025-12-23,8,74,1065175.24,13833.44,77,Budget,Sydney
2111,2025-12-09,22,81,919061.05,10211.79,90,Budget,Brisbane
2112,2025-12-28,3,68,620881.41,8744.81,71,Budget,Sydney
2113,2025-12-29,2,84,1016405.11,11818.66,86,Budget,Adelaide
2114,2025-12-31,0,61,462484.71,7341.03,63,Budget,Adelaide
2115,2025-12-19,12,52,560271.02,10375.39,54,Budget,Sydney
2116,2025-12-31,0,66,653417.21,9334.53,70,Regular,Adelaide
2117,2025-12-30,1,73,901513.23,11707.96,77,Budget,Melbourne
2118,2025-12-30,1,66,523454.92,7270.21,72,Budget,Brisbane
2119,2025-12-21,10,74,1408035.56,18286.18,77,Regular,Sydney
2120,2025-12-16,15,60,715238.16,11175.6,64,Regular,Sydney
2121,2025-12-14,17,63,836699.15,12872.29,65,Budget,Sydney
2122,2025-12-12,19,71,353154.91,4772.36,74,Regular,Brisbane
2123,2025-12-21,10,68,658510.21,9274.79,71,Premium,Brisbane
2124,2025-12-28,3,79,1604809.91,19104.88,84,Regular,Adelaide
2125,2025-12-21,10,68,782932.95,11027.22,71,Premium,Sydney
2126,2025-12-09,22,75,786500.49,9831.26,80,Regular,Brisbane
2127,2025-12-27,4,68,914384.97,13062.64,70,Budget,Sydney
2128,2025-12-13,18,57,764511.55,12532.98,61,Regular,Melbourne
2129,2025-12-02,29,73,723000.83,9640.01,75,Regular,Sydney
2130,2025-12-23,8,88,961617.11,10452.36,92,Premium,Sydney
2131,2025-12-30,1,73,518207.07,6818.51,76,Regular,Brisbane
2132,2025-12-12,19,72,1471241.64,19616.56,75,Budget,Adelaide
2133,2025-12-09,22,80,750145.24,9376.82,80,Regular,Brisbane
2134,2025-12-19,12,73,922867.16,11831.63,78,Budget,Adelaide
2135,2025-12-17,14,68,480100.18,6761.97,71,Regular,Brisbane
2136,2025-12-18,13,68,386411.62,5600.17,69,Regular,Sydney
2137,2025-12-24,7,67,768858.25,11142.87,69,Regular,Melbourne
2138,2025-12-05,26,66,468491.95,6692.74,70,Premium,Adelaide
2139,2025-12-09,22,58,570245.79,9665.18,59,Regular,Sydney
2140,2025-12-17,14,71,498134.49,6823.76,73,Regular,Sydney
2141,2025-12-10,21,74,765464.25,10071.9,76,Regular,Adelaide
2142,2025-12-23,8,78,568766.6,7199.58,79,Regular,Sydney
2143,2025-12-18,13,77,512769.91,5962.44,86,Premium,Adelaide
2144,2025-12-13,18,54,755525.48,13736.83,55,Budget,Adelaide
2145,2025-12-20,11,64,459396.59,6562.81,70,Regular,Brisbane
2146,2025-12-30,1,55,659857.31,11184.02,59,Budget,Brisbane
2147,2025-12-27,4,63,751916.36,11567.94,65,Premium,Sydney
2148,2025-12-17,14,57,693444.5,11367.94,61,Regular,Melbourne
2149,2025-12-28,3,66,837658.31,12318.5,68,Regular,Adelaide
2150,2025-12-27,4,78,783100.02,9550.0,82,Budget,Adelaide
2151,2025-12-17,14,59,436654.19,7400.92,59,Budget,Melbourne
2152,2025-12-25,6,60,1524194.29,24193.56,63,Regular,Adelaide
2153,2025-12-04,27,52,421805.29,7669.19,55,Budget,Adelaide
2154,2025-12-25,6,66,732293.78,10929.76,67,Budget,Sydney
2155,2025-12-24,7,63,627934.25,9514.16,66,Premium,Brisbane
2156,2025-12-14,17,78,951146.18,11459.59,83,Regular,Brisbane
2157,2025-12-13,18,70,923918.48,12656.42,73,Budget,Brisbane
2158,2025-12-15,16,65,499841.96,7140.6,70,Budget,Adelaide
2159,2025-12-10,21,83,991158.09,10657.61,93,Premium,Adelaide
2160,2025-12-31,0,76,928242.76,11320.03,82,Regular,Brisbane
2161,2025-12-14,17,79,826559.0,10079.99,82,Regular,Melbourne
2162,2025-12-26,5,77,1096291.73,13877.11,79,Budget,Adelaide
2163,2025-11-12,49,70,1066404.35,14811.17,72,Budget,Adelaide
2164,2025-12-27,4,75,1218429.01,15423.15,79,Budget,Brisbane
2165,2025-12-21,10,73,818464.31,10912.86,75,Regular,Brisbane
2166,2025-11-14,47,61,838533.32,13746.45,61,Budget,Sydney
2167,2025-12-22,9,64,983549.01,15367.95,64,Budget,Melbourne
2168,2025-12-12,19,65,680531.25,9721.88,70,Regular,Sydney
2169,2025-12-28,3,85,1210384.18,13156.35,92,Premium,Brisbane
2170,2025-12-25,6,75,1373014.99,18065.99,76,Regular,Adelaide
2171,2025-12-25,6,63,515302.15,7577.97,68,Regular,Sydney
2172,2025-12-18,13,61,679543.54,10296.11,66,Regular,Adelaide
2173,2025-12-11,20,66,739071.93,10264.89,72,Regular,Sydney
2174,2025-12-29,2,74,769803.35,10128.99,76,Budget,Sydney
2175,2025-12-29,2,64,667076.59,10107.22,66,Regular,Adelaide
2176,2025-12-26,5,67,1016494.74,14948.45,68,Regular,Sydney
2177,2025-12-29,2,75,841682.01,10391.14,81,Regular,Brisbane
2178,2025-12-26,5,72,552577.98,7270.76,76,Premium,Adelaide
2179,2025-12-20,11,69,1163943.6,15944.43,73,Premium,Melbourne
2180,2025-12-31,0,75,752878.08,9652.28,78,Budget,Sydney
2181,2025-12-23,8,79,647394.09,7895.05,82,Budget,Melbourne
2182,2025-12-28,3,76,657637.46,8540.75,77,Budget,Sydney
2183,2025-12-22,9,69,906639.21,12769.57,71,Budget,Brisbane
2184,2025-12-26,5,75,528013.5,6683.72,79,Budget,Adelaide
2185,2025-12-19,12,64,890478.87,13913.73,64,Budget,Adelaide
2186,2025-12-26,5,66,789295.5,11607.29,68,Regular,Adelaide
2187,2025-12-26,5,59,718710.89,11592.11,62,Regular,Adelaide
2188,2025-12-29,2,75,285705.19,3710.46,77,Premium,Adelaide
2189,2025-12-20,11,67,541950.24,7742.15,70,Budget,Adelaide
2190,2025-12-30,1,75,713536.67,9513.82,75,Budget,Brisbane
2191,2025-12-22,9,95,1010278.51,10308.96,98,Regular,Adelaide
2192,2025-12-20,11,63,595941.59,8894.65,67,Budget,Melbourne
2193,2025-12-27,4,70,611041.52,8257.32,74,Budget,Melbourne
2194,2025-12-29,2,62,511312.83,7866.35,65,Premium,Adelaide
2195,2025-12-23,8,62,590554.83,9373.89,63,Budget,Melbourne
2196,2025-12-23,8,70,665590.88,9117.68,73,Budget,Melbourne
2197,2025-12-25,6,67,1297138.78,18799.11,69,Regular,Sydney
2198,2025-12-31,0,64,495608.47,7288.36,68,Regular,Melbourne
2199,2025-12-23,8,64,794658.02,11860.57,67,Regular,Brisbane
2200,2025-11-20,41,84,500688.14,5755.04,87,Budget,Adelaide
2201,2025-12-14,17,54,356593.55,6148.16,58,Regular,Sydney
2202,2025-12-13,18,76,1119805.15,13824.75,81,Budget,Brisbane
2203,2025-12-14,17,59,961158.22,15756.69,61,Regular,Adelaide
2204,2025-12-31,0,75,798731.77,10240.15,78,Regular,Adelaide
2205,2025-12-26,5,70,960841.76,13532.98,71,Premium,Adelaide
2206,2025-12-07,24,70,1010854.33,13478.06,75,Budget,Sydney
2207,2025-12-19,12,58,874567.26,14576.12,60,Regular,Melbourne
2208,2025-12-18,13,60,677297.17,10750.75,63,Budget,Adelaide
2209,2025-12-22,9,70,999676.16,13884.39,72,Budget,Adelaide
2210,2025-12-09,22,66,518997.82,7746.24,67,Budget,Brisbane
2211,2025-12-28,3,75,619745.0,7844.87,79,Regular,Adelaide
2212,2025-12-30,1,69,667661.08,9538.02,70,Budget,Brisbane
2213,2025-12-28,3,74,1155894.62,14819.16,78,Regular,Sydney
2214,2025-12-31,0,58,622001.04,10542.39,59,Budget,Adelaide
2215,2025-12-23,8,71,542381.57,7429.88,73,Premium,Sydney
2216,2025-12-13,18,78,1067198.98,13014.62,82,Regular,Melbourne
2217,2025-12-31,0,70,660146.25,8573.33,77,Budget,Sydney
2218,2025-12-22,9,71,697182.01,9550.44,73,Budget,Brisbane
2219,2025-12-28,3,62,1346636.57,20717.49,65,Budget,Sydney
2220,2025-12-19,12,74,873618.34,11494.98,76,Premium,Brisbane
2221,2025-12-22,9,78,975227.08,12039.84,81,Budget,Adelaide
2222,2025-12-18,13,49,294548.48,5775.46,51,Regular,Adelaide
2223,2025-12-22,9,61,689916.25,11310.1,61,Regular,Melbourne
2224,2025-12-28,3,54,616667.89,11419.78,54,Regular,Adelaide
2225,2025-12-23,8,60,666616.1,10415.88,64,Regular,Melbourne
2226,2025-12-04,27,61,820923.74,12826.93,64,Regular,Brisbane
2227,2025-12-29,2,71,985018.23,12468.59,79,Premium,Brisbane
2228,2025-12-29,2,56,589886.06,10170.45,58,Budget,Sydney
2229,2025-12-25,6,70,396950.82,5590.86,71,Regular,Sydney
2230,2025-12-31,0,79,947614.02,11417.04,83,Budget,Sydney
2231,2025-12-15,16,66,941126.93,13444.67,70,Regular,Adelaide
2232,2025-12-28,3,64,1089286.9,16758.26,65,Premium,Adelaide
2233,2025-12-30,1,64,803121.84,11986.89,67,Regular,Melbourne
2234,2025-12-30,1,76,941212.6,11619.91,81,Regular,Adelaide
2235,2025-12-27,4,67,948041.83,13167.25,72,Budget,Sydney
2236,2025-12-22,9,67,743269.33,10772.02,69,Regular,Adelaide
2237,2025-12-26,5,63,370466.66,5788.54,64,Budget,Sydney
2238,2025-12-15,16,65,577044.52,8612.6,67,Regular,Sydney
2239,2025-12-30,1,72,640355.3,8771.99,73,Regular,Adelaide
2240,2025-12-25,6,74,1184476.27,15382.81,77,Budget,Melbourne
2241,2025-12-20,11,59,743078.46,11794.9,63,Budget,Melbourne
2242,2025-11-30,31,72,977024.73,12212.81,80,Budget,Adelaide
2243,2025-12-31,0,82,1317415.53,15499.01,85,Budget,Melbourne
2244,2025-12-20,11,67,701442.01,10315.32,68,Budget,Adelaide
2245,2025-12-29,2,72,531712.64,6996.22,76,Premium,Sydney
2246,2025-12-30,1,69,511785.01,7208.24,71,Regular,Sydney
2247,2025-12-23,8,54,632803.89,11718.59,54,Budget,Melbourne
2248,2025-12-27,4,66,727989.89,10865.52,67,Regular,Brisbane
2249,2025-12-30,1,62,640483.97,9853.6,65,Regular,Sydney
2250,2025-12-31,0,87,1350583.84,15006.49,90,Budget,Sydney
2251,2025-12-24,7,66,665593.39,9374.55,71,Budget,Brisbane
2252,2025-12-26,5,60,579430.98,9197.32,63,Budget,Melbourne
2253,2025-12-27,4,74,906182.04,11327.28,80,Budget,Melbourne
2254,2025-12-30,1,64,902544.2,13674.91,66,Regular,Sydney
2255,2025-12-21,10,78,586163.28,7062.21,83,Premium,Sydney
2256,2025-12-09,22,63,752706.04,11580.09,65,Budget,Sydney
2257,2025-12-31,0,77,1463916.11,16826.62,87,Regular,Brisbane
2258,2025-11-28,33,66,861664.13,11644.11,74,Budget,Sydney
2259,2025-12-30,1,67,553923.23,8145.93,68,Regular,Sydney
2260,2025-12-28,3,73,950372.43,12842.87,74,Regular,Adelaide
2261,2025-12-31,0,57,567043.92,9145.87,62,Budget,Melbourne
2262,2025-12-17,14,57,570371.61,9350.35,61,Budget,Brisbane
2263,2025-12-15,16,62,978641.16,15056.02,65,Regular,Melbourne
2264,2025-12-31,0,61,390927.44,6408.65,61,Premium,Adelaide
2265,2025-12-22,9,69,1344478.32,17690.5,76,Budget,Adelaide
2266,2025-12-29,2,65,842127.52,12569.07,67,Budget,Melbourne
2267,2025-12-27,4,72,1125852.24,14621.46,77,Budget,Brisbane
2268,2025-12-13,18,61,799622.77,12301.89,65,Regular,Melbourne
2269,2025-12-24,7,82,1294771.98,14882.44,87,Regular,Adelaide
2270,2025-12-22,9,68,815405.97,11169.94,73,Regular,Melbourne
2271,2025-12-24,7,65,1330594.34,19567.56,68,Regular,Adelaide
2272,2025-12-14,17,59,710438.47,11458.68,62,Premium,Brisbane
2273,2025-12-10,21,70,760798.84,10281.07,74,Regular,Brisbane
2274,2025-12-24,7,73,780551.74,10548.0,74,Budget,Melbourne
2275,2025-12-20,11,81,704122.52,8001.39,88,Regular,Adelaide
2276,2025-12-06,25,61,1173717.36,17260.55,68,Budget,Brisbane
2277,2025-12-30,1,68,448510.12,6500.15,69,Budget,Adelaide
2278,2025-12-11,20,68,609319.62,8462.77,72,Premium,Adelaide
2279,2025-12-15,16,82,1012852.8,12203.05,83,Regular,Sydney
2280,2025-12-07,24,61,568838.31,8888.1,64,Premium,Adelaide
2281,2025-12-24,7,70,1051297.95,14401.34,73,Regular,Adelaide
2282,2025-12-30,1,61,715028.46,11172.32,64,Regular,Sydney
2283,2025-12-31,0,75,925177.07,11861.24,78,Regular,Adelaide
2284,2025-12-24,7,62,867504.86,13346.23,65,Budget,Brisbane
2285,2025-12-27,4,56,649206.1,11193.21,58,Budget,Melbourne
2286,2025-12-15,16,53,628063.76,11215.42,56,Regular,Sydney
2287,2025-11-16,45,64,651585.74,9177.26,71,Budget,Melbourne
2288,2025-12-13,18,83,700525.79,8052.02,87,Premium,Sydney
2289,2025-12-17,14,55,844720.89,15084.3,56,Budget,Brisbane
2290,2025-12-23,8,75,1274713.62,15737.21,81,Budget,Brisbane
2291,2025-12-29,2,66,910907.81,13012.97,70,Regular,Brisbane
2292,2025-12-31,0,61,531252.45,8709.06,61,Budget,Brisbane
2293,2025-12-16,15,73,1285601.6,17141.35,75,Premium,Melbourne
2294,2025-12-17,14,76,793394.35,10171.72,78,Regular,Brisbane
2295,2025-12-27,4,60,618796.71,10313.28,60,Budget,Adelaide
2296,2025-12-31,0,76,427224.53,5340.31,80,Regular,Sydney
2297,2025-12-30,1,82,850550.46,10125.6,84,Regular,Melbourne
2298,2025-12-24,7,62,521062.0,8016.34,65,Regular,Adelaide
2299,2025-12-21,10,67,626770.13,9217.21,68,Regular,Adelaide
2300,2025-12-31,0,70,906229.78,12246.35,74,Regular,Adelaide
2301,2025-12-23,8,75,700523.49,9340.31,75,Regular,Sydney
2302,2025-12-31,0,63,919774.13,13935.97,66,Budget,Melbourne
2303,2025-12-30,1,76,1124676.91,14236.42,79,Regular,Sydney
2304,2025-12-24,7,62,519179.12,8240.94,63,Premium,Adelaide
2305,2025-11-29,32,62,599993.15,9374.89,64,Regular,Brisbane
2306,2025-12-19,12,71,377564.4,5034.19,75,Regular,Sydney
2307,2025-11-21,40,59,737905.1,11901.7,62,Regular,Sydney
2308,2025-12-26,5,63,430115.33,6057.96,71,Regular,Brisbane
2309,2025-12-25,6,59,488484.06,7878.78,62,Premium,Adelaide
2310,2025-12-16,15,71,545090.14,7570.7,72,Budget,Adelaide
2311,2025-12-16,15,71,1022209.77,13450.13,76,Budget,Adelaide
2312,2025-12-30,1,76,660720.51,8470.78,78,Regular,Adelaide
2313,2025-12-18,13,73,772390.92,10437.72,74,Regular,Adelaide
2314,2025-12-12,19,57,268556.44,4630.28,58,Regular,Adelaide
2315,2025-12-31,0,82,727783.19,8462.6,86,Budget,Adelaide
2316,2025-12-20,11,67,851604.16,11827.84,72,Regular,Melbourne
2317,2025-12-07,24,70,738063.54,10250.88,72,Regular,Adelaide
2318,2025-12-05,26,65,1055152.35,15073.61,70,Regular,Adelaide
2319,2025-12-24,7,70,1138268.58,15382.01,74,Regular,Sydney
2320,2025-12-31,0,70,861019.84,11635.4,74,Regular,Brisbane
2321,2025-12-16,15,77,858900.05,10736.25,80,Regular,Melbourne
2322,2025-12-21,10,74,655809.28,8301.38,79,Regular,Sydney
2323,2025-12-24,7,67,623967.9,9176.0,68,Regular,Sydney
2324,2025-12-20,11,68,1003869.66,13751.64,73,Regular,Sydney
2325,2025-12-29,2,67,474925.81,6784.65,70,Regular,Adelaide
2326,2025-12-25,6,62,478690.65,7252.89,66,Budget,Adelaide
2327,2025-12-14,17,72,949801.73,12497.39,76,Budget,Sydney
2328,2025-12-18,13,60,614036.84,10066.18,61,Regular,Brisbane
2329,2025-12-29,2,73,962081.05,12827.75,75,Premium,Brisbane
2330,2025-12-29,2,69,1753924.0,23077.95,76,Regular,Brisbane
2331,2025-12-20,11,64,573881.21,8565.39,67,Budget,Brisbane
2332,2025-12-28,3,63,378633.34,5916.15,64,Regular,Adelaide
2333,2025-12-27,4,69,691716.85,9607.18,72,Budget,Brisbane
2334,2025-12-11,20,72,1029293.76,13196.07,78,Regular,Brisbane
2335,2025-12-26,5,77,982227.79,11978.39,82,Regular,Brisbane
2336,2025-12-31,0,66,857835.62,12082.19,71,Regular,Melbourne
2337,2025-12-29,2,79,1464577.47,18081.2,81,Regular,Adelaide
2338,2025-12-31,0,78,438620.51,5482.76,80,Budget,Melbourne
2339,2025-12-25,6,58,528854.29,8814.24,60,Regular,Adelaide
2340,2025-12-20,11,80,642556.3,7471.58,86,Premium,Brisbane
2341,2025-12-25,6,64,733024.58,10623.54,69,Regular,Brisbane
2342,2025-12-12,19,53,657924.29,11962.26,55,Regular,Adelaide
2343,2025-12-26,5,66,393169.91,5781.91,68,Budget,Brisbane
2344,2025-12-25,6,79,851922.44,10389.3,82,Budget,Brisbane
2345,2025-12-25,6,79,646925.63,7435.93,87,Budget,Brisbane
2346,2025-12-24,7,61,440005.38,6875.08,64,Budget,Brisbane
2347,2025-12-29,2,74,1215446.89,15385.4,79,Budget,Melbourne
2348,2025-12-29,2,67,641661.99,9299.45,69,Premium,Brisbane
2349,2025-12-25,6,69,1446921.84,20379.18,71,Regular,Adelaide
2350,2025-12-27,4,57,573263.9,9554.4,60,Budget,Brisbane
2351,2025-12-27,4,67,510525.91,7507.73,68,Budget,Adelaide
2352,2025-12-27,4,72,669213.47,8691.08,77,Budget,Adelaide
2353,2025-12-24,7,64,843195.55,11711.05,72,Regular,Melbourne
2354,2025-12-23,8,71,1121500.96,14953.35,75,Budget,Sydney
2355,2025-12-30,1,72,691763.95,9476.22,73,Regular,Melbourne
2356,2025-11-30,31,65,698970.64,9985.29,70,Regular,Adelaide
2357,2025-12-29,2,71,759100.24,9988.16,76,Budget,Adelaide
2358,2025-12-20,11,71,1132157.13,14514.83,78,Regular,Brisbane
2359,2025-12-30,1,62,569643.62,8900.68,64,Premium,Adelaide
2360,2025-12-14,17,63,857455.98,12797.85,67,Regular,Sydney
2361,2025-12-28,3,82,1153465.01,13570.18,85,Budget,Brisbane
2362,2025-12-02,29,62,499445.33,7683.77,65,Premium,Brisbane
2363,2025-12-31,0,65,885208.26,13212.06,67,Premium,Brisbane
2364,2025-12-28,3,72,731455.03,9258.92,79,Regular,Brisbane
2365,2025-12-29,2,69,694328.63,9382.82,74,Regular,Melbourne
2366,2025-12-23,8,70,1012367.36,14060.66,72,Budget,Brisbane
2367,2025-12-11,20,68,904922.54,12568.37,72,Regular,Brisbane
2368,2025-11-14,47,63,832721.71,12617.0,66,Regular,Adelaide
2369,2025-12-22,9,73,1001507.21,13353.43,75,Budget,Sydney
2370,2025-11-29,32,60,954679.18,15153.64,63,Regular,Melbourne
2371,2025-12-21,10,75,996950.82,12157.94,82,Premium,Melbourne
2372,2025-12-20,11,66,925328.06,13410.55,69,Regular,Sydney
2373,2025-12-09,22,79,1081297.68,12721.15,85,Budget,Melbourne
2374,2025-12-19,12,73,530559.22,6890.38,77,Budget,Melbourne
2375,2025-12-08,23,60,470441.83,7467.33,63,Premium,Melbourne
2376,2025-12-31,0,63,628672.38,9111.19,69,Premium,Melbourne
2377,2025-12-26,5,59,1009106.63,16017.57,63,Regular,Brisbane
2378,2025-12-23,8,57,863122.28,14629.19,59,Regular,Brisbane
2379,2025-12-12,19,68,925825.81,12682.55,73,Regular,Melbourne
2380,2025-12-20,11,70,944632.61,13119.9,72,Regular,Adelaide
2381,2025-12-22,9,73,979852.69,12892.8,76,Budget,Melbourne
2382,2025-12-25,6,73,718294.43,9451.24,76,Budget,Brisbane
2383,2025-12-30,1,63,1687088.09,25561.94,66,Budget,Sydney
2384,2025-12-13,18,58,443202.39,7265.61,61,Regular,Sydney
2385,2025-12-26,5,88,985765.7,10832.59,91,Budget,Melbourne
2386,2025-12-27,4,61,1075036.37,17339.3,62,Budget,Melbourne
2387,2025-12-26,5,57,475004.86,7786.96,61,Regular,Melbourne
2388,2025-11-15,46,66,330365.84,4858.32,68,Budget,Sydney
2389,2025-12-28,3,87,1219465.28,13112.53,93,Budget,Melbourne
2390,2025-12-19,12,72,591964.94,7589.29,78,Regular,Brisbane
2391,2025-12-17,14,74,883974.24,11480.18,77,Budget,Brisbane
2392,2025-12-26,5,68,845545.71,11909.09,71,Regular,Sydney
2393,2025-12-08,23,47,314007.44,6408.32,49,Premium,Melbourne
2394,2025-12-31,0,73,552207.92,7362.77,75,Budget,Brisbane
2395,2025-12-29,2,69,559130.54,7765.7,72,Premium,Brisbane
2396,2025-12-23,8,69,1161862.29,15700.84,74,Premium,Adelaide
2397,2025-12-25,6,72,904534.92,11901.78,76,Regular,Melbourne
2398,2025-12-25,6,80,421520.85,5140.5,82,Regular,Brisbane
2399,2025-12-31,0,67,728013.23,10400.19,70,Regular,Adelaide
2400,2025-12-02,29,56,671281.21,11377.65,59,Regular,Melbourne
2401,2025-12-27,4,68,866890.62,12209.73,71,Regular,Adelaide
2402,2025-12-31,0,64,1191015.15,17776.35,67,Budget,Melbourne
2403,2025-12-24,7,81,723280.65,8509.18,85,Premium,Melbourne
2404,2025-12-31,0,62,945972.09,14332.91,66,Regular,Brisbane
2405,2025-12-25,6,73,526818.19,6931.82,76,Regular,Brisbane
2406,2025-12-16,15,62,664863.65,10073.69,66,Budget,Brisbane
2407,2025-12-25,6,66,728169.32,11032.87,66,Budget,Sydney
2408,2025-12-31,0,60,766687.8,12568.65,61,Regular,Sydney
2409,2025-12-27,4,73,684766.24,9130.22,75,Regular,Adelaide
2410,2025-12-10,21,78,492014.15,6000.17,82,Regular,Adelaide
2411,2025-12-18,13,72,587821.42,7536.17,78,Budget,Adelaide
2412,2025-12-28,3,67,598608.83,8200.12,73,Budget,Brisbane
2413,2025-12-25,6,68,591884.65,8455.5,70,Regular,Adelaide
2414,2025-12-31,0,76,917428.04,11467.85,80,Budget,Melbourne
2415,2025-12-26,5,71,654470.39,8726.27,75,Premium,Sydney
2416,2025-12-26,5,68,503690.04,7094.23,71,Budget,Sydney
2417,2025-12-25,6,72,635039.24,8038.47,79,Budget,Melbourne
2418,2025-12-31,0,76,1434014.47,18152.08,79,Budget,Melbourne
2419,2025-12-04,27,84,1498117.08,16645.75,90,Regular,Adelaide
2420,2025-12-07,24,67,993877.44,14198.25,70,Regular,Melbourne
2421,2025-12-28,3,70,765895.91,10491.72,73,Regular,Brisbane
2422,2025-12-31,0,85,737240.46,8283.6,89,Premium,Melbourne
2423,2025-12-24,7,56,605403.04,10810.77,56,Budget,Brisbane
2424,2025-10-29,63,51,593352.69,10988.01,54,Regular,Brisbane
2425,2025-12-22,9,72,537105.58,7161.41,75,Budget,Sydney
2426,2025-12-11,20,67,689823.21,9997.44,69,Budget,Melbourne
2427,2025-12-07,24,65,745577.32,10805.47,69,Regular,Sydney
2428,2025-12-24,7,82,1051757.65,11557.78,91,Budget,Adelaide
2429,2025-12-18,13,66,665697.4,9245.8,72,Regular,Brisbane
2430,2025-12-08,23,75,1161680.84,15489.08,75,Regular,Adelaide
2431,2025-12-22,9,72,911566.8,11394.58,80,Regular,Adelaide
2432,2025-12-22,9,60,1203406.24,19101.69,63,Regular,Sydney
2433,2025-12-30,1,53,860497.71,15366.03,56,Regular,Brisbane
2434,2025-12-20,11,64,514597.36,7796.93,66,Budget,Sydney
2435,2025-12-15,16,57,910883.43,14691.67,62,Budget,Adelaide
2436,2025-12-01,30,73,767784.32,10237.12,75,Budget,Adelaide
2437,2025-12-20,11,68,596021.45,8637.99,69,Regular,Brisbane
2438,2025-12-31,0,71,679290.93,9057.21,75,Premium,Adelaide
2439,2025-12-22,9,58,575904.12,9929.38,58,Budget,Adelaide
2440,2025-12-15,16,52,424128.98,7854.24,54,Regular,Adelaide
2441,2025-12-21,10,67,1027621.95,14272.53,72,Regular,Sydney
2442,2025-12-26,5,69,1121691.9,14759.1,76,Regular,Sydney
2443,2025-12-27,4,58,898718.67,14733.09,61,Regular,Adelaide
2444,2025-12-27,4,61,900196.85,14288.84,63,Regular,Melbourne
2445,2025-12-16,15,80,823600.86,9689.42,85,Regular,Melbourne
2446,2025-12-30,1,75,783631.61,9556.48,82,Premium,Sydney
2447,2025-12-13,18,67,757491.52,10520.72,72,Budget,Brisbane
2448,2025-12-25,6,57,493049.21,7952.41,62,Premium,Adelaide
2449,2025-12-30,1,59,590940.9,9687.56,61,Budget,Adelaide
2450,2025-12-17,14,70,927386.25,12043.98,77,Regular,Brisbane
2451,2025-12-14,17,66,761217.13,11032.13,69,Budget,Brisbane
2452,2025-12-22,9,74,601616.97,7813.21,77,Budget,Brisbane
2453,2025-12-30,1,75,977331.29,12692.61,77,Budget,Melbourne
2454,2025-12-23,8,78,1728013.12,21073.33,82,Regular,Brisbane
2455,2025-12-26,5,51,950572.92,18280.25,52,Budget,Adelaide
2456,2025-12-31,0,67,435453.87,6310.93,69,Budget,Melbourne
2457,2025-12-27,4,69,542180.85,7745.44,70,Regular,Melbourne
2458,2025-11-28,33,68,963244.92,13195.14,73,Regular,Brisbane
2459,2025-12-04,27,71,810605.91,10665.87,76,Regular,Brisbane
2460,2025-12-12,19,79,1221140.15,14366.35,85,Premium,Sydney
2461,2025-12-25,6,73,883161.48,11039.52,80,Regular,Melbourne
2462,2025-12-26,5,73,983153.61,13108.71,75,Budget,Brisbane
2463,2025-12-30,1,71,797993.04,10639.91,75,Budget,Brisbane
2464,2025-12-26,5,84,663627.56,7456.49,89,Premium,Brisbane
2465,2025-12-30,1,67,872657.87,12466.54,70,Budget,Adelaide
2466,2025-12-31,0,66,737547.06,10387.99,71,Regular,Brisbane
2467,2025-12-08,23,74,637328.54,8385.9,76,Premium,Brisbane
2468,2025-12-07,24,67,510449.26,7189.43,71,Premium,Melbourne
2469,2025-11-19,42,70,326112.72,4529.34,72,Regular,Melbourne
2470,2025-12-26,5,75,1289828.32,15729.61,82,Regular,Adelaide
2471,2025-12-18,13,73,862267.67,11652.27,74,Regular,Melbourne
2472,2025-12-19,12,66,663934.96,9763.75,68,Regular,Brisbane
2473,2025-12-21,10,64,926296.86,13825.33,67,Budget,Sydney
2474,2025-12-29,2,63,786770.96,12104.17,65,Budget,Sydney
2475,2025-12-30,1,60,546768.39,8678.86,63,Regular,Sydney
2476,2025-12-27,4,63,546239.22,7916.51,69,Budget,Sydney
2477,2025-12-18,13,75,564900.67,7242.32,78,Regular,Brisbane
2478,2025-12-22,9,77,713260.29,9028.61,79,Budget,Brisbane
2479,2025-12-31,0,68,479697.84,6756.31,71,Premium,Brisbane
2480,2025-12-30,1,63,947847.25,14810.11,64,Regular,Melbourne
2481,2025-12-26,5,67,1186699.71,16481.94,72,Regular,Brisbane
2482,2025-12-20,11,77,1002330.36,12223.54,82,Regular,Sydney
2483,2025-12-24,7,75,1133473.79,14347.77,79,Budget,Melbourne
2484,2025-12-24,7,69,1319872.64,18589.76,71,Regular,Sydney
2485,2025-12-31,0,71,618515.79,8358.32,74,Budget,Sydney
2486,2025-12-25,6,66,390280.03,5656.23,69,Premium,Sydney
2487,2025-12-07,24,70,1051167.25,14599.55,72,Regular,Sydney
2488,2025-12-31,0,77,1370756.67,16716.54,82,Premium,Melbourne
2489,2025-12-26,5,69,857466.34,11909.25,72,Premium,Brisbane
2490,2025-12-24,7,67,765210.23,11090.0,69,Premium,Brisbane
2491,2025-12-15,16,55,775933.13,13855.95,56,Budget,Melbourne
2492,2025-11-22,39,65,753303.51,11243.34,67,Premium,Sydney
2493,2025-12-23,8,62,716250.12,11019.23,65,Regular,Sydney
2494,2025-12-27,4,62,621844.89,9421.89,66,Regular,Brisbane
2495,2025-12-06,25,77,645334.34,8168.79,79,Regular,Adelaide
2496,2025-12-26,5,68,785880.4,10765.48,73,Budget,Melbourne
2497,2025-12-16,15,75,1297609.46,16636.02,78,Budget,Sydney
2498,2025-11-29,32,67,782046.99,10568.2,74,Budget,Melbourne
2499,2025-12-24,7,83,1211259.54,14084.41,86,Budget,Sydney
2500,2025-12-29,2,74,663699.74,8296.25,80,Regular,Sydney
2501,2025-12-25,6,56,918731.09,15840.19,58,Premium,Melbourne
2502,2025-12-27,4,60,918227.12,15052.9,61,Regular,Adelaide
2503,2025-12-27,4,81,619716.46,7290.78,85,Regular,Brisbane
2504,2025-12-28,3,60,848658.24,13470.77,63,Regular,Adelaide
2505,2025-12-24,7,74,859493.58,11309.13,76,Regular,Melbourne
2506,2025-12-26,5,70,504603.57,7008.38,72,Budget,Melbourne
2507,2025-12-19,12,79,1087702.09,13264.66,82,Regular,Melbourne
2508,2025-12-12,19,67,1126417.88,15865.04,71,Budget,Sydney
2509,2025-12-22,9,56,721771.9,12233.42,59,Regular,Melbourne
2510,2025-12-15,16,65,595223.81,8626.43,69,Regular,Melbourne
2511,2025-12-04,27,76,1043642.45,12278.15,85,Regular,Melbourne
2512,2025-12-07,24,64,513377.01,8021.52,64,Premium,Sydney
2513,2025-12-30,1,73,809518.38,10793.58,75,Budget,Brisbane
2514,2025-12-27,4,74,725579.32,9302.3,78,Premium,Adelaide
2515,2025-12-31,0,61,1145072.87,17891.76,64,Regular,Adelaide
2516,2025-12-19,12,63,638684.47,9532.6,67,Regular,Sydney
2517,2025-12-28,3,67,745593.41,10355.46,72,Regular,Sydney
2518,2025-12-30,1,73,1232632.02,16657.19,74,Regular,Adelaide
2519,2025-12-07,24,65,635332.98,8471.11,75,Premium,Adelaide
2520,2025-12-29,2,58,481659.13,8163.71,59,Regular,Brisbane
2521,2025-12-31,0,67,808413.37,11888.43,68,Regular,Melbourne
2522,2025-12-31,0,74,696898.35,9169.72,76,Regular,Brisbane
2523,2025-12-30,1,82,758907.13,9034.61,84,Regular,Brisbane
2524,2025-12-28,3,76,799817.61,9997.72,80,Premium,Adelaide
2525,2025-12-31,0,74,1149109.0,15119.86,76,Budget,Brisbane
2526,2025-12-29,2,65,1190085.79,17501.26,68,Regular,Sydney
2527,2025-12-22,9,70,778500.98,10243.43,76,Budget,Brisbane
2528,2025-12-12,19,62,766777.21,12171.07,63,Budget,Adelaide
2529,2025-12-22,9,91,1121761.08,11446.54,98,Regular,Melbourne
2530,2025-12-29,2,59,513006.63,8142.96,63,Budget,Sydney
2531,2025-12-28,3,73,933907.05,12128.66,77,Budget,Sydney
2532,2025-12-17,14,62,975041.66,15235.03,64,Budget,Adelaide
2533,2025-12-26,5,62,682869.98,10669.84,64,Regular,Melbourne
2534,2025-12-26,5,72,678646.16,9048.62,75,Regular,Brisbane
2535,2025-11-30,31,59,578750.23,9487.71,61,Premium,Adelaide
2536,2025-12-25,6,62,624205.34,9908.02,63,Budget,Sydney
2537,2025-12-26,5,67,924799.32,12844.43,72,Regular,Sydney
2538,2025-12-30,1,64,1213876.51,18392.07,66,Regular,Adelaide
2539,2025-12-31,0,55,452513.32,7938.83,57,Regular,Brisbane
2540,2025-12-14,17,74,627152.93,8040.42,78,Regular,Sydney
2541,2025-12-06,25,69,752300.14,10595.78,71,Budget,Brisbane
2542,2025-12-25,6,86,988120.66,10858.47,91,Regular,Sydney
2543,2025-12-27,4,70,675695.75,9256.11,73,Regular,Adelaide
2544,2025-12-11,20,59,796679.35,13503.04,59,Regular,Adelaide
2545,2025-12-25,6,63,447853.84,6684.39,67,Regular,Adelaide
2546,2025-12-20,11,71,945622.92,12953.74,73,Regular,Melbourne
2547,2025-12-30,1,74,861905.11,11050.07,78,Regular,Melbourne
2548,2025-12-07,24,66,817505.39,12386.45,66,Budget,Adelaide
2549,2025-12-23,8,65,1095445.16,15428.81,71,Regular,Brisbane
2550,2025-12-28,3,59,617338.84,9957.08,62,Premium,Brisbane
2551,2025-12-29,2,60,735177.35,10502.53,70,Budget,Sydney
2552,2025-12-25,6,76,551327.9,6806.52,81,Regular,Brisbane
2553,2025-12-27,4,58,563251.79,9546.64,59,Budget,Brisbane
2554,2025-12-27,4,71,657214.71,8535.26,77,Regular,Melbourne
2555,2025-12-28,3,59,627370.31,9802.66,64,Budget,Adelaide
2556,2025-12-29,2,65,504815.69,7423.76,68,Regular,Sydney
2557,2025-12-31,0,66,675301.54,9786.98,69,Budget,Brisbane
2558,2025-12-06,25,54,1165355.12,20092.33,58,Regular,Adelaide
2559,2025-12-20,11,65,623432.47,9304.96,67,Premium,Brisbane
2560,2025-12-28,3,88,1423934.51,14832.65,96,Budget,Sydney
2561,2025-12-17,14,65,581378.1,8549.68,68,Premium,Brisbane
2562,2025-12-25,6,85,811466.69,8917.22,91,Premium,Brisbane
2563,2025-12-21,10,72,607381.98,8098.43,75,Premium,Brisbane
2564,2025-12-26,5,63,952942.38,14013.86,68,Budget,Melbourne
2565,2025-12-24,7,77,1067871.36,13183.6,81,Regular,Brisbane
2566,2025-12-17,14,69,930425.33,12922.57,72,Budget,Melbourne
2567,2025-12-28,3,80,839762.56,9997.17,84,Budget,Brisbane
2568,2025-12-29,2,69,696827.22,9954.67,70,Premium,Brisbane
2569,2025-12-26,5,65,1047919.93,15877.57,66,Regular,Brisbane
2570,2025-12-31,0,61,643413.27,9603.18,67,Regular,Adelaide
2571,2025-12-23,8,56,555986.35,9423.5,59,Budget,Adelaide
2572,2025-12-29,2,78,481765.88,5804.41,83,Regular,Adelaide
2573,2025-12-11,20,77,971356.51,11992.06,81,Regular,Adelaide
2574,2025-12-24,7,67,651953.1,9182.44,71,Regular,Adelaide
2575,2025-12-11,20,62,474106.18,7646.87,62,Premium,Sydney
2576,2025-12-25,6,64,878787.83,13116.24,67,Budget,Melbourne
2577,2025-12-21,10,56,182451.65,3145.72,58,Budget,Brisbane
2578,2025-12-27,4,75,1404093.41,18001.2,78,Regular,Melbourne
2579,2025-12-20,11,65,806558.05,11522.26,70,Premium,Brisbane
2580,2025-12-28,3,66,628243.56,8725.61,72,Budget,Sydney
2581,2025-12-27,4,68,436525.85,5899.0,74,Budget,Sydney
2582,2025-12-28,3,60,782608.43,12040.13,65,Budget,Brisbane
2583,2025-12-22,9,66,924248.35,13017.58,71,Premium,Adelaide
2584,2025-12-30,1,67,781719.57,10857.22,72,Budget,Melbourne
2585,2025-12-26,5,81,739794.72,9021.89,82,Regular,Melbourne
2586,2025-12-23,8,67,838105.98,11480.9,73,Premium,Brisbane
2587,2025-12-27,4,79,1059936.71,12926.06,82,Budget,Melbourne
2588,2025-12-23,8,63,600144.16,9232.99,65,Regular,Sydney
2589,2025-12-29,2,67,770228.53,11003.26,70,Regular,Brisbane
2590,2025-12-17,14,72,1149991.5,15753.31,73,Regular,Adelaide
2591,2025-12-30,1,59,1330624.93,21461.69,62,Budget,Brisbane
2592,2025-12-21,10,66,747304.84,10675.78,70,Regular,Adelaide
2593,2025-12-06,25,57,499784.17,8470.92,59,Budget,Brisbane
2594,2025-12-23,8,71,953411.8,12712.16,75,Regular,Adelaide
2595,2025-12-28,3,70,931277.24,13303.96,70,Regular,Sydney
2596,2025-12-24,7,63,950198.0,14396.94,66,Budget,Sydney
2597,2025-12-27,4,75,809691.32,10653.83,76,Budget,Sydney
2598,2025-12-26,5,71,871288.48,11617.18,75,Premium,Adelaide
2599,2025-12-30,1,86,1057257.15,11747.3,90,Budget,Brisbane
2600,2025-12-23,8,72,1045436.58,14127.52,74,Budget,Sydney
2601,2025-12-31,0,58,512648.74,8137.28,63,Regular,Adelaide
2602,2025-12-28,3,59,956897.46,15686.84,61,Budget,Melbourne
2603,2025-12-26,5,66,870433.51,12434.76,70,Budget,Brisbane
2604,2025-12-28,3,58,1025670.86,16814.28,61,Regular,Sydney
2605,2025-12-27,4,65,707734.58,10723.25,66,Budget,Sydney
2606,2025-12-13,18,85,932781.21,10029.91,93,Regular,Melbourne
2607,2025-12-24,7,60,863526.65,14392.11,60,Regular,Sydney
2608,2025-12-14,17,66,1163872.07,16392.56,71,Regular,Brisbane
2609,2025-12-28,3,62,763728.59,11571.65,66,Budget,Sydney
2610,2025-12-20,11,78,990664.82,12081.28,82,Regular,Sydney
2611,2025-12-31,0,73,580397.81,7537.63,77,Budget,Brisbane
2612,2025-12-23,8,65,320701.11,4933.86,65,Regular,Melbourne
2613,2025-12-30,1,83,1015242.47,11944.03,85,Budget,Brisbane
2614,2025-12-21,10,69,577306.85,8018.15,72,Regular,Brisbane
2615,2025-12-20,11,72,632867.22,8438.23,75,Budget,Adelaide
2616,2025-12-30,1,70,742879.29,10317.77,72,Budget,Adelaide
2617,2025-12-31,0,74,1093622.09,14020.8,78,Regular,Sydney
2618,2025-12-30,1,77,883388.8,10906.03,81,Budget,Brisbane
2619,2025-11-28,33,62,1009650.71,15775.79,64,Budget,Brisbane
2620,2025-12-31,0,68,773711.15,10316.15,75,Regular,Brisbane
2621,2025-12-21,10,61,473412.07,7514.48,63,Regular,Adelaide
2622,2025-12-27,4,69,605700.0,8412.5,72,Budget,Sydney
2623,2025-12-25,6,63,450972.75,7158.3,63,Premium,Melbourne
2624,2025-12-28,3,60,650304.44,9853.1,66,Regular,Adelaide
2625,2025-12-27,4,53,529487.78,9289.26,57,Premium,Adelaide
2626,2025-12-30,1,62,804329.71,12374.3,65,Regular,Sydney
2627,2025-12-17,14,77,932313.73,11510.05,81,Regular,Melbourne
2628,2025-12-29,2,72,708636.62,9448.49,75,Regular,Melbourne
2629,2025-12-09,22,72,648857.22,8426.72,77,Regular,Sydney
2630,2025-12-25,6,69,930509.49,13105.77,71,Premium,Sydney
2631,2025-11-14,47,51,308678.63,5716.27,54,Budget,Brisbane
2632,2025-12-25,6,65,679509.1,10295.59,66,Budget,Brisbane
2633,2025-12-30,1,73,914935.09,12199.13,75,Budget,Brisbane
2634,2025-12-28,3,67,715687.16,10224.1,70,Premium,Melbourne
2635,2025-12-31,0,60,679891.15,10623.3,64,Regular,Adelaide
2636,2025-12-31,0,69,513503.98,7034.3,73,Regular,Brisbane
2637,2025-12-20,11,73,874295.27,11067.03,79,Regular,Adelaide
2638,2025-12-19,12,63,446456.63,6565.54,68,Premium,Melbourne
2639,2025-12-28,3,86,1161025.41,12484.14,93,Budget,Sydney
2640,2025-12-13,18,73,642079.78,8448.42,76,Regular,Melbourne
2641,2025-12-31,0,82,704233.09,8188.76,86,Premium,Brisbane
2642,2025-12-30,1,75,958102.87,12127.88,79,Budget,Melbourne
2643,2025-12-18,13,66,965305.26,14195.67,68,Regular,Adelaide
2644,2025-12-26,5,69,655140.73,9359.15,70,Budget,Sydney
2645,2025-12-17,14,75,1458785.86,18702.38,78,Regular,Brisbane
2646,2025-12-19,12,73,1288614.06,16520.69,78,Regular,Melbourne
2647,2025-12-23,8,58,837420.01,13292.38,63,Budget,Sydney
2648,2025-12-16,15,66,774067.88,10750.94,72,Budget,Brisbane
2649,2025-11-19,42,80,655698.89,7899.99,83,Budget,Adelaide
2650,2025-12-30,1,82,1214895.38,14292.89,85,Budget,Brisbane
2651,2025-12-31,0,61,637705.66,10285.58,62,Regular,Sydney
2652,2025-12-31,0,73,1253912.2,15872.31,79,Budget,Sydney
2653,2025-12-29,2,77,817872.02,9853.88,83,Budget,Melbourne
2654,2025-12-29,2,88,1231463.96,12827.75,96,Regular,Brisbane
2655,2025-12-31,0,59,459227.83,7653.8,60,Regular,Melbourne
2656,2025-12-27,4,82,1336118.21,15536.26,86,Regular,Melbourne
2657,2025-12-10,21,58,793650.85,12597.63,63,Premium,Adelaide
2658,2025-12-26,5,55,717616.33,12589.76,57,Budget,Sydney
2659,2025-12-29,2,66,600733.03,8461.03,71,Regular,Sydney
2660,2025-12-31,0,68,481043.07,6500.58,74,Budget,Sydney
2661,2025-12-13,18,68,464499.98,6635.71,70,Regular,Adelaide
2662,2025-12-18,13,60,416039.13,6400.6,65,Premium,Melbourne
2663,2025-12-11,20,66,323167.25,4551.65,71,Regular,Sydney
2664,2025-12-25,6,71,448549.64,5901.97,76,Regular,Melbourne
2665,2025-12-13,18,74,924194.26,12002.52,77,Regular,Adelaide
2666,2025-12-09,22,71,936145.18,12823.91,73,Budget,Brisbane
2667,2025-12-30,1,55,416094.67,7299.91,57,Regular,Sydney
2668,2025-12-22,9,64,716330.51,10853.49,66,Regular,Sydney
2669,2025-12-30,1,61,643333.67,10052.09,64,Premium,Sydney
2670,2025-12-04,27,71,1184824.77,15190.06,78,Regular,Adelaide
2671,2025-12-31,0,72,784296.25,9927.8,79,Budget,Sydney
2672,2025-12-17,14,71,484396.26,6210.21,78,Regular,Melbourne
2673,2025-12-26,5,65,1192490.2,17798.36,67,Budget,Melbourne
2674,2025-12-30,1,55,689395.85,11886.14,58,Budget,Brisbane
2675,2025-12-29,2,77,1140973.48,14086.09,81,Budget,Brisbane
2676,2025-12-16,15,74,546894.66,7102.53,77,Regular,Adelaide
2677,2025-12-26,5,77,1143260.72,14657.19,78,Budget,Melbourne
2678,2025-12-28,3,79,733542.67,8945.64,82,Budget,Melbourne
2679,2025-12-29,2,58,1073003.19,17590.22,61,Budget,Melbourne
2680,2025-12-26,5,76,871217.54,10890.22,80,Premium,Sydney
2681,2025-12-19,12,56,892893.23,14637.59,61,Regular,Brisbane
2682,2025-12-31,0,70,837272.93,11628.79,72,Budget,Brisbane
2683,2025-12-31,0,75,667783.78,8452.96,79,Budget,Melbourne
2684,2025-12-25,6,64,594307.07,8254.26,72,Regular,Adelaide
2685,2025-12-23,8,71,695029.77,9653.19,72,Budget,Sydney
2686,2025-12-31,0,71,862280.61,11812.06,73,Regular,Adelaide
2687,2025-12-21,10,62,668676.55,9980.25,67,Regular,Brisbane
2688,2025-12-11,20,76,753804.64,9422.56,80,Premium,Sydney
2689,2025-12-20,11,59,897262.55,14471.98,62,Budget,Brisbane
2690,2025-12-13,18,64,913623.73,13636.18,67,Regular,Adelaide
2691,2025-12-03,28,57,610257.42,10706.27,57,Budget,Melbourne
2692,2025-12-23,8,54,367656.36,6565.29,56,Premium,Melbourne
2693,2025-12-28,3,79,1259864.7,14821.94,85,Premium,Adelaide
2694,2025-12-21,10,65,697565.2,10109.64,69,Regular,Sydney
2695,2025-12-06,25,82,695492.0,8279.67,84,Regular,Sydney
2696,2025-12-25,6,72,698907.54,9444.7,74,Budget,Brisbane
2697,2025-12-23,8,70,989026.42,14128.95,70,Regular,Adelaide
2698,2025-12-01,30,70,804449.46,10870.94,74,Regular,Brisbane
2699,2025-12-21,10,84,760603.63,8643.22,88,Budget,Sydney
2700,2025-12-25,6,64,853912.6,12375.54,69,Regular,Brisbane
2701,2025-12-27,4,78,1263037.05,15987.81,79,Regular,Melbourne
2702,2025-12-14,17,60,1312264.36,19882.79,66,Regular,Adelaide
2703,2025-12-29,2,60,427852.2,6791.3,63,Regular,Brisbane
2704,2025-12-04,27,58,904577.5,14829.14,61,Regular,Melbourne
2705,2025-12-26,5,74,985016.13,12792.42,77,Regular,Brisbane
2706,2025-12-31,0,72,715794.41,9672.9,74,Budget,Brisbane
2707,2025-12-27,4,71,642821.35,8458.18,76,Budget,Brisbane
2708,2025-12-27,4,76,839099.84,10488.75,80,Budget,Melbourne
2709,2025-12-26,5,56,847430.95,14123.85,60,Regular,Brisbane
2710,2025-12-19,12,56,1064179.23,18036.94,59,Regular,Sydney
2711,2025-12-18,13,76,817565.56,10617.73,77,Regular,Melbourne
2712,2025-12-24,7,68,1291429.51,17690.82,73,Budget,Melbourne
2713,2025-12-12,19,83,1271470.77,14614.61,87,Budget,Brisbane
2714,2025-12-30,1,55,1274519.72,21974.48,58,Regular,Adelaide
2715,2025-12-24,7,56,887587.68,14550.62,61,Budget,Adelaide
2716,2025-12-30,1,69,510730.38,7193.39,71,Budget,Melbourne
2717,2025-12-14,17,63,853713.69,12935.06,66,Regular,Brisbane
2718,2025-12-22,9,58,1038407.66,16748.51,62,Budget,Sydney
2719,2025-12-10,21,71,1070314.68,14270.86,75,Budget,Melbourne
2720,2025-12-26,5,64,792418.41,12006.34,66,Regular,Brisbane
2721,2025-12-25,6,65,1242860.1,17755.14,70,Regular,Brisbane
2722,2025-12-26,5,71,927753.93,12370.05,75,Budget,Adelaide
2723,2025-12-25,6,62,978012.97,13971.61,70,Regular,Melbourne
2724,2025-12-17,14,87,1114046.45,12109.2,92,Premium,Adelaide
2725,2025-12-25,6,80,945063.93,11250.76,84,Regular,Adelaide
2726,2025-12-31,0,74,1280948.39,15621.32,82,Regular,Brisbane
2727,2025-12-26,5,67,749909.37,10272.73,73,Regular,Sydney
2728,2025-12-30,1,67,821842.49,11740.61,70,Regular,Melbourne
2729,2025-12-27,4,74,632709.73,8325.13,76,Regular,Adelaide
2730,2025-12-26,5,65,618038.54,9508.29,65,Regular,Brisbane
2731,2025-12-21,10,72,518880.3,6738.71,77,Budget,Adelaide
2732,2025-11-16,45,61,577665.62,9317.19,62,Budget,Adelaide
2733,2025-12-29,2,70,663556.79,8847.42,75,Regular,Sydney
2734,2025-12-06,25,60,728192.06,10868.54,67,Budget,Adelaide
2735,2025-12-14,17,76,977534.45,12532.49,78,Regular,Melbourne
2736,2025-12-14,17,73,877642.57,11547.93,76,Regular,Adelaide
2737,2025-12-23,8,69,1333293.91,17777.25,75,Premium,Brisbane
2738,2025-12-15,16,86,776997.8,8633.31,90,Budget,Melbourne
2739,2025-12-18,13,68,527801.91,7540.03,70,Regular,Sydney
2740,2025-12-30,1,73,1145700.78,14879.23,77,Regular,Sydney
2741,2025-12-27,4,67,656761.92,9518.29,69,Budget,Brisbane
2742,2025-12-20,11,70,947485.89,12803.86,74,Budget,Brisbane
2743,2025-11-06,55,63,722655.3,10949.32,66,Budget,Brisbane
2744,2025-12-27,4,61,599365.48,9365.09,64,Budget,Sydney
2745,2025-12-31,0,60,597206.03,9632.36,62,Budget,Brisbane
2746,2025-12-29,2,68,1031199.19,14731.42,70,Regular,Sydney
2747,2025-12-25,6,65,451285.67,6356.14,71,Regular,Sydney
2748,2025-12-21,10,71,786941.26,10634.34,74,Budget,Melbourne
2749,2025-12-30,1,67,686668.99,9537.07,72,Budget,Brisbane
2750,2025-12-28,3,67,483261.41,6903.73,70,Budget,Brisbane
2751,2025-12-17,14,74,851906.08,11209.29,76,Regular,Adelaide
2752,2025-12-16,15,66,1086899.31,15308.44,71,Budget,Adelaide
2753,2025-12-23,8,75,758047.85,9844.78,77,Regular,Melbourne
2754,2025-12-08,23,79,875704.14,10811.16,81,Budget,Adelaide
2755,2025-12-25,6,74,651111.14,8455.99,77,Budget,Sydney
2756,2025-12-25,6,63,706248.1,9947.16,71,Premium,Adelaide
2757,2025-12-27,4,69,1038316.68,14624.18,71,Budget,Melbourne
2758,2025-12-24,7,62,749184.84,11891.82,63,Budget,Adelaide
2759,2025-12-30,1,65,771058.82,11174.77,69,Budget,Adelaide
2760,2025-12-24,7,69,680431.44,9072.42,75,Premium,Brisbane
2761,2025-12-19,12,76,979790.93,11948.67,82,Regular,Adelaide
2762,2025-12-19,12,65,1034047.71,15433.55,67,Regular,Sydney
2763,2025-12-15,16,79,1018997.39,12426.8,82,Premium,Sydney
2764,2025-12-26,5,64,1042611.06,16040.17,65,Budget,Brisbane
2765,2025-12-24,7,62,606458.08,9475.91,64,Premium,Brisbane
2766,2025-12-20,11,48,725677.21,14809.74,49,Budget,Sydney
2767,2025-12-27,4,71,532079.04,6910.12,77,Regular,Brisbane
2768,2025-12-30,1,81,697093.79,8298.74,84,Regular,Sydney
2769,2025-12-17,14,61,774601.36,12493.57,62,Budget,Adelaide
2770,2025-12-25,6,62,1065682.96,15009.62,71,Premium,Sydney
2771,2025-12-29,2,68,485353.76,6933.63,70,Budget,Melbourne
2772,2025-12-22,9,70,793048.18,10716.87,74,Premium,Adelaide
2773,2025-12-22,9,66,856303.53,11571.67,74,Budget,Brisbane
2774,2025-12-18,13,67,1086946.48,15752.85,69,Regular,Brisbane
2775,2025-12-18,13,74,672978.09,8739.98,77,Premium,Brisbane
2776,2025-12-28,3,70,632173.12,8903.85,71,Budget,Adelaide
2777,2025-12-24,7,61,659682.37,10471.15,63,Premium,Melbourne
2778,2025-12-27,4,57,556293.11,9119.56,61,Regular,Adelaide
2779,2025-12-25,6,73,755961.32,9449.52,80,Regular,Brisbane
2780,2025-12-18,13,58,564429.01,9407.15,60,Budget,Adelaide
2781,2025-12-31,0,72,775264.23,10767.56,72,Regular,Brisbane
2782,2025-12-28,3,70,768923.22,10252.31,75,Regular,Sydney
2783,2025-12-19,12,59,860125.33,13872.99,62,Regular,Brisbane
2784,2025-12-16,15,70,844370.63,12062.44,70,Budget,Adelaide
2785,2025-12-20,11,65,901046.63,13250.69,68,Budget,Sydney
2786,2025-12-18,13,69,1222692.2,16302.56,75,Premium,Adelaide
2787,2025-12-28,3,65,1390223.92,20148.17,69,Budget,Sydney
2788,2025-12-24,7,57,516259.4,8750.16,59,Regular,Adelaide
2789,2025-12-28,3,73,1047827.6,13971.03,75,Premium,Adelaide
2790,2025-12-27,4,60,701404.58,11312.98,62,Budget,Sydney
2791,2025-12-26,5,58,417695.54,6630.09,63,Budget,Brisbane
2792,2025-12-11,20,63,817447.99,12021.29,68,Regular,Sydney
2793,2025-12-30,1,83,704371.32,7914.28,89,Budget,Brisbane
2794,2025-12-03,28,68,434628.29,6036.5,72,Regular,Adelaide
2795,2025-12-29,2,77,997444.95,12163.96,82,Regular,Sydney
2796,2025-12-21,10,51,719588.23,13577.14,53,Regular,Sydney
2797,2025-12-23,8,76,865750.47,10430.73,83,Budget,Melbourne
2798,2025-12-25,6,66,689798.95,9997.09,69,Regular,Melbourne
2799,2025-12-24,7,63,678615.46,9694.51,70,Regular,Sydney
2800,2025-12-23,8,81,421611.52,5019.18,84,Budget,Melbourne
2801,2025-12-25,6,66,719802.64,10743.32,67,Regular,Melbourne
2802,2025-12-24,7,67,737317.85,10685.77,69,Premium,Sydney
2803,2025-12-29,2,69,767359.81,10962.28,70,Regular,Melbourne
2804,2025-12-31,0,66,689348.43,9709.13,71,Regular,Sydney
2805,2025-12-31,0,71,780378.28,10134.78,77,Budget,Adelaide
2806,2025-12-28,3,67,847561.34,11937.48,71,Budget,Adelaide
2807,2025-12-29,2,65,996402.31,14234.32,70,Budget,Melbourne
2808,2025-12-11,20,69,1182557.74,16424.41,72,Budget,Adelaide
2809,2025-12-29,2,71,1357938.24,17867.61,76,Premium,Melbourne
2810,2025-12-23,8,69,510703.58,7295.77,70,Budget,Adelaide
2811,2025-12-28,3,57,598961.11,9660.66,62,Regular,Sydney
2812,2025-11-24,37,58,828657.92,13584.56,61,Budget,Melbourne
2813,2025-12-22,9,64,527710.55,7876.28,67,Budget,Brisbane
2814,2025-12-30,1,75,906826.76,11931.93,76,Regular,Sydney
2815,2025-12-20,11,56,764926.1,13188.38,58,Budget,Adelaide
2816,2025-12-30,1,67,702233.43,10031.91,70,Regular,Melbourne
2817,2025-12-23,8,69,1293481.85,17019.5,76,Premium,Melbourne
2818,2025-12-21,10,70,764627.01,10923.24,70,Premium,Melbourne
2819,2025-12-18,13,56,749674.82,12925.43,58,Budget,Adelaide
2820,2025-12-22,9,63,1104455.89,16734.18,66,Regular,Sydney
2821,2025-12-27,4,73,910272.23,11977.27,76,Budget,Adelaide
2822,2025-12-09,22,77,1084708.63,12913.2,84,Premium,Adelaide
2823,2025-12-17,14,62,517545.16,7724.55,67,Regular,Adelaide
2824,2025-12-29,2,62,697319.09,11247.08,62,Budget,Adelaide
2825,2025-12-31,0,55,452664.14,7672.27,59,Budget,Adelaide
2826,2025-12-06,25,61,427685.39,6898.15,62,Budget,Brisbane
2827,2025-12-25,6,63,658464.82,9542.97,69,Budget,Melbourne
2828,2025-12-26,5,67,601820.29,8597.43,70,Premium,Melbourne
2829,2025-12-26,5,74,661472.03,8703.58,76,Regular,Adelaide
2830,2025-12-23,8,72,608301.24,7798.73,78,Premium,Melbourne
2831,2025-12-13,18,59,487689.01,7741.1,63,Budget,Brisbane
2832,2025-12-27,4,59,797983.5,13299.73,60,Regular,Sydney
2833,2025-12-26,5,66,599888.94,8449.14,71,Budget,Melbourne
2834,2025-12-31,0,68,674160.03,9914.12,68,Regular,Melbourne
2835,2025-12-28,3,79,602240.14,7002.79,86,Budget,Melbourne
2836,2025-12-21,10,79,1395551.36,16613.71,84,Budget,Brisbane
2837,2025-12-30,1,68,643214.26,8811.15,73,Regular,Brisbane
2838,2025-12-31,0,68,639722.56,9271.34,69,Budget,Melbourne
2839,2025-12-14,17,66,711084.53,10774.01,66,Regular,Sydney
2840,2025-12-25,6,88,1096928.78,12054.16,91,Regular,Brisbane
2841,2025-12-30,1,74,875213.02,10805.1,81,Budget,Sydney
2842,2025-12-30,1,75,1025212.93,12977.38,79,Premium,Adelaide
2843,2025-12-21,10,61,666393.76,10748.29,62,Regular,Adelaide
2844,2025-12-19,12,58,780247.36,13224.53,59,Regular,Sydney
2845,2025-12-31,0,60,740719.34,11757.45,63,Regular,Melbourne
2846,2025-12-28,3,66,928848.98,12900.68,72,Regular,Sydney
2847,2025-12-29,2,79,981395.28,12267.44,80,Regular,Melbourne
2848,2025-12-22,9,61,558968.14,8872.51,63,Premium,Sydney
2849,2025-12-29,2,67,627681.43,9230.61,68,Regular,Adelaide
2850,2025-12-30,1,71,1135000.85,14740.27,77,Budget,Sydney
2851,2025-12-22,9,69,1001506.48,13533.87,74,Budget,Brisbane
2852,2025-12-19,12,68,847594.12,11772.14,72,Regular,Brisbane
2853,2025-12-27,4,63,604974.37,9307.3,65,Budget,Sydney
2854,2025-12-25,6,72,1150148.4,15542.55,74,Budget,Adelaide
2855,2025-12-23,8,70,1014613.95,13007.87,78,Budget,Sydney
2856,2025-12-23,8,77,773724.9,9793.99,79,Regular,Adelaide
2857,2025-11-06,55,71,621296.95,8283.96,75,Budget,Brisbane
2858,2025-12-31,0,47,812329.58,15621.72,52,Regular,Brisbane
2859,2025-12-28,3,80,1006777.74,11440.66,88,Regular,Adelaide
2860,2025-12-30,1,55,1279713.78,22064.03,58,Regular,Melbourne
2861,2025-12-22,9,70,694129.09,9916.13,70,Budget,Melbourne
2862,2025-12-30,1,71,1034782.57,13797.1,75,Regular,Sydney
2863,2025-12-14,17,65,1129971.39,16376.4,69,Regular,Adelaide
2864,2025-12-25,6,67,582337.55,8319.11,70,Regular,Melbourne
2865,2025-12-30,1,67,721292.18,10159.04,71,Regular,Adelaide
2866,2025-12-10,21,72,1117459.43,14899.46,75,Budget,Melbourne
2867,2025-12-17,14,59,515675.07,8185.32,63,Premium,Adelaide
2868,2025-12-25,6,68,558806.61,7982.95,70,Budget,Adelaide
2869,2025-12-28,3,56,345617.05,6063.46,57,Regular,Melbourne
2870,2025-12-19,12,64,662293.68,9884.98,67,Regular,Melbourne
2871,2025-12-20,11,70,512520.48,7020.83,73,Budget,Adelaide
2872,2025-12-21,10,59,553767.99,9078.16,61,Regular,Sydney
2873,2025-12-04,27,50,698096.13,13171.63,53,Budget,Sydney
2874,2025-12-20,11,69,1460271.25,20003.72,73,Regular,Melbourne
2875,2025-12-19,12,62,913051.43,14046.95,65,Regular,Brisbane
2876,2025-12-01,30,65,968469.15,14242.19,68,Budget,Sydney
2877,2025-12-24,7,63,473099.44,7168.17,66,Budget,Melbourne
2878,2025-11-25,36,58,586049.67,9767.49,60,Regular,Adelaide
2879,2025-12-25,6,76,984966.52,12467.93,79,Budget,Sydney
2880,2025-12-08,23,61,879731.71,13329.27,66,Premium,Sydney
2881,2025-12-22,9,67,257308.31,3729.11,69,Regular,Melbourne
2882,2025-12-24,7,74,766399.59,9825.64,78,Regular,Sydney
2883,2025-12-16,15,78,943842.07,11371.59,83,Budget,Sydney
2884,2025-12-28,3,67,618408.82,8962.45,69,Regular,Sydney
2885,2025-12-09,22,59,843823.6,13184.74,64,Premium,Sydney
2886,2025-11-27,34,74,1319414.14,16701.44,79,Budget,Adelaide
2887,2025-12-31,0,75,683713.48,8654.6,79,Budget,Sydney
2888,2025-12-07,24,79,660485.31,7680.06,86,Budget,Brisbane
2889,2025-12-31,0,60,645158.16,9925.51,65,Budget,Brisbane
2890,2025-12-30,1,67,900607.26,13052.28,69,Regular,Brisbane
2891,2025-10-27,65,57,889278.9,15072.52,59,Regular,Brisbane
2892,2025-12-21,10,71,553103.83,7682.0,72,Regular,Melbourne
2893,2025-12-23,8,66,385371.35,5505.3,70,Budget,Adelaide
2894,2025-12-30,1,67,809103.96,11558.63,70,Budget,Sydney
2895,2025-12-25,6,68,677334.98,9031.13,75,Budget,Sydney
2896,2025-12-21,10,65,890865.09,13100.96,68,Premium,Adelaide
2897,2025-12-24,7,78,829036.84,10362.96,80,Regular,Sydney
2898,2025-12-30,1,69,608878.07,8340.8,73,Budget,Sydney
2899,2025-12-31,0,58,478343.74,7972.4,60,Regular,Sydney
2900,2025-11-14,47,59,653914.27,10719.91,61,Budget,Sydney
2901,2025-12-31,0,59,1297664.08,20930.07,62,Budget,Sydney
2902,2025-12-04,27,59,586383.67,9938.71,59,Budget,Brisbane
2903,2025-12-20,11,77,917459.2,11188.53,82,Premium,Brisbane
2904,2025-12-04,27,77,474022.93,5925.29,80,Regular,Sydney
2905,2025-12-22,9,72,1261949.12,16825.99,75,Regular,Adelaide
2906,2025-12-19,12,59,428897.45,6807.9,63,Budget,Sydney
2907,2025-12-23,8,65,928091.18,13450.6,69,Budget,Brisbane
2908,2025-12-18,13,74,955369.28,12407.39,77,Regular,Adelaide
2909,2025-12-24,7,70,502290.95,6609.09,76,Budget,Brisbane
2910,2025-12-17,14,78,1176110.11,14001.31,84,Premium,Melbourne
2911,2025-12-17,14,76,731944.82,9036.36,81,Regular,Sydney
2912,2025-12-18,13,70,759433.06,10547.68,72,Regular,Sydney
2913,2025-12-30,1,78,731957.6,8926.31,82,Regular,Adelaide
2914,2025-12-27,4,72,646466.35,8736.03,74,Premium,Melbourne
2915,2025-12-17,14,67,765354.28,10779.64,71,Regular,Sydney
2916,2025-12-31,0,77,1035133.37,12939.17,80,Regular,Brisbane
2917,2025-12-23,8,65,796415.85,11712.0,68,Premium,Brisbane
2918,2025-12-28,3,70,794311.77,10590.82,75,Budget,Sydney
2919,2025-12-20,11,65,872778.02,12468.26,70,Premium,Sydney
2920,2025-12-24,7,69,774537.55,10610.1,73,Budget,Sydney
2921,2025-12-15,16,58,424785.09,7079.75,60,Regular,Sydney
2922,2025-12-21,10,66,681870.22,10027.5,68,Regular,Brisbane
2923,2025-12-02,29,67,595932.12,8163.45,73,Regular,Sydney
2924,2025-12-13,18,57,305530.77,5267.77,58,Regular,Brisbane
2925,2025-12-18,13,55,836131.97,14668.98,57,Regular,Sydney
2926,2025-12-09,22,67,760685.77,10420.35,73,Budget,Adelaide
2927,2025-12-13,18,75,1083734.43,13546.68,80,Budget,Brisbane
2928,2025-12-27,4,64,802759.11,11805.28,68,Budget,Melbourne
2929,2025-12-23,8,88,1235346.45,13575.24,91,Regular,Melbourne
2930,2025-11-20,41,55,756979.05,13517.48,56,Regular,Sydney
2931,2025-12-10,21,55,682742.69,11571.91,59,Budget,Sydney
2932,2025-12-30,1,62,559551.1,8351.51,67,Premium,Brisbane
2933,2025-12-29,2,79,1221186.37,14366.9,85,Budget,Sydney
2934,2025-12-21,10,73,798576.41,10647.69,75,Regular,Brisbane
2935,2025-12-30,1,81,1095109.02,12883.64,85,Regular,Melbourne
2936,2025-12-22,9,64,333691.98,5055.94,66,Budget,Sydney
2937,2025-12-30,1,83,799750.48,9299.42,86,Regular,Brisbane
2938,2025-12-06,25,72,983065.28,12935.07,76,Regular,Brisbane
2939,2025-12-30,1,69,864265.7,12172.76,71,Budget,Brisbane
2940,2025-12-20,11,61,783535.49,12437.07,63,Premium,Sydney
2941,2025-12-22,9,71,853167.79,11687.23,73,Regular,Brisbane
2942,2025-12-22,9,72,791074.32,10836.63,73,Regular,Adelaide
2943,2025-12-28,3,63,682601.95,10038.26,68,Premium,Melbourne
2944,2025-12-02,29,57,521112.36,8685.21,60,Premium,Adelaide
2945,2025-12-24,7,73,884216.98,11192.62,79,Budget,Brisbane
2946,2025-12-28,3,51,508042.02,9585.7,53,Regular,Melbourne
2947,2025-12-25,6,60,629719.74,10156.77,62,Regular,Adelaide
2948,2025-12-30,1,73,428400.68,5563.65,77,Budget,Adelaide
2949,2025-12-29,2,50,532058.63,10432.52,51,Budget,Sydney
2950,2025-12-23,8,70,649941.89,8783.0,74,Budget,Adelaide
2951,2025-12-09,22,62,466867.05,7294.8,64,Regular,Sydney
2952,2025-12-19,12,63,505363.11,7896.3,64,Regular,Sydney
2953,2025-12-26,5,64,330251.8,4786.26,69,Regular,Sydney
2954,2025-12-12,19,60,379142.28,6215.45,61,Budget,Melbourne
2955,2025-12-27,4,66,741465.75,11066.65,67,Budget,Adelaide
2956,2025-12-24,7,74,1048115.45,13611.89,77,Regular,Brisbane
2957,2025-12-03,28,76,616319.43,7901.53,78,Regular,Brisbane
2958,2025-12-19,12,75,451128.76,5569.49,81,Premium,Sydney
2959,2025-12-29,2,70,798132.89,11241.31,71,Premium,Brisbane
2960,2025-12-30,1,82,1087317.7,11948.55,91,Premium,Melbourne
2961,2025-11-29,32,65,738465.71,10859.79,68,Premium,Melbourne
2962,2025-12-27,4,69,836507.82,11618.16,72,Premium,Melbourne
2963,2025-12-20,11,56,582284.56,9869.23,59,Regular,Sydney
2964,2025-12-01,30,56,618933.61,10490.4,59,Budget,Adelaide
2965,2025-12-26,5,67,523585.93,7374.45,71,Budget,Brisbane
2966,2025-12-28,3,75,1140889.85,15011.71,76,Budget,Melbourne
2967,2025-12-09,22,62,647271.37,9958.02,65,Budget,Sydney
2968,2025-12-11,20,78,787143.12,9483.65,83,Budget,Adelaide
2969,2025-12-23,8,68,700954.92,9872.6,71,Premium,Melbourne
2970,2025-12-26,5,73,423497.05,5499.96,77,Budget,Melbourne
2971,2025-12-25,6,66,871271.81,11616.96,75,Premium,Brisbane
2972,2025-12-31,0,71,515482.3,6965.98,74,Regular,Sydney
2973,2025-12-29,2,64,364549.0,5441.03,67,Regular,Brisbane
2974,2025-12-31,0,68,871568.05,12275.61,71,Regular,Adelaide
2975,2025-12-31,0,83,676847.59,7962.91,85,Budget,Melbourne
2976,2025-12-27,4,70,701893.85,9358.58,75,Regular,Sydney
2977,2025-12-24,7,67,452874.45,6469.64,70,Budget,Sydney
2978,2025-12-18,13,67,644017.53,9200.25,70,Premium,Sydney
2979,2025-12-26,5,72,728724.05,9982.52,73,Budget,Brisbane
2980,2025-12-27,4,74,832872.02,10816.52,77,Budget,Melbourne
2981,2025-12-11,20,56,1053833.14,17861.58,59,Regular,Sydney
2982,2025-12-30,1,72,440469.71,6117.63,72,Regular,Brisbane
2983,2025-12-31,0,67,816848.98,11669.27,70,Regular,Sydney
2984,2025-12-27,4,70,918348.68,12754.84,72,Regular,Melbourne
2985,2025-12-25,6,70,788551.18,10514.02,75,Budget,Adelaide
2986,2025-12-27,4,79,1577534.46,18780.17,84,Regular,Sydney
2987,2025-12-06,25,89,982120.91,10338.11,95,Budget,Sydney
2988,2025-12-24,7,77,775363.19,9455.65,82,Budget,Melbourne
2989,2025-12-30,1,66,346146.8,4875.31,71,Budget,Brisbane
2990,2025-11-20,41,55,279700.78,4907.03,57,Budget,Sydney
2991,2025-12-30,1,63,934359.09,14156.96,66,Budget,Adelaide
2992,2025-12-29,2,69,864835.24,11531.14,75,Regular,Sydney
2993,2025-12-18,13,70,926763.64,12695.39,73,Budget,Adelaide
2994,2025-12-27,4,69,603371.68,8619.6,70,Budget,Brisbane
2995,2025-12-19,12,59,490686.74,8044.04,61,Regular,Sydney
2996,2025-12-30,1,82,658301.64,7396.65,89,Budget,Sydney
2997,2025-12-30,1,66,728071.65,10401.02,70,Regular,Sydney
2998,2025-12-10,21,69,848039.32,11944.22,71,Premium,Melbourne
2999,2025-12-26,5,79,1032313.98,12589.19,82,Regular,Melbourne
3000,2025-11-25,36,61,413851.81,6466.43,64,Premium,Brisbane
