customer_id,segment,city,signup_date,age,gender
1,Regular,Brisbane,2022-09-03,34.0,F
2,Budget,Melbourne,2023-10-05,55.0,F
3,Regular,Brisbane,2022-04-19,33.0,M
4,Budget,Melbourne,2023-11-24,,M
5,Premium,Brisbane,2023-04-30,32.0,F
6,Regular,Brisbane,2022-03-23,35.0,F
7,Regular,Adelaide,2022-10-03,61.0,F
8,Budget,Sydney,2022-02-16,30.0,M
9,Regular,Adelaide,2022-08-05,32.0,M
10,Regular,Melbourne,2021-12-04,67.0,F
11,Premium,Sydney,2022-08-13,51.0,M
12,Regular,Brisbane,2023-11-11,27.0,F
13,Regular,Sydney,2023-10-29,63.0,F
14,Budget,Sydney,2022-02-01,27.0,M
15,Budget,Adelaide,2023-11-28,26.0,M
16,Regular,Sydney,2023-01-28,41.0,M
17,Regular,Brisbane,2023-12-18,53.0,M
18,Budget,Sydney,2023-04-03,27.0,F
19,Regular,Sydney,2022-07-15,57.0,F
20,Premium,Sydney,2023-07-30,26.0,M
21,Budget,Sydney,2022-11-08,58.0,F
22,Regular,Melbourne,2021-07-19,22.0,M
23,Budget,Melbourne,2023-10-30,42.0,M
24,Regular,Sydney,2023-11-05,51.0,F
25,Budget,Melbourne,2023-05-02,31.0,F
26,Regular,Melbourne,2021-12-18,49.0,F
27,Regular,Brisbane,2023-01-01,53.0,M
28,Regular,Adelaide,2022-06-05,51.0,F
29,Budget,Brisbane,2023-12-02,,M
30,Premium,Adelaide,2022-03-11,58.0,Other
31,Budget,Sydney,2023-11-02,56.0,F
32,Budget,Sydney,2022-04-01,34.0,F
33,Regular,Adelaide,2023-08-21,56.0,M
34,Budget,Melbourne,2021-11-20,65.0,M
35,Regular,Adelaide,2023-04-10,60.0,F
36,Regular,Melbourne,2023-07-20,56.0,M
37,Budget,Sydney,2023-03-04,57.0,F
38,Premium,Adelaide,2024-01-01,59.0,F
39,Budget,Brisbane,2023-08-06,33.0,Other
40,Regular,Adelaide,2022-07-12,55.0,M
41,Budget,Melbourne,2023-04-06,28.0,F
42,Premium,Sydney,2023-02-17,,M
43,Budget,Brisbane,2022-01-05,66.0,M
44,Budget,Sydney,2023-09-12,32.0,F
45,Regular,Brisbane,2023-01-10,61.0,M
46,Premium,Melbourne,2023-07-18,,Other
47,Premium,Adelaide,2022-10-24,28.0,F
48,Regular,Adelaide,2023-03-09,23.0,Other
49,Premium,Melbourne,2023-11-21,46.0,Other
50,Premium,Adelaide,2023-10-30,41.0,F
51,Regular,Sydney,2021-11-25,44.0,M
52,Budget,Sydney,2023-11-11,20.0,F
53,Regular,Adelaide,2022-01-27,31.0,M
54,Regular,Brisbane,2021-09-29,18.0,F
55,Budget,Melbourne,2022-11-08,33.0,F
56,Budget,Sydney,2023-03-27,66.0,F
57,Regular,Melbourne,2022-02-02,25.0,M
58,Budget,Brisbane,2021-07-31,53.0,M
59,Premium,Adelaide,2023-09-15,18.0,M
60,Budget,Adelaide,2021-08-17,47.0,M
61,Budget,Melbourne,2021-09-04,65.0,M
62,Regular,Melbourne,2023-08-26,35.0,M
63,Budget,Sydney,2023-11-13,28.0,M
64,Budget,Sydney,2022-03-29,47.0,F
65,Regular,Melbourne,2023-10-24,32.0,M
66,Premium,Brisbane,2022-07-10,64.0,F
67,Budget,Sydney,2023-11-04,62.0,M
68,Budget,Melbourne,2022-04-20,51.0,F
69,Regular,Brisbane,2023-06-07,51.0,M
70,Premium,Adelaide,2023-10-07,49.0,F
71,Regular,Adelaide,2023-11-03,56.0,F
72,Budget,Melbourne,2023-07-16,41.0,F
73,Budget,Melbourne,2022-09-02,68.0,M
74,Budget,Adelaide,2023-10-25,35.0,F
75,Budget,Brisbane,2022-01-09,18.0,M
76,Regular,Melbourne,2022-07-07,54.0,M
77,Budget,Brisbane,2023-04-09,52.0,M
78,Regular,Sydney,2021-07-28,69.0,F
79,Regular,Melbourne,2022-05-19,38.0,M
80,Regular,Melbourne,2022-05-07,40.0,F
81,Budget,Adelaide,2023-07-29,47.0,M
82,Regular,Sydney,2022-04-02,38.0,M
83,Regular,Adelaide,2022-08-16,58.0,M
84,Regular,Melbourne,2021-07-29,40.0,M
85,Budget,Sydney,2022-10-28,58.0,F
86,Budget,Brisbane,2022-05-01,40.0,F
87,Premium,Brisbane,2023-02-28,29.0,F
88,Budget,Sydney,2023-11-26,69.0,M
89,Budget,Sydney,2023-09-08,45.0,M
90,Regular,Sydney,2021-11-12,54.0,F
91,Regular,Melbourne,2022-03-08,48.0,M
92,Premium,Sydney,2023-02-07,36.0,M
93,Budget,Brisbane,2022-04-13,68.0,F
94,Premium,Sydney,2023-12-29,37.0,M
95,Budget,Adelaide,2023-11-29,69.0,M
96,Regular,Adelaide,2022-10-02,40.0,M
97,Regular,Brisbane,2022-06-18,19.0,F
98,Budget,Adelaide,2021-09-10,19.0,M
99,Budget,Adelaide,2022-02-17,,F
100,Regular,Sydney,2023-05-15,,M
101,Premium,Melbourne,2021-12-29,38.0,M
102,Regular,Adelaide,2022-10-16,60.0,M
103,Premium,Melbourne,2021-12-19,50.0,F
104,Regular,Brisbane,2023-07-29,52.0,M
105,Regular,Adelaide,2023-12-09,53.0,F
106,Regular,Adelaide,2023-11-11,28.0,M
107,Budget,Melbourne,2021-07-24,22.0,M
108,Budget,Melbourne,2023-10-21,55.0,M
109,Regular,Sydney,2021-09-08,19.0,F
110,Regular,Melbourne,2022-03-18,55.0,M
111,Budget,Melbourne,2023-08-23,,F
112,Regular,Melbourne,2021-11-15,31.0,F
113,Regular,Melbourne,2023-08-25,54.0,F
114,Premium,Adelaide,2023-08-26,50.0,F
115,Regular,Adelaide,2022-08-02,58.0,F
116,Regular,Brisbane,2023-04-17,49.0,F
117,Budget,Sydney,2023-04-15,20.0,M
118,Regular,Melbourne,2023-07-10,61.0,F
119,Regular,Brisbane,2022-07-04,29.0,F
120,Premium,Sydney,2023-12-08,25.0,M
121,Regular,Melbourne,2023-05-26,63.0,F
122,Budget,Brisbane,2022-08-21,28.0,F
123,Budget,Adelaide,2022-10-21,45.0,M
124,Regular,Adelaide,2022-04-12,43.0,F
125,Regular,Melbourne,2023-06-21,58.0,M
126,Budget,Melbourne,2022-05-28,20.0,M
127,Budget,Melbourne,2022-02-17,,M
128,Regular,Brisbane,2023-01-17,39.0,F
129,Budget,Melbourne,2023-05-15,42.0,M
130,Regular,Melbourne,2022-08-20,58.0,F
131,Budget,Sydney,2022-07-30,49.0,M
132,Budget,Melbourne,2023-10-09,25.0,M
133,Premium,Sydney,2022-08-11,68.0,F
134,Budget,Brisbane,2023-08-16,41.0,M
135,Budget,Adelaide,2022-08-08,68.0,F
136,Budget,Adelaide,2021-09-15,69.0,M
137,Budget,Melbourne,2022-09-05,20.0,Other
138,Budget,Adelaide,2022-02-15,44.0,F
139,Budget,Adelaide,2023-03-29,39.0,M
140,Budget,Melbourne,2021-09-23,43.0,M
141,Budget,Adelaide,2021-12-31,34.0,M
142,Regular,Melbourne,2021-09-28,47.0,F
143,Regular,Adelaide,2022-03-05,43.0,F
144,Budget,Melbourne,2022-05-27,27.0,M
145,Budget,Melbourne,2022-09-16,33.0,M
146,Regular,Sydney,2021-09-18,25.0,F
147,Premium,Adelaide,2021-11-29,61.0,M
148,Premium,Melbourne,2022-12-22,53.0,F
149,Budget,Adelaide,2023-10-16,38.0,F
150,Budget,Sydney,2023-12-29,38.0,M
151,Budget,Brisbane,2023-06-05,22.0,F
152,Budget,Melbourne,2023-11-06,33.0,M
153,Regular,Melbourne,2023-06-25,66.0,M
154,Regular,Sydney,2023-09-25,19.0,Other
155,Budget,Sydney,2021-08-02,25.0,F
156,Budget,Melbourne,2023-10-08,61.0,F
157,Regular,Melbourne,2022-06-16,45.0,F
158,Budget,Adelaide,2023-02-19,19.0,M
159,Regular,Melbourne,2023-07-29,43.0,F
160,Budget,Sydney,2022-04-10,56.0,F
161,Premium,Melbourne,2021-08-11,35.0,M
162,Budget,Brisbane,2022-01-20,37.0,M
163,Regular,Melbourne,2021-08-07,50.0,F
164,Premium,Adelaide,2022-07-19,49.0,F
165,Premium,Melbourne,2022-05-05,64.0,M
166,Regular,Brisbane,2023-08-23,30.0,F
167,Regular,Sydney,2021-11-25,32.0,M
168,Regular,Sydney,2022-02-27,26.0,M
169,Regular,Adelaide,2023-05-18,52.0,M
170,Budget,Melbourne,2023-02-16,45.0,F
171,Regular,Melbourne,2022-07-01,36.0,M
172,Regular,Brisbane,2023-12-21,54.0,F
173,Premium,Sydney,2021-12-26,37.0,M
174,Regular,Brisbane,2023-04-24,28.0,F
175,Budget,Melbourne,2023-10-26,46.0,F
176,Regular,Sydney,2023-03-10,40.0,M
177,Budget,Melbourne,2021-12-10,39.0,F
178,Budget,Melbourne,2023-04-30,41.0,M
179,Regular,Sydney,2022-09-03,65.0,M
180,Regular,Brisbane,2022-01-01,29.0,F
181,Budget,Brisbane,2023-12-02,32.0,F
182,Budget,Melbourne,2022-02-17,47.0,M
183,Budget,Adelaide,2023-04-17,20.0,F
184,Budget,Brisbane,2022-04-16,25.0,M
185,Budget,Adelaide,2023-07-16,47.0,F
186,Regular,Sydney,2023-08-29,44.0,F
187,Budget,Adelaide,2022-01-22,51.0,Other
188,Premium,Melbourne,2022-01-04,23.0,M
189,Premium,Brisbane,2021-08-01,62.0,F
190,Regular,Adelaide,2022-05-02,43.0,F
191,Budget,Melbourne,2022-11-08,26.0,M
192,Regular,Melbourne,2023-07-10,34.0,M
193,Regular,Sydney,2023-04-11,,Other
194,Regular,Brisbane,2022-05-28,41.0,M
195,Regular,Adelaide,2023-02-24,42.0,F
196,Regular,Melbourne,2022-10-23,40.0,M
197,Regular,Sydney,2023-08-03,41.0,F
198,Budget,Melbourne,2022-12-02,65.0,M
199,Regular,Melbourne,2023-06-01,67.0,Other
200,Budget,Adelaide,2023-09-23,43.0,F
201,Regular,Sydney,2023-09-05,68.0,M
202,Premium,Melbourne,2022-09-22,60.0,F
203,Budget,Brisbane,2023-02-06,60.0,F
204,Regular,Sydney,2023-10-04,29.0,M
205,Budget,Adelaide,2022-09-26,40.0,M
206,Regular,Adelaide,2023-08-07,,F
207,Budget,Melbourne,2023-12-19,23.0,F
208,Premium,Brisbane,2023-09-04,21.0,M
209,Budget,Adelaide,2022-11-24,50.0,F
210,Premium,Brisbane,2021-08-26,39.0,M
211,Regular,Sydney,2023-05-29,60.0,M
212,Regular,Sydney,2023-04-20,52.0,F
213,Regular,Melbourne,2023-05-28,22.0,M
214,Regular,Sydney,2023-02-16,61.0,M
215,Premium,Melbourne,2022-03-27,43.0,F
216,Budget,Brisbane,2023-03-18,47.0,M
217,Regular,Brisbane,2022-05-20,68.0,M
218,Budget,Sydney,2021-10-15,51.0,F
219,Regular,Sydney,2021-09-02,19.0,F
220,Budget,Sydney,2022-08-13,27.0,F
221,Regular,Melbourne,2022-03-31,40.0,F
222,Regular,Adelaide,2021-09-26,19.0,F
223,Regular,Melbourne,2022-01-23,26.0,M
224,Regular,Melbourne,2023-04-07,59.0,F
225,Regular,Brisbane,2023-09-05,25.0,M
226,Regular,Sydney,2023-09-20,26.0,M
227,Regular,Sydney,2021-10-30,44.0,F
228,Regular,Sydney,2022-08-19,22.0,F
229,Premium,Brisbane,2023-04-10,31.0,F
230,Budget,Melbourne,2023-02-25,66.0,M
231,Budget,Brisbane,2023-04-23,50.0,M
232,Budget,Brisbane,2022-01-10,68.0,F
233,Regular,Melbourne,2022-06-29,36.0,F
234,Regular,Adelaide,2021-11-01,50.0,M
235,Regular,Adelaide,2023-04-05,30.0,M
236,Regular,Sydney,2022-11-02,37.0,M
237,Budget,Adelaide,2023-09-14,27.0,F
238,Premium,Sydney,2021-08-10,61.0,F
239,Regular,Sydney,2022-09-28,27.0,M
240,Budget,Brisbane,2022-08-22,28.0,M
241,Budget,Sydney,2022-12-25,42.0,M
242,Budget,Melbourne,2023-05-03,40.0,M
243,Budget,Sydney,2021-08-31,34.0,F
244,Budget,Melbourne,2022-10-18,36.0,M
245,Premium,Adelaide,2022-05-04,33.0,F
246,Regular,Adelaide,2023-11-29,65.0,F
247,Budget,Sydney,2023-04-28,48.0,Other
248,Regular,Brisbane,2022-01-08,65.0,F
249,Regular,Melbourne,2023-10-14,69.0,M
250,Premium,Melbourne,2023-10-02,51.0,M
251,Regular,Brisbane,2022-01-03,60.0,M
252,Regular,Adelaide,2023-03-30,23.0,F
253,Budget,Melbourne,2023-04-30,67.0,M
254,Premium,Sydney,2022-08-11,43.0,M
255,Regular,Adelaide,2023-07-10,55.0,M
256,Premium,Adelaide,2023-11-24,30.0,M
257,Budget,Melbourne,2023-12-28,22.0,F
258,Premium,Brisbane,2023-10-22,64.0,F
259,Regular,Adelaide,2023-08-12,41.0,F
260,Budget,Brisbane,2022-04-15,25.0,F
261,Regular,Melbourne,2023-04-08,52.0,M
262,Regular,Adelaide,2023-10-29,20.0,M
263,Budget,Adelaide,2023-12-20,41.0,M
264,Regular,Brisbane,2022-10-29,54.0,F
265,Regular,Sydney,2021-12-06,55.0,F
266,Budget,Melbourne,2023-03-03,41.0,M
267,Regular,Brisbane,2023-11-05,37.0,F
268,Regular,Melbourne,2023-06-10,61.0,M
269,Budget,Brisbane,2022-10-09,27.0,M
270,Premium,Brisbane,2023-07-16,21.0,F
271,Regular,Sydney,2021-08-04,26.0,F
272,Budget,Brisbane,2022-02-13,59.0,F
273,Premium,Brisbane,2023-02-25,42.0,F
274,Premium,Sydney,2021-08-28,,M
275,Budget,Brisbane,2023-03-15,26.0,F
276,Regular,Brisbane,2023-08-28,19.0,F
277,Budget,Sydney,2021-09-09,60.0,F
278,Premium,Brisbane,2021-08-21,41.0,M
279,Regular,Melbourne,2023-03-26,21.0,Other
280,Regular,Melbourne,2022-07-15,29.0,M
281,Budget,Brisbane,2023-07-30,50.0,M
282,Premium,Sydney,2022-06-03,48.0,F
283,Budget,Sydney,2022-04-20,,F
284,Budget,Melbourne,2022-04-03,19.0,Other
285,Budget,Adelaide,2022-08-08,21.0,F
286,Regular,Sydney,2022-04-08,19.0,M
287,Budget,Adelaide,2022-08-20,38.0,F
288,Premium,Sydney,2021-12-25,55.0,M
289,Regular,Melbourne,2023-07-24,52.0,F
290,Budget,Melbourne,2022-10-23,28.0,M
291,Budget,Melbourne,2022-12-23,52.0,F
292,Budget,Sydney,2022-09-08,52.0,F
293,Regular,Adelaide,2023-08-27,,F
294,Regular,Melbourne,2023-03-16,56.0,M
295,Budget,Adelaide,2021-08-26,39.0,M
296,Regular,Brisbane,2023-09-29,21.0,M
297,Budget,Brisbane,2022-06-09,38.0,M
298,Regular,Melbourne,2022-05-13,,F
299,Premium,Brisbane,2022-10-31,54.0,M
300,Regular,Adelaide,2023-12-02,,F
301,Regular,Adelaide,2023-12-02,57.0,M
302,Regular,Adelaide,2023-04-28,,M
303,Budget,Sydney,2023-10-01,41.0,F
304,Budget,Brisbane,2023-10-09,22.0,M
305,Budget,Melbourne,2023-08-10,69.0,M
306,Regular,Adelaide,2023-07-14,61.0,M
307,Regular,Adelaide,2021-12-08,28.0,M
308,Regular,Adelaide,2022-06-06,47.0,F
309,Premium,Sydney,2023-12-05,58.0,M
310,Budget,Melbourne,2022-06-15,44.0,M
311,Regular,Brisbane,2023-08-31,28.0,F
312,Budget,Brisbane,2022-12-19,68.0,F
313,Budget,Melbourne,2023-11-28,31.0,F
314,Regular,Sydney,2023-10-12,35.0,M
315,Premium,Sydney,2023-09-04,37.0,F
316,Regular,Brisbane,2022-12-07,64.0,M
317,Budget,Melbourne,2022-11-11,44.0,M
318,Regular,Melbourne,2023-02-18,55.0,F
319,Budget,Adelaide,2022-06-22,64.0,F
320,Premium,Sydney,2022-03-24,66.0,F
321,Regular,Adelaide,2022-03-17,62.0,F
322,Budget,Melbourne,2022-07-29,65.0,M
323,Budget,Adelaide,2022-08-28,67.0,F
324,Budget,Adelaide,2022-10-16,69.0,F
325,Premium,Brisbane,2023-06-01,51.0,M
326,Regular,Melbourne,2022-10-20,24.0,M
327,Regular,Sydney,2023-12-23,23.0,M
328,Regular,Sydney,2021-08-15,59.0,F
329,Regular,Adelaide,2023-02-02,34.0,M
330,Budget,Sydney,2022-02-20,59.0,M
331,Premium,Melbourne,2021-08-23,66.0,F
332,Budget,Melbourne,2022-10-11,51.0,F
333,Regular,Brisbane,2021-11-17,57.0,M
334,Regular,Adelaide,2022-10-27,32.0,F
335,Regular,Brisbane,2023-09-04,40.0,F
336,Premium,Adelaide,2023-12-09,68.0,F
337,Budget,Brisbane,2023-09-01,60.0,M
338,Regular,Melbourne,2021-09-05,28.0,M
339,Regular,Sydney,2022-10-31,66.0,F
340,Regular,Sydney,2023-03-20,43.0,M
341,Budget,Melbourne,2022-11-26,61.0,F
342,Budget,Sydney,2023-05-16,45.0,M
343,Budget,Melbourne,2021-11-09,49.0,F
344,Budget,Melbourne,2021-07-16,26.0,F
345,Regular,Melbourne,2023-10-17,35.0,F
346,Regular,Adelaide,2022-03-26,55.0,F
347,Regular,Adelaide,2023-03-05,61.0,F
348,Regular,Brisbane,2023-11-20,22.0,M
349,Regular,Sydney,2021-09-24,21.0,M
350,Budget,Melbourne,2023-11-07,54.0,F
351,Regular,Brisbane,2023-06-30,41.0,F
352,Budget,Brisbane,2023-12-10,,Other
353,Budget,Melbourne,2022-11-03,21.0,F
354,Regular,Melbourne,2022-07-11,36.0,M
355,Regular,Melbourne,2023-03-19,19.0,F
356,Budget,Brisbane,2023-10-29,54.0,F
357,Regular,Sydney,2023-09-19,62.0,F
358,Regular,Brisbane,2021-09-13,26.0,F
359,Regular,Sydney,2022-01-06,34.0,F
360,Regular,Brisbane,2021-09-10,61.0,F
361,Regular,Adelaide,2022-09-11,20.0,M
362,Budget,Brisbane,2022-08-28,67.0,F
363,Regular,Melbourne,2022-01-24,64.0,M
364,Regular,Adelaide,2022-06-26,25.0,M
365,Regular,Brisbane,2022-12-05,25.0,M
366,Regular,Melbourne,2023-04-14,53.0,M
367,Budget,Sydney,2022-10-22,18.0,M
368,Regular,Sydney,2023-11-05,44.0,F
369,Regular,Sydney,2023-07-12,21.0,F
370,Premium,Sydney,2022-03-09,45.0,F
371,Premium,Brisbane,2021-11-11,36.0,M
372,Regular,Brisbane,2023-10-02,54.0,M
373,Regular,Adelaide,2023-10-06,63.0,F
374,Regular,Brisbane,2023-10-16,43.0,F
375,Budget,Adelaide,2022-01-19,51.0,F
376,Regular,Brisbane,2023-03-27,49.0,F
377,Regular,Melbourne,2023-03-13,69.0,F
378,Budget,Brisbane,2023-12-21,30.0,F
379,Budget,Melbourne,2021-08-09,30.0,Other
380,Regular,Melbourne,2022-12-07,37.0,F
381,Budget,Melbourne,2022-01-14,56.0,F
382,Budget,Brisbane,2022-04-05,62.0,M
383,Budget,Melbourne,2023-08-27,32.0,M
384,Budget,Brisbane,2022-01-10,23.0,M
385,Budget,Adelaide,2022-08-24,49.0,F
386,Regular,Melbourne,2022-07-07,49.0,F
387,Budget,Melbourne,2023-07-05,37.0,M
388,Regular,Melbourne,2021-11-30,27.0,F
389,Premium,Adelaide,2021-09-15,62.0,M
390,Budget,Sydney,2023-01-01,62.0,M
391,Budget,Adelaide,2023-10-10,56.0,F
392,Regular,Melbourne,2021-11-29,48.0,M
393,Budget,Adelaide,2021-10-25,31.0,M
394,Budget,Adelaide,2022-10-03,,F
395,Premium,Adelaide,2022-07-29,,M
396,Premium,Adelaide,2023-06-15,30.0,F
397,Regular,Sydney,2023-11-02,41.0,Other
398,Budget,Brisbane,2021-09-04,40.0,F
399,Regular,Sydney,2022-10-24,22.0,F
400,Regular,Melbourne,2023-04-29,67.0,M
401,Budget,Sydney,2022-04-18,31.0,F
402,Regular,Brisbane,2023-12-09,44.0,M
403,Budget,Brisbane,2023-10-22,42.0,M
404,Budget,Brisbane,2023-05-28,42.0,F
405,Regular,Sydney,2022-11-22,61.0,M
406,Budget,Melbourne,2023-02-05,56.0,F
407,Budget,Brisbane,2023-07-17,63.0,M
408,Regular,Adelaide,2023-02-19,37.0,F
409,Premium,Adelaide,2023-03-07,31.0,M
410,Regular,Sydney,2022-09-16,40.0,M
411,Regular,Melbourne,2022-08-13,47.0,F
412,Premium,Sydney,2021-10-29,35.0,M
413,Budget,Adelaide,2022-01-05,41.0,F
414,Regular,Sydney,2023-04-13,25.0,M
415,Budget,Adelaide,2021-10-11,48.0,F
416,Budget,Sydney,2022-09-20,55.0,Other
417,Regular,Sydney,2023-07-17,45.0,F
418,Regular,Adelaide,2023-03-01,63.0,F
419,Regular,Melbourne,2022-03-05,69.0,M
420,Budget,Melbourne,2021-12-23,65.0,F
421,Budget,Brisbane,2023-01-30,22.0,F
422,Premium,Melbourne,2023-08-13,63.0,F
423,Budget,Brisbane,2023-07-13,35.0,F
424,Budget,Melbourne,2023-09-30,41.0,F
425,Budget,Melbourne,2022-04-13,39.0,F
426,Regular,Melbourne,2022-10-06,32.0,M
427,Regular,Sydney,2022-11-21,63.0,F
428,Regular,Melbourne,2022-05-07,51.0,F
429,Budget,Brisbane,2021-12-17,68.0,F
430,Budget,Sydney,2022-01-16,67.0,M
431,Regular,Sydney,2023-08-31,39.0,F
432,Regular,Brisbane,2022-07-20,55.0,F
433,Regular,Melbourne,2021-10-29,,F
434,Regular,Sydney,2022-02-04,43.0,M
435,Regular,Brisbane,2023-03-11,56.0,M
436,Budget,Adelaide,2023-01-13,53.0,M
437,Budget,Sydney,2021-10-22,65.0,M
438,Regular,Sydney,2023-12-03,58.0,Other
439,Budget,Melbourne,2022-09-16,50.0,M
440,Regular,Brisbane,2023-09-19,65.0,F
441,Regular,Sydney,2021-10-18,23.0,M
442,Regular,Adelaide,2023-11-28,57.0,M
443,Premium,Melbourne,2023-12-11,38.0,Other
444,Regular,Sydney,2023-03-11,40.0,F
445,Premium,Adelaide,2023-07-05,58.0,M
446,Regular,Sydney,2022-10-13,32.0,M
447,Premium,Sydney,2023-04-07,63.0,Other
448,Budget,Adelaide,2023-02-15,43.0,Other
449,Regular,Brisbane,2022-08-11,36.0,M
450,Regular,Melbourne,2022-08-15,35.0,F
451,Budget,Brisbane,2021-09-12,39.0,M
452,Budget,Brisbane,2022-10-26,67.0,F
453,Premium,Brisbane,2022-08-12,23.0,M
454,Regular,Sydney,2022-05-01,44.0,F
455,Budget,Brisbane,2023-07-29,61.0,F
456,Budget,Melbourne,2022-05-11,42.0,M
457,Budget,Adelaide,2021-11-17,47.0,M
458,Budget,Brisbane,2023-03-21,36.0,M
459,Premium,Sydney,2023-07-25,25.0,M
460,Regular,Adelaide,2023-02-24,51.0,M
461,Budget,Melbourne,2023-04-29,65.0,M
462,Regular,Melbourne,2022-07-24,45.0,Other
463,Budget,Adelaide,2021-11-15,40.0,M
464,Budget,Adelaide,2022-07-14,24.0,F
465,Regular,Adelaide,2023-09-11,67.0,M
466,Regular,Brisbane,2023-03-24,63.0,F
467,Premium,Adelaide,2022-04-21,64.0,M
468,Regular,Sydney,2023-03-10,36.0,F
469,Regular,Brisbane,2022-07-23,50.0,M
470,Regular,Melbourne,2022-04-17,40.0,M
471,Premium,Melbourne,2023-03-11,30.0,F
472,Regular,Sydney,2022-05-29,28.0,F
473,Premium,Sydney,2023-01-08,37.0,F
474,Regular,Melbourne,2023-09-02,46.0,M
475,Premium,Adelaide,2023-02-01,24.0,M
476,Budget,Brisbane,2022-12-01,54.0,F
477,Regular,Melbourne,2023-12-30,41.0,F
478,Regular,Melbourne,2021-10-20,63.0,F
479,Regular,Brisbane,2022-09-13,32.0,M
480,Regular,Sydney,2023-11-30,20.0,M
481,Premium,Brisbane,2021-11-11,34.0,F
482,Premium,Brisbane,2021-11-23,68.0,F
483,Budget,Sydney,2023-12-22,34.0,M
484,Regular,Brisbane,2023-08-08,54.0,F
485,Regular,Brisbane,2023-02-08,61.0,F
486,Budget,Brisbane,2022-10-02,32.0,M
487,Budget,Melbourne,2022-03-19,51.0,M
488,Budget,Brisbane,2022-12-16,28.0,F
489,Regular,Adelaide,2022-06-30,36.0,M
490,Regular,Sydney,2023-12-23,33.0,F
491,Premium,Brisbane,2022-05-19,52.0,F
492,Regular,Brisbane,2021-09-30,63.0,M
493,Premium,Melbourne,2022-09-15,31.0,F
494,Regular,Melbourne,2022-11-18,33.0,M
495,Regular,Adelaide,2023-04-09,60.0,M
496,Budget,Melbourne,2021-08-26,42.0,F
497,Regular,Brisbane,2023-12-03,44.0,F
498,Regular,Sydney,2023-04-18,54.0,M
499,Premium,Adelaide,2023-08-30,25.0,F
500,Regular,Brisbane,2021-11-13,63.0,F
501,Budget,Adelaide,2022-10-24,36.0,F
502,Budget,Brisbane,2021-09-23,52.0,F
503,Budget,Melbourne,2022-05-13,40.0,M
504,Budget,Melbourne,2022-08-18,57.0,M
505,Regular,Brisbane,2022-09-23,49.0,F
506,Regular,Adelaide,2023-07-03,27.0,M
507,Regular,Sydney,2022-08-14,27.0,F
508,Premium,Adelaide,2022-04-25,63.0,M
509,Regular,Adelaide,2021-08-16,45.0,M
510,Regular,Sydney,2022-08-25,32.0,M
511,Budget,Sydney,2021-09-09,25.0,M
512,Budget,Brisbane,2021-09-03,24.0,M
513,Regular,Adelaide,2022-09-18,65.0,F
514,Premium,Melbourne,2022-12-02,68.0,F
515,Budget,Brisbane,2023-08-26,38.0,M
516,Regular,Adelaide,2023-05-05,28.0,M
517,Regular,Melbourne,2021-11-01,39.0,F
518,Budget,Sydney,2023-08-30,25.0,M
519,Regular,Adelaide,2023-01-09,46.0,F
520,Premium,Melbourne,2022-04-13,50.0,F
521,Regular,Melbourne,2023-05-30,69.0,F
522,Budget,Melbourne,2021-08-08,34.0,F
523,Premium,Brisbane,2022-05-27,28.0,F
524,Budget,Melbourne,2023-12-07,24.0,Other
525,Premium,Brisbane,2023-05-24,37.0,F
526,Budget,Brisbane,2022-03-06,49.0,M
527,Regular,Sydney,2021-11-16,21.0,M
528,Budget,Melbourne,2021-09-19,57.0,M
529,Budget,Sydney,2021-11-26,41.0,M
530,Premium,Sydney,2023-10-26,59.0,F
531,Budget,Adelaide,2022-03-16,42.0,M
532,Budget,Brisbane,2023-09-24,26.0,M
533,Budget,Brisbane,2023-10-25,19.0,M
534,Regular,Adelaide,2022-04-19,46.0,F
535,Regular,Brisbane,2022-10-28,,F
536,Premium,Adelaide,2022-05-28,,Other
537,Budget,Brisbane,2021-11-26,63.0,M
538,Regular,Melbourne,2023-11-01,26.0,M
539,Budget,Brisbane,2022-09-14,34.0,Other
540,Regular,Melbourne,2021-12-12,28.0,F
541,Premium,Adelaide,2022-12-01,,F
542,Regular,Sydney,2022-09-17,18.0,F
543,Regular,Adelaide,2022-10-10,22.0,M
544,Budget,Adelaide,2021-10-07,45.0,F
545,Premium,Sydney,2023-11-18,25.0,F
546,Regular,Brisbane,2021-11-02,28.0,F
547,Budget,Adelaide,2021-12-28,24.0,F
548,Budget,Brisbane,2021-12-31,,M
549,Budget,Melbourne,2022-12-26,51.0,M
550,Budget,Adelaide,2022-09-24,68.0,F
551,Budget,Brisbane,2023-02-03,23.0,F
552,Regular,Sydney,2023-05-20,28.0,M
553,Regular,Sydney,2021-11-05,41.0,M
554,Budget,Brisbane,2022-10-03,51.0,F
555,Regular,Melbourne,2022-03-21,24.0,M
556,Premium,Sydney,2023-10-03,29.0,M
557,Regular,Adelaide,2022-01-21,39.0,F
558,Regular,Sydney,2022-05-19,18.0,F
559,Budget,Sydney,2021-07-18,38.0,F
560,Premium,Melbourne,2023-09-03,57.0,F
561,Budget,Sydney,2022-09-02,,M
562,Budget,Melbourne,2022-09-28,40.0,F
563,Premium,Adelaide,2022-09-04,43.0,F
564,Regular,Adelaide,2023-11-14,,F
565,Regular,Adelaide,2022-11-02,45.0,F
566,Regular,Melbourne,2023-04-07,45.0,M
567,Regular,Sydney,2022-06-25,66.0,M
568,Budget,Adelaide,2023-06-07,26.0,M
569,Budget,Melbourne,2022-12-06,22.0,M
570,Budget,Brisbane,2022-06-22,41.0,Other
571,Budget,Sydney,2023-11-05,34.0,M
572,Premium,Brisbane,2022-01-23,28.0,F
573,Budget,Brisbane,2022-03-28,24.0,M
574,Regular,Adelaide,2023-11-11,63.0,M
575,Regular,Sydney,2023-11-04,49.0,M
576,Regular,Melbourne,2021-11-27,53.0,M
577,Regular,Adelaide,2023-04-22,24.0,F
578,Regular,Melbourne,2021-11-18,,Other
579,Premium,Brisbane,2022-10-09,50.0,M
580,Regular,Sydney,2023-02-27,45.0,Other
581,Regular,Brisbane,2023-04-30,54.0,F
582,Premium,Melbourne,2022-05-18,52.0,F
583,Regular,Brisbane,2023-09-25,39.0,M
584,Budget,Adelaide,2023-01-04,58.0,M
585,Regular,Brisbane,2023-02-24,31.0,F
586,Budget,Melbourne,2023-08-16,22.0,F
587,Regular,Sydney,2023-02-18,65.0,M
588,Premium,Melbourne,2022-09-13,19.0,F
589,Regular,Adelaide,2022-05-02,32.0,M
590,Regular,Sydney,2023-10-16,23.0,F
591,Budget,Brisbane,2021-11-07,30.0,M
592,Premium,Melbourne,2021-11-02,38.0,F
593,Budget,Melbourne,2022-04-19,24.0,M
594,Budget,Brisbane,2021-09-22,42.0,M
595,Budget,Melbourne,2022-12-12,66.0,F
596,Budget,Melbourne,2021-12-23,25.0,M
597,Regular,Brisbane,2022-03-18,66.0,F
598,Regular,Adelaide,2022-08-13,39.0,F
599,Budget,Adelaide,2023-07-24,48.0,M
600,Budget,Brisbane,2022-08-18,40.0,M
601,Budget,Brisbane,2021-10-12,34.0,F
602,Budget,Adelaide,2021-07-29,23.0,F
603,Budget,Melbourne,2022-11-24,48.0,F
604,Regular,Melbourne,2023-05-23,65.0,M
605,Budget,Melbourne,2022-02-28,45.0,F
606,Budget,Brisbane,2023-10-25,49.0,F
607,Budget,Brisbane,2023-08-19,51.0,F
608,Regular,Sydney,2022-08-14,,M
609,Budget,Adelaide,2021-07-24,24.0,M
610,Budget,Melbourne,2023-03-12,44.0,F
611,Premium,Adelaide,2022-11-29,63.0,Other
612,Budget,Brisbane,2023-03-17,34.0,M
613,Regular,Adelaide,2022-12-01,63.0,F
614,Regular,Brisbane,2023-12-26,,M
615,Budget,Brisbane,2022-07-15,30.0,M
616,Regular,Sydney,2022-07-14,47.0,M
617,Regular,Melbourne,2023-03-23,56.0,M
618,Regular,Adelaide,2023-05-09,43.0,M
619,Budget,Melbourne,2022-02-15,54.0,M
620,Budget,Sydney,2023-07-16,65.0,M
621,Budget,Sydney,2023-11-20,,F
622,Regular,Brisbane,2023-11-26,61.0,F
623,Regular,Brisbane,2021-10-30,59.0,F
624,Budget,Adelaide,2023-02-08,60.0,M
625,Budget,Adelaide,2023-10-02,62.0,F
626,Premium,Brisbane,2021-11-01,29.0,M
627,Budget,Brisbane,2023-08-21,18.0,F
628,Regular,Adelaide,2023-03-04,25.0,F
629,Regular,Sydney,2023-12-14,30.0,M
630,Budget,Brisbane,2022-04-30,53.0,M
631,Budget,Melbourne,2022-04-12,44.0,F
632,Budget,Adelaide,2022-02-20,42.0,F
633,Premium,Adelaide,2023-05-10,18.0,F
634,Budget,Brisbane,2023-03-12,53.0,Other
635,Budget,Brisbane,2021-09-09,36.0,F
636,Budget,Brisbane,2021-12-23,57.0,M
637,Budget,Brisbane,2023-11-29,,F
638,Regular,Sydney,2022-04-19,33.0,M
639,Budget,Melbourne,2021-12-31,20.0,F
640,Regular,Brisbane,2022-08-16,32.0,M
641,Regular,Brisbane,2022-06-05,66.0,Other
642,Regular,Sydney,2024-01-01,43.0,F
643,Budget,Adelaide,2023-12-05,40.0,M
644,Premium,Adelaide,2023-12-01,32.0,M
645,Regular,Brisbane,2023-08-11,31.0,M
646,Budget,Sydney,2021-07-24,52.0,F
647,Regular,Adelaide,2022-06-10,69.0,F
648,Premium,Sydney,2022-01-27,56.0,M
649,Budget,Melbourne,2023-04-10,56.0,M
650,Premium,Adelaide,2021-09-10,42.0,F
651,Regular,Brisbane,2023-07-06,23.0,M
652,Regular,Sydney,2021-10-11,55.0,F
653,Premium,Sydney,2023-12-05,60.0,M
654,Budget,Melbourne,2023-12-14,44.0,M
655,Regular,Brisbane,2023-10-22,22.0,M
656,Budget,Brisbane,2022-01-19,55.0,F
657,Regular,Sydney,2023-05-15,65.0,M
658,Regular,Sydney,2022-11-21,29.0,M
659,Budget,Brisbane,2022-11-03,26.0,F
660,Regular,Sydney,2022-01-21,56.0,F
661,Budget,Sydney,2023-02-22,35.0,M
662,Budget,Melbourne,2023-12-26,55.0,M
663,Budget,Brisbane,2023-01-19,54.0,F
664,Budget,Sydney,2023-04-17,31.0,M
665,Budget,Sydney,2022-03-15,20.0,F
666,Budget,Sydney,2022-02-24,46.0,M
667,Regular,Melbourne,2023-10-11,39.0,M
668,Regular,Sydney,2022-01-18,62.0,M
669,Regular,Sydney,2023-10-30,36.0,F
670,Budget,Melbourne,2022-06-23,30.0,M
671,Premium,Sydney,2023-01-16,62.0,M
672,Regular,Melbourne,2023-04-05,56.0,M
673,Budget,Brisbane,2022-10-24,50.0,F
674,Budget,Sydney,2023-03-28,67.0,M
675,Regular,Brisbane,2022-01-17,58.0,F
676,Budget,Brisbane,2021-08-14,63.0,F
677,Regular,Brisbane,2021-12-28,59.0,M
678,Premium,Brisbane,2022-12-02,38.0,Other
679,Budget,Adelaide,2022-10-06,,F
680,Budget,Sydney,2022-11-25,49.0,M
681,Premium,Sydney,2022-01-17,57.0,M
682,Regular,Melbourne,2022-08-22,,M
683,Budget,Brisbane,2022-11-06,53.0,M
684,Premium,Adelaide,2022-12-29,47.0,F
685,Premium,Adelaide,2023-01-29,47.0,F
686,Regular,Brisbane,2022-08-22,23.0,F
687,Regular,Melbourne,2022-04-21,18.0,M
688,Budget,Melbourne,2022-12-08,20.0,M
689,Budget,Sydney,2022-01-06,65.0,M
690,Regular,Melbourne,2021-12-18,59.0,F
691,Budget,Brisbane,2022-12-11,31.0,M
692,Regular,Sydney,2021-10-05,40.0,F
693,Regular,Adelaide,2023-07-30,43.0,F
694,Budget,Adelaide,2021-09-15,30.0,M
695,Regular,Melbourne,2023-04-12,39.0,F
696,Budget,Adelaide,2022-08-12,36.0,F
697,Premium,Sydney,2023-04-21,54.0,F
698,Budget,Adelaide,2022-11-30,57.0,M
699,Regular,Adelaide,2023-03-01,23.0,M
700,Regular,Sydney,2022-04-07,42.0,F
701,Budget,Brisbane,2023-10-20,69.0,M
702,Regular,Melbourne,2021-12-08,63.0,F
703,Regular,Adelaide,2021-10-10,59.0,M
704,Regular,Sydney,2022-08-13,56.0,F
705,Regular,Sydney,2022-08-27,18.0,F
706,Premium,Melbourne,2022-04-12,,M
707,Regular,Sydney,2023-07-06,56.0,M
708,Regular,Melbourne,2022-02-26,64.0,F
709,Budget,Brisbane,2023-06-19,65.0,M
710,Regular,Brisbane,2022-05-03,31.0,F
711,Regular,Brisbane,2023-04-01,18.0,F
712,Regular,Sydney,2022-03-01,52.0,M
713,Budget,Sydney,2022-01-20,41.0,F
714,Premium,Adelaide,2023-06-28,19.0,F
715,Budget,Melbourne,2022-06-25,32.0,F
716,Regular,Sydney,2022-10-10,69.0,M
717,Budget,Melbourne,2023-04-12,36.0,M
718,Premium,Sydney,2022-07-21,31.0,M
719,Budget,Melbourne,2021-07-22,52.0,F
720,Budget,Adelaide,2023-12-30,52.0,F
721,Premium,Melbourne,2021-08-23,35.0,F
722,Premium,Brisbane,2021-11-22,62.0,M
723,Budget,Melbourne,2022-09-12,48.0,F
724,Regular,Melbourne,2022-07-01,26.0,F
725,Regular,Brisbane,2023-02-03,34.0,F
726,Premium,Brisbane,2023-09-07,62.0,M
727,Budget,Melbourne,2022-08-05,22.0,F
728,Regular,Sydney,2021-12-28,18.0,M
729,Regular,Adelaide,2023-06-08,52.0,M
730,Regular,Sydney,2022-03-27,40.0,F
731,Regular,Adelaide,2022-02-27,31.0,F
732,Regular,Melbourne,2022-02-18,42.0,M
733,Budget,Adelaide,2023-03-01,27.0,F
734,Premium,Melbourne,2023-01-14,37.0,Other
735,Premium,Brisbane,2022-12-23,30.0,M
736,Regular,Brisbane,2021-11-24,48.0,F
737,Budget,Melbourne,2021-10-13,53.0,M
738,Budget,Sydney,2022-12-25,65.0,M
739,Regular,Brisbane,2021-08-12,21.0,M
740,Budget,Brisbane,2022-08-06,35.0,F
741,Premium,Melbourne,2023-01-20,31.0,M
742,Budget,Adelaide,2024-01-01,48.0,M
743,Regular,Brisbane,2022-07-01,45.0,F
744,Premium,Sydney,2022-05-31,63.0,F
745,Budget,Adelaide,2021-08-13,65.0,F
746,Budget,Sydney,2022-03-26,58.0,F
747,Regular,Brisbane,2023-12-06,28.0,M
748,Regular,Melbourne,2022-08-09,20.0,M
749,Regular,Brisbane,2022-03-04,,F
750,Regular,Adelaide,2022-10-12,67.0,F
751,Premium,Brisbane,2022-12-11,31.0,M
752,Regular,Brisbane,2022-01-03,20.0,M
753,Budget,Adelaide,2022-06-30,53.0,M
754,Budget,Brisbane,2022-04-28,48.0,M
755,Budget,Adelaide,2022-11-10,64.0,Other
756,Budget,Melbourne,2023-04-26,47.0,F
757,Budget,Sydney,2022-09-21,57.0,M
758,Regular,Sydney,2021-08-21,58.0,F
759,Budget,Brisbane,2022-07-08,18.0,F
760,Premium,Brisbane,2022-04-05,25.0,M
761,Budget,Sydney,2023-09-12,58.0,M
762,Budget,Sydney,2021-07-26,27.0,F
763,Regular,Adelaide,2023-05-26,28.0,M
764,Premium,Brisbane,2021-08-10,57.0,F
765,Budget,Adelaide,2022-11-26,28.0,F
766,Budget,Sydney,2021-09-26,25.0,F
767,Budget,Sydney,2021-10-21,18.0,Other
768,Regular,Melbourne,2022-02-21,42.0,F
769,Regular,Adelaide,2021-09-29,51.0,F
770,Budget,Brisbane,2022-07-02,56.0,M
771,Budget,Adelaide,2021-11-29,65.0,F
772,Regular,Melbourne,2023-07-31,51.0,F
773,Premium,Melbourne,2023-10-30,57.0,F
774,Regular,Brisbane,2022-08-30,28.0,F
775,Regular,Adelaide,2022-01-03,35.0,M
776,Budget,Melbourne,2022-02-12,33.0,F
777,Budget,Brisbane,2022-09-13,21.0,F
778,Budget,Adelaide,2022-09-20,68.0,F
779,Regular,Melbourne,2022-07-02,30.0,F
780,Premium,Adelaide,2021-11-11,41.0,F
781,Premium,Brisbane,2021-12-05,36.0,F
782,Premium,Adelaide,2023-09-25,20.0,M
783,Premium,Melbourne,2022-07-14,64.0,M
784,Premium,Brisbane,2023-01-24,29.0,F
785,Budget,Melbourne,2022-01-12,23.0,F
786,Budget,Brisbane,2022-10-03,35.0,F
787,Budget,Melbourne,2021-07-23,25.0,M
788,Regular,Brisbane,2022-12-08,69.0,M
789,Budget,Adelaide,2022-04-30,,M
790,Regular,Melbourne,2023-09-26,33.0,F
791,Regular,Melbourne,2021-09-14,32.0,F
792,Regular,Melbourne,2023-08-16,19.0,Other
793,Budget,Brisbane,2023-01-26,18.0,M
794,Budget,Brisbane,2021-12-09,44.0,F
795,Budget,Brisbane,2021-08-14,30.0,F
796,Premium,Sydney,2022-10-23,22.0,M
797,Regular,Sydney,2022-10-22,33.0,Other
798,Regular,Sydney,2023-11-19,32.0,F
799,Budget,Adelaide,2021-08-04,40.0,M
800,Budget,Adelaide,2023-12-18,69.0,M
801,Regular,Sydney,2023-12-09,33.0,F
802,Regular,Sydney,2022-11-01,54.0,F
803,Regular,Adelaide,2023-12-29,57.0,F
804,Budget,Brisbane,2023-08-07,20.0,F
805,Premium,Melbourne,2022-06-16,44.0,M
806,Budget,Brisbane,2022-04-07,41.0,F
807,Premium,Sydney,2023-04-08,44.0,F
808,Budget,Sydney,2022-01-16,26.0,M
809,Budget,Melbourne,2022-07-04,42.0,F
810,Regular,Adelaide,2023-06-10,24.0,M
811,Budget,Adelaide,2022-03-31,67.0,M
812,Regular,Sydney,2022-07-18,48.0,M
813,Regular,Brisbane,2022-01-01,19.0,F
814,Budget,Adelaide,2023-08-15,44.0,M
815,Regular,Adelaide,2023-06-08,66.0,M
816,Premium,Adelaide,2023-04-03,56.0,F
817,Premium,Sydney,2023-02-28,32.0,M
818,Budget,Sydney,2021-10-24,64.0,F
819,Regular,Sydney,2022-03-13,27.0,F
820,Budget,Sydney,2022-08-30,30.0,M
821,Budget,Sydney,2022-09-02,26.0,M
822,Budget,Melbourne,2021-10-26,65.0,Other
823,Premium,Brisbane,2022-11-25,55.0,M
824,Premium,Melbourne,2023-06-13,44.0,M
825,Regular,Melbourne,2023-08-31,52.0,F
826,Regular,Sydney,2023-03-10,31.0,F
827,Regular,Sydney,2022-05-24,21.0,F
828,Regular,Adelaide,2022-11-04,61.0,F
829,Regular,Brisbane,2022-12-18,68.0,F
830,Regular,Sydney,2022-10-26,19.0,F
831,Budget,Adelaide,2021-08-07,20.0,F
832,Budget,Adelaide,2021-07-18,47.0,F
833,Premium,Adelaide,2023-08-09,20.0,F
834,Regular,Sydney,2023-09-20,55.0,F
835,Premium,Brisbane,2023-05-27,67.0,M
836,Budget,Adelaide,2021-11-26,32.0,F
837,Regular,Adelaide,2022-11-14,33.0,F
838,Budget,Sydney,2021-11-15,62.0,M
839,Budget,Adelaide,2022-05-29,36.0,M
840,Budget,Melbourne,2022-08-22,30.0,F
841,Budget,Melbourne,2023-04-23,22.0,M
842,Premium,Brisbane,2023-02-26,61.0,M
843,Budget,Adelaide,2023-08-22,66.0,M
844,Regular,Sydney,2022-09-21,22.0,M
845,Regular,Brisbane,2023-04-24,59.0,F
846,Regular,Adelaide,2023-04-13,26.0,M
847,Regular,Brisbane,2023-11-27,25.0,M
848,Budget,Melbourne,2022-01-12,37.0,F
849,Premium,Sydney,2021-09-08,40.0,M
850,Regular,Brisbane,2022-10-10,62.0,M
851,Regular,Brisbane,2022-09-06,54.0,F
852,Regular,Brisbane,2021-09-20,25.0,F
853,Budget,Adelaide,2022-09-28,48.0,F
854,Premium,Brisbane,2022-06-20,63.0,F
855,Budget,Brisbane,2022-12-12,52.0,F
856,Budget,Sydney,2022-09-26,29.0,M
857,Budget,Brisbane,2022-09-19,24.0,F
858,Regular,Sydney,2022-04-02,41.0,F
859,Regular,Brisbane,2022-07-07,42.0,M
860,Regular,Sydney,2022-10-05,36.0,F
861,Regular,Adelaide,2023-10-25,23.0,M
862,Budget,Melbourne,2021-10-09,24.0,F
863,Premium,Melbourne,2021-10-24,45.0,F
864,Regular,Sydney,2023-07-19,67.0,F
865,Regular,Sydney,2023-04-13,49.0,M
866,Budget,Adelaide,2021-08-08,40.0,F
867,Premium,Melbourne,2023-03-19,66.0,F
868,Budget,Brisbane,2022-01-01,53.0,M
869,Budget,Adelaide,2022-01-24,55.0,M
870,Regular,Brisbane,2021-11-18,47.0,F
871,Budget,Sydney,2023-12-18,57.0,M
872,Budget,Melbourne,2022-10-24,44.0,F
873,Regular,Melbourne,2022-08-11,50.0,F
874,Budget,Melbourne,2021-12-09,50.0,M
875,Premium,Sydney,2023-06-13,57.0,F
876,Budget,Brisbane,2023-03-31,64.0,M
877,Regular,Melbourne,2023-07-24,33.0,F
878,Regular,Melbourne,2022-02-15,54.0,F
879,Regular,Melbourne,2021-07-17,19.0,M
880,Regular,Melbourne,2023-08-28,45.0,F
881,Regular,Sydney,2023-06-06,64.0,F
882,Premium,Melbourne,2023-03-31,51.0,Other
883,Budget,Adelaide,2021-10-23,31.0,M
884,Budget,Brisbane,2022-11-26,49.0,F
885,Regular,Brisbane,2023-04-23,36.0,F
886,Regular,Adelaide,2023-03-17,40.0,M
887,Budget,Brisbane,2022-07-12,29.0,F
888,Regular,Sydney,2023-01-18,50.0,M
889,Premium,Melbourne,2023-08-28,28.0,F
890,Regular,Melbourne,2021-12-24,41.0,M
891,Premium,Melbourne,2022-12-17,66.0,Other
892,Regular,Sydney,2023-05-15,57.0,M
893,Regular,Sydney,2022-03-17,39.0,M
894,Budget,Melbourne,2022-03-02,68.0,F
895,Premium,Adelaide,2023-08-15,18.0,F
896,Budget,Brisbane,2023-10-27,67.0,F
897,Regular,Adelaide,2023-11-22,36.0,F
898,Regular,Sydney,2022-02-11,60.0,M
899,Regular,Melbourne,2022-06-17,67.0,F
900,Regular,Brisbane,2022-01-19,49.0,M
901,Regular,Melbourne,2022-06-17,49.0,M
902,Premium,Melbourne,2023-01-05,56.0,F
903,Regular,Melbourne,2022-07-20,30.0,F
904,Regular,Sydney,2022-03-22,27.0,M
905,Budget,Adelaide,2023-01-08,35.0,M
906,Regular,Adelaide,2021-09-30,42.0,F
907,Regular,Sydney,2021-10-14,56.0,M
908,Budget,Melbourne,2022-01-11,31.0,M
909,Budget,Brisbane,2021-07-22,47.0,M
910,Regular,Adelaide,2023-01-15,18.0,M
911,Regular,Adelaide,2023-09-21,19.0,M
912,Regular,Melbourne,2022-10-23,68.0,Other
913,Budget,Brisbane,2022-03-01,62.0,M
914,Budget,Adelaide,2022-01-30,62.0,F
915,Budget,Adelaide,2023-01-17,35.0,F
916,Regular,Melbourne,2023-04-13,44.0,F
917,Premium,Adelaide,2022-11-27,53.0,F
918,Budget,Melbourne,2022-01-08,31.0,F
919,Regular,Sydney,2023-11-08,56.0,F
920,Budget,Adelaide,2023-03-12,54.0,F
921,Budget,Adelaide,2023-06-09,39.0,F
922,Budget,Melbourne,2022-01-06,40.0,F
923,Budget,Melbourne,2022-11-05,33.0,F
924,Regular,Melbourne,2023-10-15,59.0,M
925,Premium,Sydney,2023-05-11,69.0,F
926,Budget,Adelaide,2023-11-23,69.0,F
927,Regular,Sydney,2022-10-30,58.0,M
928,Regular,Brisbane,2021-07-18,,F
929,Premium,Sydney,2022-08-09,58.0,M
930,Regular,Brisbane,2021-11-10,30.0,M
931,Budget,Adelaide,2022-03-04,64.0,F
932,Regular,Brisbane,2021-10-29,31.0,M
933,Budget,Brisbane,2023-03-28,38.0,M
934,Premium,Adelaide,2021-08-28,22.0,M
935,Budget,Adelaide,2023-06-01,22.0,F
936,Regular,Adelaide,2022-12-03,38.0,M
937,Budget,Sydney,2022-04-28,46.0,F
938,Regular,Brisbane,2023-04-18,18.0,F
939,Premium,Adelaide,2023-05-08,62.0,F
940,Regular,Melbourne,2023-09-06,23.0,F
941,Regular,Brisbane,2023-12-29,69.0,F
942,Premium,Sydney,2022-10-07,32.0,M
943,Premium,Adelaide,2021-07-27,37.0,F
944,Budget,Brisbane,2023-06-17,26.0,F
945,Regular,Brisbane,2022-12-01,60.0,M
946,Regular,Adelaide,2021-09-12,56.0,M
947,Regular,Sydney,2022-02-05,22.0,F
948,Budget,Melbourne,2023-12-29,23.0,M
949,Budget,Adelaide,2022-10-08,49.0,F
950,Premium,Sydney,2023-08-26,63.0,M
951,Premium,Adelaide,2023-05-24,23.0,F
952,Regular,Melbourne,2023-05-25,29.0,M
953,Premium,Brisbane,2022-06-29,46.0,F
954,Regular,Brisbane,2023-07-06,23.0,M
955,Regular,Brisbane,2023-05-20,33.0,M
956,Regular,Adelaide,2023-06-12,,M
957,Regular,Melbourne,2023-02-14,43.0,F
958,Regular,Sydney,2022-05-21,55.0,F
959,Budget,Melbourne,2023-01-07,39.0,F
960,Regular,Brisbane,2023-03-13,31.0,M
961,Budget,Adelaide,2022-09-23,40.0,F
962,Budget,Adelaide,2022-06-27,44.0,M
963,Regular,Melbourne,2023-12-19,26.0,M
964,Regular,Adelaide,2021-10-22,23.0,F
965,Budget,Sydney,2021-09-29,27.0,F
966,Regular,Sydney,2022-07-08,69.0,F
967,Premium,Sydney,2022-08-02,55.0,M
968,Budget,Adelaide,2022-04-16,24.0,M
969,Budget,Sydney,2022-12-01,33.0,F
970,Budget,Brisbane,2023-02-07,39.0,M
971,Regular,Adelaide,2023-02-18,27.0,M
972,Regular,Adelaide,2023-08-11,62.0,Other
973,Budget,Adelaide,2021-12-05,66.0,F
974,Regular,Sydney,2023-03-19,30.0,M
975,Budget,Melbourne,2023-04-21,18.0,M
976,Budget,Brisbane,2021-08-17,31.0,F
977,Premium,Brisbane,2022-10-02,48.0,M
978,Budget,Brisbane,2022-06-21,60.0,M
979,Budget,Brisbane,2023-05-26,35.0,M
980,Regular,Melbourne,2023-04-27,32.0,F
981,Regular,Sydney,2022-03-17,30.0,F
982,Premium,Melbourne,2022-11-22,18.0,M
983,Premium,Melbourne,2023-08-22,18.0,M
984,Budget,Brisbane,2021-12-11,40.0,F
985,Budget,Adelaide,2023-01-04,50.0,F
986,Regular,Brisbane,2022-05-10,18.0,F
987,Budget,Brisbane,2023-02-28,28.0,M
988,Premium,Sydney,2022-08-15,65.0,F
989,Regular,Brisbane,2022-02-02,69.0,F
990,Budget,Melbourne,2021-10-27,51.0,F
991,Regular,Sydney,2023-06-29,45.0,M
992,Budget,Sydney,2022-05-06,48.0,F
993,Regular,Adelaide,2021-09-30,37.0,M
994,Regular,Adelaide,2022-06-02,28.0,M
995,Regular,Brisbane,2023-08-26,37.0,M
996,Regular,Adelaide,2023-07-15,54.0,F
997,Regular,Sydney,2023-07-03,52.0,M
998,Premium,Melbourne,2023-09-28,53.0,F
999,Premium,Adelaide,2022-02-22,49.0,F
1000,Regular,Sydney,2021-08-16,21.0,F
1001,Budget,Brisbane,2022-09-23,50.0,M
1002,Regular,Sydney,2022-07-12,63.0,F
1003,Premium,Melbourne,2022-02-04,51.0,M
1004,Budget,Melbourne,2022-12-23,48.0,M
1005,Regular,Melbourne,2022-11-02,29.0,M
1006,Regular,Adelaide,2022-07-20,59.0,M
1007,Budget,Adelaide,2023-04-02,41.0,F
1008,Regular,Brisbane,2023-11-07,31.0,M
1009,Budget,Brisbane,2022-08-09,43.0,M
1010,Regular,Sydney,2021-12-23,24.0,Other
1011,Regular,Sydney,2023-10-28,66.0,M
1012,Regular,Sydney,2023-06-21,54.0,M
1013,Regular,Adelaide,2023-05-10,34.0,M
1014,Budget,Sydney,2022-01-07,59.0,M
1015,Regular,Melbourne,2022-10-04,20.0,F
1016,Regular,Adelaide,2022-09-08,38.0,M
1017,Regular,Brisbane,2022-05-31,51.0,M
1018,Premium,Brisbane,2023-04-28,19.0,F
1019,Budget,Sydney,2022-03-30,54.0,M
1020,Premium,Brisbane,2023-12-05,60.0,F
1021,Budget,Brisbane,2023-09-21,48.0,Other
1022,Budget,Melbourne,2021-12-28,28.0,M
1023,Regular,Brisbane,2022-05-19,56.0,M
1024,Budget,Adelaide,2023-07-27,35.0,M
1025,Budget,Melbourne,2022-12-03,56.0,M
1026,Budget,Melbourne,2023-11-16,50.0,F
1027,Regular,Melbourne,2022-05-07,22.0,F
1028,Regular,Adelaide,2022-02-20,23.0,M
1029,Budget,Sydney,2023-04-26,18.0,M
1030,Regular,Adelaide,2023-02-20,21.0,M
1031,Regular,Adelaide,2023-06-02,33.0,Other
1032,Budget,Melbourne,2023-01-16,19.0,F
1033,Budget,Brisbane,2023-05-01,66.0,M
1034,Premium,Adelaide,2023-05-24,65.0,F
1035,Regular,Adelaide,2022-12-10,26.0,M
1036,Regular,Melbourne,2021-11-19,34.0,F
1037,Regular,Sydney,2022-02-14,56.0,F
1038,Budget,Brisbane,2023-04-09,52.0,F
1039,Budget,Sydney,2021-09-05,48.0,M
1040,Regular,Sydney,2023-06-26,69.0,M
1041,Budget,Adelaide,2021-10-04,50.0,Other
1042,Regular,Melbourne,2023-03-29,52.0,M
1043,Regular,Brisbane,2022-09-02,44.0,M
1044,Regular,Sydney,2023-07-03,45.0,F
1045,Regular,Sydney,2022-02-15,33.0,F
1046,Budget,Sydney,2023-03-22,45.0,F
1047,Budget,Melbourne,2021-11-07,65.0,F
1048,Budget,Sydney,2023-10-19,37.0,F
1049,Regular,Melbourne,2022-10-07,24.0,M
1050,Budget,Melbourne,2023-08-12,49.0,F
1051,Budget,Brisbane,2021-10-23,58.0,F
1052,Budget,Brisbane,2022-12-22,67.0,F
1053,Budget,Melbourne,2022-05-04,46.0,M
1054,Regular,Melbourne,2021-11-01,58.0,M
1055,Budget,Sydney,2022-09-06,31.0,F
1056,Premium,Melbourne,2023-11-11,40.0,M
1057,Budget,Adelaide,2023-06-17,39.0,M
1058,Regular,Adelaide,2023-06-24,35.0,F
1059,Regular,Melbourne,2021-10-01,55.0,F
1060,Budget,Adelaide,2021-10-06,63.0,M
1061,Premium,Brisbane,2022-10-29,34.0,M
1062,Premium,Sydney,2021-10-22,25.0,M
1063,Premium,Adelaide,2023-05-25,60.0,F
1064,Budget,Melbourne,2022-04-30,62.0,F
1065,Budget,Brisbane,2023-01-14,66.0,M
1066,Regular,Brisbane,2023-05-30,,M
1067,Budget,Melbourne,2023-05-21,55.0,M
1068,Regular,Brisbane,2022-12-20,55.0,M
1069,Regular,Brisbane,2023-03-02,59.0,M
1070,Regular,Melbourne,2023-06-25,59.0,F
1071,Regular,Melbourne,2023-03-07,67.0,M
1072,Regular,Brisbane,2023-09-08,42.0,M
1073,Budget,Sydney,2021-08-12,21.0,M
1074,Budget,Sydney,2023-01-25,27.0,M
1075,Regular,Adelaide,2023-09-27,64.0,M
1076,Regular,Melbourne,2022-08-01,61.0,M
1077,Budget,Brisbane,2021-10-29,18.0,M
1078,Regular,Brisbane,2023-02-12,37.0,M
1079,Regular,Adelaide,2021-12-02,30.0,F
1080,Regular,Brisbane,2022-07-01,34.0,M
1081,Regular,Brisbane,2022-03-07,51.0,F
1082,Budget,Adelaide,2023-04-10,44.0,F
1083,Budget,Adelaide,2023-11-29,43.0,M
1084,Regular,Sydney,2023-02-24,40.0,M
1085,Budget,Brisbane,2021-09-21,51.0,M
1086,Regular,Sydney,2022-01-20,53.0,M
1087,Regular,Adelaide,2022-01-26,20.0,F
1088,Budget,Sydney,2021-11-02,25.0,M
1089,Budget,Sydney,2023-01-31,35.0,F
1090,Budget,Sydney,2023-03-18,40.0,F
1091,Premium,Brisbane,2021-09-21,69.0,F
1092,Regular,Sydney,2022-08-05,64.0,F
1093,Budget,Sydney,2023-04-08,51.0,F
1094,Premium,Brisbane,2023-04-26,19.0,F
1095,Regular,Adelaide,2021-11-03,23.0,Other
1096,Regular,Brisbane,2023-11-14,41.0,M
1097,Premium,Melbourne,2023-11-07,48.0,M
1098,Budget,Brisbane,2022-03-08,52.0,M
1099,Budget,Brisbane,2023-12-31,,M
1100,Regular,Melbourne,2023-08-01,64.0,F
1101,Budget,Brisbane,2021-07-24,,M
1102,Regular,Sydney,2022-12-14,48.0,F
1103,Budget,Sydney,2022-03-18,20.0,F
1104,Budget,Brisbane,2022-10-20,60.0,M
1105,Budget,Melbourne,2023-10-12,46.0,F
1106,Regular,Sydney,2023-07-19,29.0,M
1107,Budget,Sydney,2022-02-16,34.0,F
1108,Budget,Adelaide,2023-10-08,36.0,F
1109,Premium,Melbourne,2022-07-15,19.0,M
1110,Budget,Sydney,2023-02-22,66.0,F
1111,Budget,Brisbane,2023-02-02,59.0,M
1112,Budget,Brisbane,2021-08-27,64.0,F
1113,Budget,Melbourne,2022-07-05,36.0,F
1114,Budget,Adelaide,2022-06-27,47.0,M
1115,Regular,Melbourne,2023-02-20,41.0,F
1116,Budget,Brisbane,2023-01-23,42.0,F
1117,Premium,Brisbane,2022-04-24,48.0,F
1118,Premium,Brisbane,2023-11-27,41.0,F
1119,Budget,Sydney,2023-06-02,58.0,F
1120,Budget,Brisbane,2022-07-10,21.0,M
1121,Budget,Brisbane,2022-06-19,28.0,F
1122,Regular,Sydney,2023-10-10,64.0,F
1123,Budget,Sydney,2022-01-22,63.0,M
1124,Premium,Brisbane,2022-08-31,60.0,M
1125,Regular,Sydney,2023-06-02,37.0,M
1126,Regular,Adelaide,2022-02-24,41.0,M
1127,Regular,Sydney,2021-07-24,19.0,M
1128,Premium,Adelaide,2022-12-16,32.0,M
1129,Budget,Brisbane,2023-04-21,55.0,F
1130,Regular,Melbourne,2023-04-07,35.0,M
1131,Budget,Melbourne,2022-07-17,42.0,M
1132,Premium,Melbourne,2023-11-20,24.0,F
1133,Regular,Brisbane,2022-10-23,43.0,M
1134,Regular,Adelaide,2023-12-10,55.0,M
1135,Budget,Sydney,2023-11-28,47.0,F
1136,Premium,Brisbane,2022-12-10,,Other
1137,Regular,Adelaide,2022-03-02,65.0,F
1138,Regular,Melbourne,2021-10-28,30.0,M
1139,Premium,Brisbane,2023-10-15,33.0,M
1140,Budget,Sydney,2023-05-27,50.0,Other
1141,Budget,Adelaide,2022-12-18,42.0,F
1142,Regular,Sydney,2022-08-03,68.0,F
1143,Budget,Melbourne,2021-07-27,21.0,F
1144,Budget,Melbourne,2022-04-26,24.0,M
1145,Budget,Melbourne,2022-09-04,,M
1146,Budget,Sydney,2023-11-08,41.0,F
1147,Premium,Brisbane,2023-10-21,64.0,F
1148,Regular,Sydney,2023-08-17,43.0,M
1149,Budget,Adelaide,2022-05-17,40.0,F
1150,Regular,Sydney,2023-03-09,26.0,M
1151,Regular,Melbourne,2023-05-30,40.0,F
1152,Regular,Adelaide,2022-05-08,45.0,M
1153,Premium,Sydney,2021-12-29,48.0,F
1154,Premium,Sydney,2022-12-02,49.0,M
1155,Budget,Brisbane,2021-10-30,40.0,F
1156,Budget,Sydney,2022-03-12,26.0,F
1157,Regular,Adelaide,2022-03-28,25.0,M
1158,Regular,Melbourne,2021-11-12,26.0,F
1159,Regular,Adelaide,2023-07-20,50.0,F
1160,Regular,Sydney,2022-02-18,62.0,F
1161,Regular,Sydney,2021-08-23,63.0,M
1162,Budget,Adelaide,2021-07-22,34.0,F
1163,Budget,Adelaide,2022-07-30,22.0,F
1164,Budget,Adelaide,2022-02-22,50.0,F
1165,Budget,Melbourne,2021-10-24,19.0,M
1166,Budget,Melbourne,2021-11-26,50.0,F
1167,Regular,Brisbane,2021-10-15,37.0,M
1168,Budget,Melbourne,2021-12-13,61.0,M
1169,Budget,Sydney,2023-01-23,50.0,M
1170,Regular,Melbourne,2022-03-15,56.0,M
1171,Regular,Brisbane,2022-12-28,39.0,M
1172,Budget,Sydney,2022-01-10,61.0,M
1173,Regular,Melbourne,2022-01-02,45.0,F
1174,Premium,Melbourne,2021-09-12,50.0,F
1175,Regular,Sydney,2022-07-21,36.0,M
1176,Regular,Sydney,2022-10-31,41.0,F
1177,Budget,Melbourne,2023-08-06,61.0,F
1178,Premium,Sydney,2022-06-06,38.0,F
1179,Budget,Melbourne,2022-08-10,19.0,F
1180,Premium,Brisbane,2022-09-25,37.0,Other
1181,Regular,Adelaide,2022-05-03,38.0,F
1182,Budget,Sydney,2021-11-27,39.0,Other
1183,Budget,Melbourne,2023-08-21,21.0,F
1184,Regular,Sydney,2022-12-09,24.0,M
1185,Regular,Melbourne,2022-03-22,34.0,F
1186,Budget,Melbourne,2021-12-25,40.0,F
1187,Regular,Adelaide,2022-01-31,19.0,F
1188,Premium,Melbourne,2022-01-12,38.0,F
1189,Regular,Adelaide,2021-11-23,34.0,M
1190,Regular,Sydney,2021-08-19,19.0,M
1191,Budget,Sydney,2022-07-03,31.0,F
1192,Regular,Sydney,2023-05-22,32.0,F
1193,Budget,Melbourne,2022-08-12,25.0,F
1194,Premium,Sydney,2022-04-03,57.0,F
1195,Budget,Sydney,2023-10-03,21.0,F
1196,Regular,Sydney,2022-02-19,48.0,F
1197,Budget,Adelaide,2022-08-30,52.0,M
1198,Budget,Adelaide,2021-09-11,59.0,F
1199,Regular,Sydney,2023-06-25,46.0,M
1200,Regular,Adelaide,2021-10-07,46.0,F
1201,Regular,Sydney,2022-11-24,57.0,M
1202,Premium,Melbourne,2022-08-03,,F
1203,Premium,Melbourne,2022-05-17,28.0,M
1204,Premium,Melbourne,2022-07-29,59.0,M
1205,Budget,Adelaide,2021-10-10,42.0,F
1206,Regular,Brisbane,2023-08-04,23.0,F
1207,Premium,Brisbane,2022-03-16,49.0,M
1208,Budget,Brisbane,2021-08-07,68.0,F
1209,Budget,Brisbane,2023-06-17,25.0,M
1210,Regular,Sydney,2023-05-17,18.0,M
1211,Regular,Melbourne,2022-10-31,65.0,M
1212,Regular,Sydney,2022-03-20,49.0,F
1213,Premium,Brisbane,2021-08-21,29.0,F
1214,Regular,Melbourne,2022-01-15,59.0,F
1215,Regular,Brisbane,2022-01-17,38.0,F
1216,Budget,Brisbane,2022-11-30,35.0,F
1217,Regular,Melbourne,2022-05-31,33.0,F
1218,Budget,Sydney,2023-06-25,49.0,Other
1219,Regular,Adelaide,2022-11-11,24.0,M
1220,Regular,Melbourne,2023-07-15,36.0,M
1221,Budget,Sydney,2023-12-08,33.0,M
1222,Budget,Melbourne,2021-11-22,21.0,F
1223,Premium,Adelaide,2022-01-07,57.0,F
1224,Budget,Melbourne,2022-09-29,18.0,M
1225,Regular,Adelaide,2023-12-19,67.0,F
1226,Regular,Melbourne,2023-10-12,,F
1227,Regular,Adelaide,2023-09-23,36.0,M
1228,Budget,Brisbane,2022-03-27,23.0,M
1229,Regular,Sydney,2023-07-02,,M
1230,Budget,Brisbane,2023-05-21,49.0,M
1231,Regular,Melbourne,2021-11-18,22.0,F
1232,Budget,Sydney,2021-11-04,45.0,F
1233,Regular,Brisbane,2022-02-14,58.0,M
1234,Regular,Sydney,2023-03-29,41.0,M
1235,Budget,Brisbane,2022-07-29,23.0,M
1236,Budget,Adelaide,2023-07-05,53.0,M
1237,Budget,Sydney,2021-11-20,27.0,M
1238,Budget,Melbourne,2023-10-17,18.0,F
1239,Budget,Brisbane,2022-03-03,40.0,F
1240,Premium,Sydney,2022-09-28,32.0,F
1241,Regular,Melbourne,2022-02-19,19.0,M
1242,Regular,Melbourne,2022-11-22,58.0,F
1243,Premium,Sydney,2023-08-12,49.0,M
1244,Budget,Adelaide,2022-02-24,65.0,M
1245,Regular,Melbourne,2022-06-13,42.0,F
1246,Premium,Adelaide,2022-11-09,40.0,F
1247,Regular,Brisbane,2023-01-31,61.0,M
1248,Regular,Adelaide,2023-02-26,22.0,F
1249,Regular,Adelaide,2022-10-25,36.0,F
1250,Budget,Brisbane,2023-05-11,59.0,F
1251,Regular,Melbourne,2023-04-22,33.0,F
1252,Premium,Melbourne,2023-04-26,64.0,M
1253,Premium,Adelaide,2023-12-21,32.0,F
1254,Budget,Melbourne,2021-09-18,39.0,M
1255,Regular,Brisbane,2023-06-03,64.0,M
1256,Budget,Sydney,2023-08-06,30.0,F
1257,Premium,Adelaide,2023-08-18,68.0,F
1258,Budget,Brisbane,2021-07-26,20.0,M
1259,Premium,Melbourne,2022-10-29,31.0,F
1260,Regular,Brisbane,2023-03-13,48.0,F
1261,Budget,Melbourne,2023-01-03,48.0,F
1262,Budget,Sydney,2023-10-14,65.0,M
1263,Regular,Adelaide,2023-03-25,67.0,M
1264,Budget,Adelaide,2023-05-23,53.0,M
1265,Regular,Adelaide,2022-01-09,52.0,M
1266,Premium,Melbourne,2023-11-10,,M
1267,Regular,Melbourne,2022-12-15,59.0,M
1268,Budget,Sydney,2022-01-20,51.0,M
1269,Regular,Brisbane,2021-12-12,19.0,M
1270,Budget,Melbourne,2022-09-27,61.0,F
1271,Premium,Adelaide,2023-06-15,,F
1272,Budget,Adelaide,2023-03-04,42.0,M
1273,Budget,Sydney,2023-06-15,43.0,F
1274,Budget,Adelaide,2022-05-16,60.0,M
1275,Premium,Sydney,2023-04-13,31.0,M
1276,Budget,Melbourne,2022-06-13,38.0,F
1277,Premium,Melbourne,2022-05-21,20.0,M
1278,Regular,Adelaide,2021-09-08,36.0,M
1279,Regular,Brisbane,2023-02-02,22.0,M
1280,Premium,Adelaide,2021-08-19,48.0,F
1281,Regular,Brisbane,2023-01-06,64.0,F
1282,Premium,Adelaide,2022-04-29,42.0,M
1283,Budget,Adelaide,2022-05-16,65.0,M
1284,Regular,Adelaide,2021-12-26,68.0,M
1285,Regular,Melbourne,2022-11-05,20.0,F
1286,Regular,Melbourne,2022-01-18,44.0,M
1287,Premium,Adelaide,2023-02-16,45.0,F
1288,Premium,Adelaide,2022-10-16,38.0,F
1289,Regular,Adelaide,2022-10-09,61.0,M
1290,Regular,Brisbane,2022-04-07,38.0,F
1291,Regular,Adelaide,2022-06-24,20.0,M
1292,Budget,Brisbane,2023-10-23,46.0,M
1293,Budget,Brisbane,2022-01-03,28.0,M
1294,Budget,Sydney,2022-02-18,36.0,M
1295,Budget,Brisbane,2023-09-29,44.0,F
1296,Budget,Brisbane,2021-08-19,55.0,Other
1297,Regular,Adelaide,2022-05-17,32.0,M
1298,Regular,Adelaide,2023-10-17,37.0,M
1299,Premium,Melbourne,2022-10-16,21.0,F
1300,Regular,Melbourne,2021-12-10,37.0,M
1301,Budget,Adelaide,2023-04-25,48.0,M
1302,Budget,Adelaide,2021-09-14,50.0,Other
1303,Budget,Sydney,2022-12-21,33.0,F
1304,Premium,Melbourne,2023-06-12,21.0,F
1305,Budget,Adelaide,2023-02-15,48.0,M
1306,Regular,Sydney,2022-09-16,52.0,M
1307,Premium,Adelaide,2022-04-22,22.0,M
1308,Premium,Sydney,2021-09-18,44.0,F
1309,Budget,Sydney,2023-07-10,22.0,M
1310,Budget,Adelaide,2021-08-20,41.0,M
1311,Budget,Brisbane,2022-09-14,51.0,M
1312,Budget,Brisbane,2023-09-08,55.0,F
1313,Budget,Adelaide,2021-09-20,55.0,F
1314,Regular,Melbourne,2023-02-21,57.0,F
1315,Premium,Brisbane,2022-06-22,30.0,M
1316,Regular,Brisbane,2022-04-13,62.0,F
1317,Regular,Brisbane,2023-12-20,36.0,M
1318,Budget,Melbourne,2023-06-16,37.0,M
1319,Regular,Brisbane,2022-04-24,58.0,M
1320,Regular,Melbourne,2023-03-15,35.0,F
1321,Premium,Brisbane,2023-12-24,21.0,M
1322,Premium,Adelaide,2023-12-12,55.0,Other
1323,Budget,Melbourne,2021-12-19,52.0,M
1324,Budget,Brisbane,2023-08-16,48.0,M
1325,Budget,Adelaide,2023-10-03,25.0,F
1326,Regular,Adelaide,2022-08-13,50.0,F
1327,Premium,Adelaide,2023-09-16,28.0,M
1328,Budget,Brisbane,2022-05-24,46.0,F
1329,Regular,Melbourne,2022-08-30,44.0,M
1330,Regular,Adelaide,2022-05-27,58.0,M
1331,Budget,Brisbane,2022-10-16,68.0,F
1332,Budget,Sydney,2022-01-31,27.0,F
1333,Regular,Melbourne,2022-05-31,23.0,M
1334,Regular,Melbourne,2022-12-24,46.0,M
1335,Regular,Adelaide,2023-12-19,67.0,F
1336,Budget,Sydney,2023-04-30,26.0,M
1337,Regular,Brisbane,2023-09-05,43.0,F
1338,Budget,Brisbane,2023-12-18,39.0,F
1339,Premium,Sydney,2023-05-01,34.0,F
1340,Budget,Brisbane,2023-06-30,52.0,M
1341,Budget,Adelaide,2023-10-24,33.0,F
1342,Regular,Brisbane,2023-03-26,43.0,M
1343,Regular,Brisbane,2022-10-03,61.0,M
1344,Regular,Melbourne,2023-07-25,37.0,M
1345,Regular,Sydney,2023-05-01,19.0,M
1346,Premium,Sydney,2023-12-14,64.0,F
1347,Regular,Melbourne,2023-11-17,32.0,F
1348,Regular,Brisbane,2023-08-13,58.0,F
1349,Regular,Sydney,2022-11-20,57.0,F
1350,Budget,Adelaide,2022-05-12,45.0,F
1351,Regular,Brisbane,2022-01-22,22.0,F
1352,Budget,Melbourne,2022-06-14,67.0,F
1353,Regular,Adelaide,2022-06-25,,F
1354,Budget,Sydney,2021-09-11,40.0,F
1355,Premium,Adelaide,2023-05-16,62.0,M
1356,Regular,Melbourne,2022-01-13,58.0,Other
1357,Premium,Melbourne,2021-09-10,57.0,M
1358,Regular,Melbourne,2022-08-09,26.0,M
1359,Budget,Adelaide,2021-12-06,50.0,F
1360,Regular,Melbourne,2023-08-31,32.0,M
1361,Regular,Adelaide,2021-11-02,22.0,M
1362,Regular,Melbourne,2022-08-12,35.0,M
1363,Regular,Melbourne,2023-06-16,23.0,M
1364,Regular,Brisbane,2023-11-07,23.0,F
1365,Premium,Brisbane,2022-03-25,55.0,F
1366,Regular,Melbourne,2022-12-10,44.0,M
1367,Budget,Sydney,2023-03-28,38.0,Other
1368,Regular,Melbourne,2023-01-15,27.0,F
1369,Regular,Brisbane,2021-07-24,58.0,F
1370,Premium,Sydney,2022-12-12,50.0,M
1371,Budget,Sydney,2023-10-23,48.0,F
1372,Regular,Adelaide,2023-04-25,27.0,M
1373,Regular,Sydney,2023-08-24,24.0,M
1374,Regular,Melbourne,2022-04-24,24.0,F
1375,Regular,Adelaide,2022-01-11,19.0,M
1376,Regular,Melbourne,2021-12-06,68.0,F
1377,Budget,Melbourne,2022-06-11,37.0,F
1378,Regular,Sydney,2022-02-09,52.0,M
1379,Budget,Adelaide,2022-12-22,69.0,M
1380,Budget,Brisbane,2022-06-16,66.0,F
1381,Regular,Adelaide,2023-09-27,34.0,F
1382,Regular,Adelaide,2022-09-04,43.0,M
1383,Premium,Melbourne,2022-08-18,42.0,Other
1384,Budget,Sydney,2023-12-05,19.0,F
1385,Budget,Melbourne,2022-08-26,57.0,F
1386,Premium,Sydney,2022-03-22,47.0,M
1387,Budget,Brisbane,2023-02-05,37.0,F
1388,Budget,Sydney,2022-08-29,47.0,F
1389,Budget,Adelaide,2023-04-19,56.0,M
1390,Regular,Brisbane,2023-05-03,18.0,Other
1391,Premium,Melbourne,2023-09-07,51.0,F
1392,Regular,Adelaide,2023-03-12,62.0,F
1393,Regular,Adelaide,2022-01-09,55.0,F
1394,Budget,Melbourne,2021-09-11,50.0,F
1395,Budget,Sydney,2022-06-08,,F
1396,Regular,Melbourne,2022-06-19,56.0,F
1397,Budget,Brisbane,2022-06-28,57.0,M
1398,Budget,Adelaide,2022-10-30,43.0,M
1399,Budget,Melbourne,2022-12-17,48.0,M
1400,Budget,Brisbane,2022-06-22,50.0,F
1401,Regular,Melbourne,2022-01-26,24.0,M
1402,Regular,Sydney,2022-12-25,31.0,F
1403,Budget,Melbourne,2022-08-10,59.0,M
1404,Regular,Sydney,2022-11-04,68.0,M
1405,Regular,Melbourne,2023-04-20,32.0,F
1406,Regular,Melbourne,2023-04-15,38.0,F
1407,Regular,Melbourne,2023-10-23,65.0,M
1408,Regular,Adelaide,2022-12-02,26.0,M
1409,Regular,Melbourne,2022-03-31,31.0,M
1410,Budget,Brisbane,2022-04-24,20.0,M
1411,Budget,Brisbane,2021-07-28,30.0,M
1412,Budget,Brisbane,2023-11-27,51.0,F
1413,Regular,Melbourne,2022-02-16,36.0,M
1414,Budget,Adelaide,2022-01-16,69.0,M
1415,Budget,Sydney,2022-12-05,64.0,M
1416,Regular,Melbourne,2023-04-22,64.0,M
1417,Budget,Adelaide,2023-02-14,55.0,Other
1418,Budget,Melbourne,2022-04-27,54.0,M
1419,Budget,Brisbane,2021-11-17,44.0,M
1420,Regular,Sydney,2022-06-02,69.0,F
1421,Budget,Brisbane,2022-09-26,22.0,F
1422,Budget,Adelaide,2022-05-24,55.0,F
1423,Budget,Brisbane,2023-10-30,25.0,F
1424,Regular,Brisbane,2022-07-03,35.0,F
1425,Premium,Adelaide,2023-11-25,31.0,F
1426,Regular,Melbourne,2021-08-21,49.0,Other
1427,Regular,Melbourne,2021-10-23,58.0,M
1428,Premium,Sydney,2022-10-01,22.0,F
1429,Premium,Brisbane,2023-01-30,49.0,F
1430,Regular,Brisbane,2022-03-13,29.0,F
1431,Premium,Adelaide,2022-06-07,22.0,M
1432,Premium,Brisbane,2022-04-07,39.0,F
1433,Regular,Sydney,2022-09-24,48.0,M
1434,Regular,Brisbane,2023-06-03,28.0,F
1435,Budget,Adelaide,2023-10-28,38.0,M
1436,Budget,Sydney,2023-04-22,67.0,F
1437,Regular,Melbourne,2022-09-12,,F
1438,Regular,Adelaide,2022-12-16,69.0,M
1439,Regular,Melbourne,2022-10-03,61.0,M
1440,Regular,Adelaide,2023-04-27,37.0,M
1441,Regular,Brisbane,2021-09-09,47.0,F
1442,Regular,Brisbane,2023-02-05,54.0,F
1443,Budget,Brisbane,2021-12-01,42.0,F
1444,Budget,Brisbane,2023-01-15,39.0,M
1445,Regular,Adelaide,2022-11-28,35.0,F
1446,Regular,Adelaide,2022-07-07,25.0,F
1447,Premium,Melbourne,2023-05-10,19.0,M
1448,Premium,Adelaide,2023-06-18,35.0,M
1449,Premium,Brisbane,2023-01-25,59.0,M
1450,Budget,Brisbane,2022-01-08,30.0,M
1451,Regular,Melbourne,2023-08-24,27.0,M
1452,Budget,Melbourne,2022-12-04,35.0,M
1453,Regular,Brisbane,2022-05-07,49.0,M
1454,Premium,Melbourne,2022-04-06,29.0,M
1455,Budget,Melbourne,2022-12-07,29.0,M
1456,Regular,Adelaide,2023-10-20,23.0,F
1457,Budget,Melbourne,2023-12-18,35.0,F
1458,Budget,Brisbane,2022-11-05,29.0,M
1459,Budget,Sydney,2022-01-02,61.0,F
1460,Budget,Sydney,2023-12-07,65.0,F
1461,Premium,Adelaide,2021-10-25,37.0,M
1462,Regular,Sydney,2022-05-03,22.0,M
1463,Regular,Adelaide,2023-12-25,22.0,M
1464,Regular,Adelaide,2023-02-26,34.0,F
1465,Budget,Melbourne,2023-06-17,42.0,M
1466,Budget,Adelaide,2021-08-30,45.0,M
1467,Regular,Melbourne,2022-08-20,33.0,F
1468,Budget,Adelaide,2023-03-16,36.0,Other
1469,Premium,Sydney,2023-04-26,32.0,M
1470,Budget,Melbourne,2022-08-12,44.0,F
1471,Regular,Melbourne,2023-12-28,54.0,F
1472,Regular,Adelaide,2023-05-15,20.0,F
1473,Budget,Sydney,2023-08-06,42.0,F
1474,Budget,Adelaide,2022-06-22,51.0,F
1475,Premium,Sydney,2022-05-09,52.0,M
1476,Budget,Melbourne,2022-11-07,47.0,M
1477,Regular,Brisbane,2023-08-28,45.0,F
1478,Regular,Sydney,2023-02-02,53.0,M
1479,Budget,Melbourne,2021-12-04,37.0,Other
1480,Regular,Adelaide,2023-07-02,47.0,M
1481,Regular,Adelaide,2023-08-07,34.0,F
1482,Budget,Sydney,2023-09-23,40.0,M
1483,Regular,Brisbane,2021-12-27,24.0,M
1484,Budget,Brisbane,2023-09-16,36.0,F
1485,Budget,Sydney,2022-07-27,25.0,M
1486,Regular,Brisbane,2021-07-16,29.0,F
1487,Premium,Brisbane,2022-06-03,39.0,F
1488,Budget,Brisbane,2022-12-26,44.0,F
1489,Budget,Melbourne,2023-06-29,66.0,F
1490,Regular,Melbourne,2023-12-31,19.0,Other
1491,Regular,Brisbane,2023-08-14,,F
1492,Budget,Brisbane,2021-08-27,35.0,M
1493,Budget,Sydney,2023-08-25,55.0,F
1494,Regular,Sydney,2023-12-15,53.0,F
1495,Budget,Brisbane,2021-12-28,68.0,M
1496,Budget,Adelaide,2022-12-21,23.0,F
1497,Budget,Sydney,2023-02-14,68.0,M
1498,Regular,Sydney,2022-03-27,21.0,F
1499,Regular,Adelaide,2022-09-18,63.0,M
1500,Premium,Brisbane,2021-09-30,51.0,F
1501,Regular,Adelaide,2022-11-07,43.0,M
1502,Regular,Adelaide,2022-03-31,38.0,F
1503,Premium,Adelaide,2021-11-02,22.0,M
1504,Regular,Sydney,2022-11-10,59.0,F
1505,Regular,Melbourne,2023-04-21,55.0,F
1506,Premium,Sydney,2021-08-08,66.0,F
1507,Budget,Sydney,2023-06-11,55.0,M
1508,Regular,Adelaide,2023-11-27,67.0,M
1509,Regular,Brisbane,2022-07-30,,M
1510,Budget,Sydney,2021-07-27,40.0,F
1511,Regular,Sydney,2023-10-16,54.0,M
1512,Budget,Sydney,2021-11-28,31.0,F
1513,Budget,Melbourne,2021-12-15,59.0,M
1514,Regular,Melbourne,2021-09-17,49.0,F
1515,Budget,Melbourne,2022-12-18,40.0,M
1516,Regular,Adelaide,2023-05-17,50.0,M
1517,Premium,Sydney,2022-09-28,32.0,M
1518,Regular,Brisbane,2023-08-26,50.0,M
1519,Budget,Melbourne,2021-12-04,42.0,M
1520,Budget,Melbourne,2022-05-15,34.0,M
1521,Budget,Adelaide,2022-10-24,,F
1522,Budget,Adelaide,2022-09-24,21.0,Other
1523,Premium,Sydney,2022-04-01,57.0,M
1524,Regular,Melbourne,2022-09-18,28.0,F
1525,Budget,Sydney,2021-12-07,29.0,M
1526,Regular,Melbourne,2021-09-21,26.0,M
1527,Budget,Brisbane,2021-08-30,23.0,M
1528,Budget,Melbourne,2022-06-22,24.0,M
1529,Budget,Melbourne,2022-03-04,61.0,M
1530,Regular,Melbourne,2023-03-28,66.0,F
1531,Regular,Melbourne,2023-11-28,48.0,F
1532,Budget,Melbourne,2023-01-06,18.0,F
1533,Premium,Melbourne,2021-11-08,62.0,F
1534,Premium,Brisbane,2023-09-03,49.0,M
1535,Regular,Sydney,2022-08-28,45.0,F
1536,Budget,Sydney,2023-07-12,67.0,M
1537,Budget,Brisbane,2022-12-11,39.0,M
1538,Premium,Brisbane,2023-08-25,36.0,M
1539,Budget,Melbourne,2022-03-11,58.0,M
1540,Regular,Sydney,2022-01-02,45.0,F
1541,Regular,Brisbane,2022-02-18,55.0,M
1542,Budget,Melbourne,2022-04-07,54.0,M
1543,Regular,Brisbane,2023-06-04,61.0,F
1544,Premium,Sydney,2022-09-11,34.0,Other
1545,Regular,Sydney,2023-09-29,21.0,F
1546,Regular,Brisbane,2023-01-30,42.0,F
1547,Premium,Melbourne,2022-10-03,51.0,F
1548,Regular,Brisbane,2022-05-10,60.0,M
1549,Regular,Brisbane,2023-10-06,31.0,M
1550,Regular,Melbourne,2021-12-31,56.0,M
1551,Regular,Sydney,2022-11-14,61.0,M
1552,Budget,Sydney,2021-10-30,60.0,Other
1553,Budget,Adelaide,2022-09-14,60.0,F
1554,Budget,Sydney,2022-08-27,69.0,Other
1555,Regular,Brisbane,2022-04-18,52.0,F
1556,Regular,Adelaide,2021-12-25,37.0,F
1557,Regular,Adelaide,2023-08-13,40.0,F
1558,Budget,Melbourne,2022-09-28,56.0,F
1559,Regular,Sydney,2023-12-06,30.0,M
1560,Premium,Adelaide,2022-10-31,,M
1561,Budget,Brisbane,2021-12-30,47.0,F
1562,Regular,Melbourne,2021-11-14,52.0,M
1563,Regular,Brisbane,2023-04-21,39.0,F
1564,Regular,Sydney,2023-01-19,56.0,M
1565,Budget,Brisbane,2022-08-23,21.0,F
1566,Regular,Brisbane,2023-01-10,56.0,M
1567,Premium,Melbourne,2023-07-25,60.0,M
1568,Regular,Melbourne,2023-04-02,64.0,F
1569,Premium,Melbourne,2023-01-03,65.0,M
1570,Premium,Sydney,2022-09-22,36.0,Other
1571,Budget,Sydney,2021-09-25,20.0,M
1572,Regular,Adelaide,2022-08-29,51.0,M
1573,Regular,Melbourne,2023-01-18,22.0,M
1574,Premium,Sydney,2022-05-17,32.0,F
1575,Budget,Sydney,2022-02-05,54.0,F
1576,Regular,Melbourne,2022-12-10,48.0,M
1577,Premium,Adelaide,2022-10-18,49.0,M
1578,Budget,Melbourne,2023-06-19,57.0,F
1579,Regular,Adelaide,2021-11-14,26.0,F
1580,Budget,Melbourne,2021-11-12,59.0,M
1581,Premium,Adelaide,2023-07-28,48.0,M
1582,Premium,Adelaide,2023-02-24,39.0,M
1583,Budget,Sydney,2023-05-02,42.0,M
1584,Regular,Sydney,2021-09-23,44.0,F
1585,Budget,Adelaide,2023-11-04,46.0,Other
1586,Regular,Adelaide,2023-06-29,35.0,Other
1587,Regular,Sydney,2023-03-24,29.0,F
1588,Regular,Brisbane,2022-08-15,26.0,M
1589,Budget,Adelaide,2023-05-22,35.0,Other
1590,Budget,Adelaide,2022-09-06,31.0,M
1591,Regular,Melbourne,2022-02-28,44.0,M
1592,Regular,Adelaide,2021-12-17,65.0,F
1593,Regular,Brisbane,2023-10-04,23.0,M
1594,Budget,Adelaide,2023-08-30,34.0,F
1595,Budget,Sydney,2023-10-08,20.0,Other
1596,Premium,Brisbane,2021-10-05,68.0,F
1597,Budget,Sydney,2022-05-25,,F
1598,Budget,Melbourne,2022-09-10,,M
1599,Premium,Sydney,2022-01-20,39.0,M
1600,Budget,Melbourne,2022-07-23,55.0,F
1601,Regular,Adelaide,2023-06-04,67.0,F
1602,Budget,Brisbane,2022-09-29,47.0,F
1603,Premium,Melbourne,2022-04-09,32.0,M
1604,Regular,Melbourne,2023-11-30,54.0,M
1605,Premium,Melbourne,2022-07-05,53.0,M
1606,Budget,Brisbane,2022-10-11,51.0,F
1607,Regular,Melbourne,2023-10-31,20.0,F
1608,Regular,Sydney,2023-05-09,,Other
1609,Budget,Brisbane,2022-11-24,19.0,M
1610,Budget,Adelaide,2023-02-27,65.0,F
1611,Budget,Melbourne,2023-04-15,63.0,M
1612,Premium,Sydney,2022-05-27,47.0,M
1613,Regular,Sydney,2023-01-03,51.0,M
1614,Regular,Adelaide,2022-10-11,21.0,F
1615,Regular,Adelaide,2022-01-13,63.0,M
1616,Regular,Sydney,2023-10-10,32.0,M
1617,Regular,Sydney,2023-02-12,31.0,F
1618,Regular,Sydney,2023-10-28,54.0,F
1619,Regular,Melbourne,2021-09-19,66.0,M
1620,Budget,Adelaide,2023-07-18,43.0,M
1621,Premium,Sydney,2021-12-25,44.0,F
1622,Regular,Adelaide,2023-07-14,46.0,F
1623,Budget,Sydney,2023-03-16,33.0,F
1624,Regular,Brisbane,2022-07-03,49.0,M
1625,Budget,Melbourne,2021-12-14,67.0,F
1626,Premium,Adelaide,2023-07-25,37.0,F
1627,Premium,Melbourne,2023-06-24,58.0,M
1628,Premium,Melbourne,2021-10-30,58.0,M
1629,Budget,Sydney,2023-03-18,62.0,Other
1630,Budget,Adelaide,2023-06-27,55.0,M
1631,Budget,Melbourne,2022-03-03,65.0,F
1632,Budget,Melbourne,2023-10-11,55.0,F
1633,Budget,Brisbane,2021-11-12,68.0,M
1634,Budget,Brisbane,2021-11-04,55.0,F
1635,Premium,Brisbane,2021-11-22,61.0,M
1636,Budget,Melbourne,2023-04-11,64.0,F
1637,Budget,Sydney,2023-09-21,69.0,F
1638,Regular,Sydney,2022-12-15,48.0,F
1639,Regular,Sydney,2023-03-06,54.0,M
1640,Regular,Brisbane,2021-08-21,68.0,F
1641,Regular,Brisbane,2022-06-12,37.0,F
1642,Premium,Brisbane,2021-09-04,24.0,F
1643,Regular,Adelaide,2022-02-25,63.0,F
1644,Regular,Sydney,2022-03-29,50.0,M
1645,Regular,Adelaide,2023-09-23,40.0,F
1646,Regular,Adelaide,2023-10-31,55.0,M
1647,Budget,Brisbane,2023-11-21,19.0,M
1648,Regular,Brisbane,2022-07-16,42.0,F
1649,Budget,Sydney,2023-07-04,31.0,F
1650,Regular,Sydney,2021-07-25,32.0,Other
1651,Budget,Sydney,2023-09-04,68.0,M
1652,Budget,Brisbane,2021-09-01,46.0,M
1653,Budget,Melbourne,2022-05-11,25.0,F
1654,Regular,Sydney,2023-09-28,36.0,M
1655,Budget,Sydney,2023-11-10,30.0,F
1656,Regular,Sydney,2023-01-10,65.0,F
1657,Premium,Brisbane,2023-03-02,33.0,M
1658,Budget,Brisbane,2023-03-24,36.0,M
1659,Regular,Brisbane,2022-09-13,35.0,M
1660,Budget,Sydney,2023-09-07,27.0,F
1661,Budget,Sydney,2023-09-07,,F
1662,Regular,Sydney,2022-04-16,47.0,M
1663,Premium,Adelaide,2021-07-24,40.0,M
1664,Budget,Brisbane,2023-04-30,38.0,M
1665,Regular,Melbourne,2021-09-15,52.0,M
1666,Budget,Sydney,2023-02-25,22.0,F
1667,Regular,Melbourne,2023-03-05,66.0,F
1668,Regular,Adelaide,2023-10-12,47.0,M
1669,Regular,Sydney,2022-12-17,29.0,F
1670,Regular,Adelaide,2022-10-10,45.0,M
1671,Budget,Melbourne,2022-05-14,62.0,M
1672,Regular,Sydney,2023-08-12,27.0,F
1673,Regular,Adelaide,2023-07-16,45.0,M
1674,Regular,Brisbane,2022-12-09,49.0,M
1675,Budget,Brisbane,2023-10-31,60.0,F
1676,Regular,Sydney,2023-08-25,47.0,F
1677,Regular,Melbourne,2022-06-14,56.0,M
1678,Budget,Brisbane,2021-08-26,58.0,F
1679,Budget,Brisbane,2022-08-04,64.0,M
1680,Regular,Sydney,2023-08-24,36.0,F
1681,Regular,Brisbane,2021-07-24,54.0,M
1682,Budget,Adelaide,2022-09-19,30.0,F
1683,Regular,Adelaide,2022-03-27,61.0,M
1684,Regular,Sydney,2023-07-08,67.0,F
1685,Regular,Adelaide,2022-07-30,33.0,F
1686,Regular,Brisbane,2023-10-25,47.0,M
1687,Regular,Sydney,2022-06-17,60.0,F
1688,Regular,Sydney,2023-07-03,19.0,M
1689,Premium,Adelaide,2021-10-05,54.0,F
1690,Regular,Sydney,2023-11-13,60.0,M
1691,Regular,Sydney,2022-05-24,63.0,M
1692,Regular,Melbourne,2023-08-29,28.0,F
1693,Regular,Brisbane,2022-04-23,57.0,M
1694,Budget,Brisbane,2022-10-14,58.0,F
1695,Regular,Brisbane,2021-08-14,18.0,F
1696,Regular,Adelaide,2022-05-25,54.0,M
1697,Premium,Adelaide,2023-02-01,50.0,M
1698,Regular,Sydney,2023-10-15,68.0,F
1699,Regular,Sydney,2022-07-14,20.0,F
1700,Premium,Sydney,2022-12-01,68.0,M
1701,Regular,Melbourne,2023-11-15,47.0,M
1702,Budget,Melbourne,2022-07-27,32.0,F
1703,Budget,Adelaide,2023-06-27,38.0,F
1704,Budget,Melbourne,2023-06-05,57.0,F
1705,Budget,Sydney,2023-12-24,69.0,M
1706,Regular,Adelaide,2023-02-01,34.0,F
1707,Regular,Melbourne,2023-06-19,69.0,F
1708,Regular,Adelaide,2023-10-29,50.0,M
1709,Budget,Adelaide,2022-12-07,27.0,M
1710,Regular,Adelaide,2023-06-17,49.0,M
1711,Budget,Adelaide,2023-09-03,59.0,F
1712,Premium,Sydney,2022-11-07,20.0,M
1713,Budget,Brisbane,2023-11-06,22.0,F
1714,Regular,Melbourne,2021-07-24,18.0,F
1715,Budget,Brisbane,2022-11-04,47.0,M
1716,Regular,Brisbane,2021-07-19,21.0,F
1717,Regular,Brisbane,2021-10-30,66.0,F
1718,Regular,Melbourne,2021-08-03,24.0,M
1719,Budget,Adelaide,2022-08-31,21.0,F
1720,Premium,Brisbane,2022-12-17,31.0,F
1721,Regular,Adelaide,2022-03-25,57.0,M
1722,Regular,Sydney,2023-10-21,65.0,F
1723,Regular,Adelaide,2021-12-06,31.0,F
1724,Premium,Melbourne,2023-03-16,44.0,M
1725,Budget,Melbourne,2023-12-26,58.0,Other
1726,Budget,Adelaide,2023-06-02,59.0,F
1727,Budget,Melbourne,2023-05-28,25.0,F
1728,Budget,Melbourne,2023-12-20,61.0,M
1729,Regular,Adelaide,2022-05-10,63.0,M
1730,Premium,Adelaide,2023-10-08,56.0,M
1731,Premium,Melbourne,2021-11-30,45.0,F
1732,Regular,Melbourne,2022-11-20,38.0,F
1733,Regular,Sydney,2022-03-26,64.0,F
1734,Premium,Sydney,2023-03-02,62.0,M
1735,Premium,Brisbane,2023-09-05,44.0,F
1736,Budget,Melbourne,2023-07-23,56.0,F
1737,Regular,Adelaide,2022-05-30,38.0,F
1738,Regular,Sydney,2022-03-28,56.0,F
1739,Budget,Brisbane,2023-05-06,22.0,F
1740,Regular,Brisbane,2023-02-14,64.0,M
1741,Premium,Brisbane,2021-09-03,44.0,F
1742,Premium,Sydney,2021-11-26,49.0,Other
1743,Premium,Melbourne,2022-12-26,27.0,F
1744,Regular,Brisbane,2023-05-30,45.0,M
1745,Budget,Melbourne,2023-04-05,18.0,Other
1746,Budget,Adelaide,2022-09-04,64.0,M
1747,Regular,Brisbane,2022-08-09,56.0,M
1748,Regular,Melbourne,2023-07-20,41.0,M
1749,Regular,Sydney,2023-11-03,61.0,M
1750,Regular,Sydney,2022-10-13,60.0,M
1751,Regular,Melbourne,2022-01-14,24.0,F
1752,Regular,Melbourne,2023-08-17,20.0,F
1753,Budget,Adelaide,2022-12-30,31.0,M
1754,Budget,Adelaide,2023-08-09,18.0,F
1755,Budget,Sydney,2023-05-29,47.0,F
1756,Budget,Brisbane,2022-06-29,45.0,F
1757,Premium,Melbourne,2023-04-19,45.0,M
1758,Regular,Sydney,2023-05-09,21.0,M
1759,Budget,Brisbane,2021-07-19,65.0,F
1760,Regular,Brisbane,2023-07-30,68.0,F
1761,Regular,Sydney,2023-07-15,48.0,F
1762,Budget,Melbourne,2021-09-17,18.0,M
1763,Budget,Brisbane,2022-08-24,38.0,F
1764,Budget,Melbourne,2023-11-24,55.0,F
1765,Regular,Melbourne,2022-12-15,56.0,F
1766,Budget,Sydney,2022-08-11,30.0,F
1767,Budget,Sydney,2023-05-19,60.0,F
1768,Budget,Adelaide,2022-08-26,68.0,F
1769,Regular,Brisbane,2022-05-28,44.0,F
1770,Budget,Sydney,2023-05-21,37.0,F
1771,Regular,Melbourne,2021-12-31,45.0,F
1772,Budget,Sydney,2022-11-20,19.0,M
1773,Regular,Melbourne,2021-08-17,45.0,F
1774,Regular,Sydney,2023-10-15,19.0,F
1775,Regular,Brisbane,2023-03-16,19.0,F
1776,Budget,Brisbane,2022-03-23,46.0,M
1777,Regular,Brisbane,2021-10-18,44.0,F
1778,Premium,Melbourne,2023-06-16,69.0,F
1779,Budget,Melbourne,2021-08-02,44.0,M
1780,Budget,Sydney,2023-07-11,68.0,M
1781,Premium,Sydney,2022-12-23,59.0,M
1782,Regular,Melbourne,2023-03-24,35.0,Other
1783,Budget,Melbourne,2022-12-16,66.0,F
1784,Budget,Brisbane,2021-10-11,43.0,F
1785,Regular,Sydney,2022-03-13,48.0,M
1786,Regular,Melbourne,2022-01-15,,F
1787,Regular,Adelaide,2023-05-18,29.0,F
1788,Premium,Adelaide,2021-09-01,45.0,Other
1789,Regular,Adelaide,2022-12-06,32.0,M
1790,Budget,Melbourne,2022-05-25,49.0,M
1791,Regular,Sydney,2022-04-14,22.0,F
1792,Budget,Sydney,2022-05-15,31.0,M
1793,Budget,Sydney,2022-07-09,52.0,F
1794,Budget,Adelaide,2022-10-26,49.0,F
1795,Budget,Adelaide,2022-05-29,69.0,M
1796,Regular,Adelaide,2021-10-09,64.0,M
1797,Budget,Brisbane,2023-01-16,60.0,F
1798,Regular,Melbourne,2022-09-29,18.0,F
1799,Regular,Melbourne,2023-07-23,49.0,F
1800,Regular,Adelaide,2023-02-16,29.0,M
1801,Regular,Adelaide,2022-02-06,31.0,F
1802,Regular,Brisbane,2022-06-04,28.0,M
1803,Regular,Adelaide,2023-06-25,41.0,F
1804,Budget,Melbourne,2022-08-28,24.0,F
1805,Regular,Melbourne,2022-01-01,45.0,M
1806,Regular,Adelaide,2023-09-12,26.0,F
1807,Budget,Melbourne,2023-11-07,44.0,F
1808,Budget,Adelaide,2023-01-13,50.0,M
1809,Budget,Melbourne,2022-05-21,27.0,F
1810,Regular,Melbourne,2023-03-26,23.0,F
1811,Regular,Sydney,2021-12-24,59.0,F
1812,Budget,Brisbane,2021-11-30,56.0,M
1813,Regular,Melbourne,2022-09-09,31.0,F
1814,Premium,Melbourne,2023-01-26,64.0,M
1815,Budget,Brisbane,2023-11-25,29.0,F
1816,Premium,Sydney,2021-12-23,66.0,F
1817,Budget,Sydney,2021-10-18,23.0,M
1818,Premium,Adelaide,2022-11-29,52.0,M
1819,Premium,Brisbane,2022-09-24,18.0,F
1820,Budget,Brisbane,2022-02-22,,M
1821,Regular,Sydney,2022-04-16,39.0,F
1822,Premium,Brisbane,2023-09-02,22.0,F
1823,Premium,Melbourne,2022-05-06,41.0,F
1824,Premium,Brisbane,2021-09-21,30.0,M
1825,Regular,Sydney,2022-02-25,23.0,M
1826,Budget,Brisbane,2022-10-26,68.0,M
1827,Regular,Brisbane,2022-09-18,69.0,F
1828,Regular,Melbourne,2023-05-13,68.0,Other
1829,Regular,Sydney,2022-05-17,26.0,F
1830,Regular,Adelaide,2023-05-29,37.0,M
1831,Regular,Brisbane,2023-02-28,35.0,M
1832,Budget,Brisbane,2023-05-08,34.0,M
1833,Regular,Adelaide,2023-03-06,39.0,Other
1834,Budget,Brisbane,2023-02-05,44.0,M
1835,Regular,Sydney,2023-10-19,43.0,M
1836,Regular,Melbourne,2022-03-27,33.0,F
1837,Regular,Adelaide,2022-12-01,68.0,F
1838,Regular,Melbourne,2021-08-30,68.0,M
1839,Budget,Adelaide,2023-07-23,35.0,F
1840,Premium,Sydney,2022-05-09,29.0,M
1841,Regular,Melbourne,2023-07-24,45.0,M
1842,Budget,Melbourne,2022-08-27,37.0,M
1843,Budget,Brisbane,2022-10-17,69.0,M
1844,Budget,Sydney,2022-11-24,40.0,Other
1845,Regular,Sydney,2022-05-22,20.0,F
1846,Premium,Brisbane,2021-12-17,24.0,F
1847,Regular,Melbourne,2023-03-22,21.0,M
1848,Budget,Adelaide,2021-11-28,37.0,F
1849,Premium,Adelaide,2023-07-19,34.0,Other
1850,Budget,Melbourne,2023-04-13,62.0,M
1851,Premium,Brisbane,2023-03-28,64.0,Other
1852,Budget,Melbourne,2021-08-26,25.0,F
1853,Regular,Melbourne,2023-09-17,67.0,F
1854,Premium,Brisbane,2023-01-11,48.0,M
1855,Budget,Melbourne,2022-12-16,33.0,F
1856,Regular,Sydney,2022-01-11,39.0,F
1857,Premium,Melbourne,2022-10-21,40.0,F
1858,Budget,Adelaide,2021-08-14,26.0,F
1859,Budget,Melbourne,2022-03-06,63.0,M
1860,Regular,Melbourne,2022-04-08,18.0,F
1861,Budget,Brisbane,2022-02-23,21.0,F
1862,Budget,Sydney,2023-08-09,32.0,F
1863,Regular,Melbourne,2022-11-23,25.0,M
1864,Regular,Sydney,2022-07-23,21.0,M
1865,Budget,Adelaide,2023-06-28,37.0,M
1866,Budget,Adelaide,2023-09-17,37.0,M
1867,Regular,Adelaide,2023-09-01,24.0,Other
1868,Regular,Sydney,2022-01-21,60.0,M
1869,Regular,Brisbane,2022-05-20,63.0,F
1870,Regular,Brisbane,2023-04-23,55.0,F
1871,Premium,Adelaide,2022-03-09,45.0,F
1872,Regular,Sydney,2022-04-16,67.0,M
1873,Budget,Brisbane,2021-12-28,36.0,F
1874,Premium,Sydney,2021-10-04,40.0,F
1875,Regular,Brisbane,2021-10-29,18.0,F
1876,Budget,Adelaide,2023-07-23,54.0,M
1877,Budget,Sydney,2022-02-08,22.0,F
1878,Regular,Sydney,2023-01-13,52.0,M
1879,Budget,Adelaide,2023-01-04,58.0,F
1880,Budget,Sydney,2022-05-29,29.0,M
1881,Budget,Brisbane,2022-07-09,49.0,M
1882,Regular,Brisbane,2022-12-20,33.0,F
1883,Regular,Melbourne,2021-07-16,38.0,M
1884,Regular,Adelaide,2023-07-28,45.0,F
1885,Budget,Adelaide,2023-10-06,30.0,F
1886,Budget,Melbourne,2023-12-06,59.0,M
1887,Regular,Sydney,2021-12-30,38.0,M
1888,Budget,Sydney,2023-01-01,42.0,M
1889,Regular,Sydney,2022-12-04,60.0,F
1890,Budget,Adelaide,2022-05-27,29.0,F
1891,Budget,Brisbane,2022-12-06,41.0,M
1892,Budget,Brisbane,2022-08-03,69.0,F
1893,Regular,Sydney,2023-11-10,38.0,M
1894,Budget,Adelaide,2023-08-14,24.0,F
1895,Regular,Brisbane,2021-09-15,32.0,F
1896,Budget,Adelaide,2022-11-22,67.0,M
1897,Regular,Melbourne,2023-08-04,57.0,F
1898,Regular,Brisbane,2023-02-03,60.0,M
1899,Budget,Brisbane,2023-03-06,31.0,F
1900,Regular,Melbourne,2023-04-30,61.0,F
1901,Budget,Brisbane,2023-04-12,38.0,Other
1902,Regular,Melbourne,2022-03-16,59.0,F
1903,Budget,Adelaide,2023-09-27,63.0,F
1904,Regular,Brisbane,2023-03-29,28.0,M
1905,Premium,Brisbane,2022-11-06,66.0,F
1906,Budget,Brisbane,2022-09-02,50.0,M
1907,Regular,Melbourne,2021-10-31,56.0,F
1908,Regular,Adelaide,2021-09-23,57.0,M
1909,Budget,Sydney,2023-04-09,26.0,Other
1910,Regular,Brisbane,2022-09-03,56.0,F
1911,Regular,Sydney,2023-12-12,29.0,M
1912,Premium,Melbourne,2022-06-25,32.0,F
1913,Premium,Brisbane,2023-08-17,24.0,F
1914,Budget,Melbourne,2023-10-28,27.0,M
1915,Regular,Adelaide,2022-05-07,68.0,F
1916,Regular,Brisbane,2023-07-25,35.0,F
1917,Budget,Melbourne,2022-10-29,38.0,F
1918,Budget,Melbourne,2023-10-03,42.0,M
1919,Premium,Brisbane,2022-03-01,55.0,F
1920,Budget,Adelaide,2022-02-12,47.0,M
1921,Regular,Melbourne,2022-08-02,45.0,F
1922,Regular,Brisbane,2021-12-10,61.0,M
1923,Budget,Brisbane,2022-12-04,,M
1924,Regular,Sydney,2023-07-18,57.0,M
1925,Premium,Adelaide,2023-08-18,65.0,M
1926,Regular,Brisbane,2023-06-18,53.0,F
1927,Budget,Sydney,2023-07-05,19.0,F
1928,Budget,Brisbane,2023-03-17,31.0,F
1929,Premium,Brisbane,2023-06-23,50.0,F
1930,Budget,Adelaide,2022-07-19,42.0,M
1931,Regular,Sydney,2023-08-21,32.0,M
1932,Budget,Melbourne,2022-06-21,35.0,F
1933,Regular,Sydney,2023-03-07,22.0,F
1934,Premium,Brisbane,2022-04-23,30.0,F
1935,Regular,Brisbane,2022-09-27,58.0,M
1936,Premium,Melbourne,2021-10-09,18.0,F
1937,Budget,Adelaide,2022-12-02,61.0,M
1938,Regular,Brisbane,2023-04-11,35.0,F
1939,Premium,Melbourne,2022-07-20,60.0,M
1940,Regular,Sydney,2022-05-19,31.0,F
1941,Budget,Melbourne,2022-12-02,61.0,M
1942,Premium,Adelaide,2022-08-16,47.0,F
1943,Budget,Melbourne,2022-11-04,62.0,M
1944,Regular,Adelaide,2023-04-01,21.0,F
1945,Premium,Brisbane,2023-03-25,59.0,M
1946,Budget,Brisbane,2021-10-07,32.0,F
1947,Budget,Melbourne,2022-05-04,36.0,M
1948,Budget,Brisbane,2023-10-08,20.0,M
1949,Budget,Sydney,2021-08-19,67.0,F
1950,Budget,Sydney,2022-04-01,51.0,M
1951,Regular,Melbourne,2023-11-17,,M
1952,Budget,Brisbane,2022-03-17,47.0,F
1953,Regular,Brisbane,2022-07-20,26.0,F
1954,Budget,Melbourne,2021-09-30,35.0,F
1955,Budget,Melbourne,2022-10-18,40.0,M
1956,Budget,Brisbane,2022-09-22,25.0,F
1957,Regular,Brisbane,2023-03-24,66.0,F
1958,Regular,Sydney,2023-03-18,,M
1959,Budget,Melbourne,2022-06-24,47.0,F
1960,Premium,Brisbane,2021-12-18,48.0,M
1961,Regular,Adelaide,2021-10-22,54.0,F
1962,Budget,Melbourne,2022-02-07,53.0,F
1963,Premium,Adelaide,2022-07-02,21.0,F
1964,Budget,Brisbane,2022-10-08,45.0,F
1965,Budget,Melbourne,2023-03-02,58.0,M
1966,Regular,Brisbane,2022-02-09,59.0,M
1967,Budget,Adelaide,2023-03-21,48.0,F
1968,Budget,Sydney,2023-05-05,64.0,F
1969,Regular,Sydney,2021-11-11,48.0,F
1970,Budget,Melbourne,2022-07-20,37.0,M
1971,Regular,Sydney,2023-02-17,41.0,F
1972,Premium,Adelaide,2021-11-14,53.0,M
1973,Regular,Adelaide,2021-08-18,64.0,M
1974,Regular,Brisbane,2023-03-21,29.0,F
1975,Regular,Adelaide,2022-09-19,33.0,F
1976,Premium,Sydney,2022-10-23,51.0,F
1977,Budget,Brisbane,2022-04-10,57.0,Other
1978,Budget,Melbourne,2021-08-29,38.0,M
1979,Regular,Melbourne,2022-08-26,51.0,F
1980,Regular,Melbourne,2022-01-13,18.0,F
1981,Budget,Brisbane,2022-07-14,33.0,F
1982,Regular,Brisbane,2021-10-25,67.0,M
1983,Budget,Sydney,2023-01-02,47.0,M
1984,Premium,Brisbane,2023-01-20,63.0,M
1985,Budget,Adelaide,2022-12-17,29.0,M
1986,Budget,Sydney,2021-07-19,33.0,M
1987,Budget,Adelaide,2022-06-30,68.0,F
1988,Budget,Brisbane,2023-08-17,69.0,F
1989,Budget,Melbourne,2023-11-26,,M
1990,Budget,Brisbane,2022-09-22,34.0,F
1991,Budget,Brisbane,2022-01-06,59.0,F
1992,Budget,Adelaide,2022-10-27,41.0,F
1993,Budget,Sydney,2022-08-15,61.0,F
1994,Budget,Sydney,2022-01-13,62.0,F
1995,Budget,Brisbane,2022-09-24,40.0,M
1996,Budget,Melbourne,2021-10-06,33.0,M
1997,Budget,Sydney,2022-06-06,68.0,F
1998,Budget,Melbourne,2022-03-14,41.0,F
1999,Budget,Brisbane,2022-01-28,40.0,F
2000,Regular,Sydney,2022-06-16,52.0,Other
2001,Premium,Adelaide,2023-11-17,66.0,M
2002,Premium,Melbourne,2022-12-13,24.0,M
2003,Regular,Sydney,2023-08-27,69.0,F
2004,Regular,Sydney,2022-09-29,39.0,M
2005,Budget,Adelaide,2023-08-26,19.0,F
2006,Regular,Sydney,2022-09-30,34.0,F
2007,Regular,Melbourne,2023-02-26,42.0,F
2008,Regular,Brisbane,2023-12-14,53.0,M
2009,Premium,Brisbane,2023-09-11,47.0,F
2010,Regular,Melbourne,2022-10-06,25.0,M
2011,Regular,Sydney,2023-10-23,43.0,F
2012,Regular,Brisbane,2021-11-22,30.0,M
2013,Budget,Melbourne,2022-02-18,32.0,F
2014,Premium,Sydney,2022-04-03,54.0,F
2015,Budget,Sydney,2023-07-31,59.0,M
2016,Premium,Brisbane,2022-01-15,26.0,F
2017,Regular,Sydney,2022-06-09,49.0,M
2018,Budget,Melbourne,2023-01-15,39.0,M
2019,Regular,Sydney,2024-01-01,35.0,F
2020,Budget,Adelaide,2022-09-12,55.0,F
2021,Regular,Brisbane,2022-01-15,,M
2022,Regular,Adelaide,2023-12-02,57.0,F
2023,Regular,Sydney,2023-11-15,38.0,F
2024,Premium,Melbourne,2023-01-22,22.0,F
2025,Budget,Melbourne,2022-09-28,59.0,M
2026,Budget,Brisbane,2022-11-01,62.0,M
2027,Regular,Adelaide,2022-12-14,47.0,F
2028,Budget,Sydney,2023-05-17,,M
2029,Regular,Adelaide,2023-11-09,25.0,M
2030,Budget,Brisbane,2023-12-04,35.0,F
2031,Budget,Adelaide,2023-10-05,36.0,M
2032,Regular,Sydney,2022-04-20,57.0,F
2033,Premium,Adelaide,2022-01-24,36.0,M
2034,Budget,Melbourne,2022-12-06,55.0,F
2035,Premium,Melbourne,2023-10-24,33.0,Other
2036,Regular,Sydney,2022-12-23,49.0,Other
2037,Budget,Adelaide,2021-07-28,28.0,F
2038,Regular,Adelaide,2023-05-22,47.0,F
2039,Regular,Sydney,2022-10-16,,M
2040,Budget,Melbourne,2022-09-04,56.0,Other
2041,Regular,Brisbane,2023-03-11,19.0,F
2042,Budget,Brisbane,2022-12-03,69.0,F
2043,Budget,Sydney,2022-11-03,61.0,M
2044,Regular,Melbourne,2022-11-01,48.0,M
2045,Regular,Melbourne,2022-03-27,65.0,F
2046,Regular,Melbourne,2022-07-28,60.0,F
2047,Budget,Adelaide,2023-11-14,25.0,M
2048,Premium,Sydney,2023-12-27,56.0,M
2049,Regular,Brisbane,2022-12-28,,F
2050,Premium,Adelaide,2021-10-07,62.0,M
2051,Regular,Adelaide,2023-11-29,62.0,F
2052,Budget,Adelaide,2023-10-30,67.0,M
2053,Regular,Sydney,2022-04-30,41.0,M
2054,Budget,Sydney,2022-11-22,28.0,M
2055,Regular,Adelaide,2023-06-08,24.0,F
2056,Regular,Brisbane,2023-06-29,26.0,F
2057,Budget,Brisbane,2022-05-13,69.0,M
2058,Premium,Melbourne,2022-09-17,48.0,M
2059,Budget,Brisbane,2022-06-06,36.0,M
2060,Regular,Sydney,2023-04-24,41.0,M
2061,Regular,Melbourne,2022-09-15,26.0,F
2062,Budget,Brisbane,2021-11-18,47.0,M
2063,Regular,Sydney,2023-03-23,40.0,F
2064,Regular,Sydney,2023-01-10,59.0,M
2065,Budget,Sydney,2023-08-07,19.0,M
2066,Regular,Sydney,2022-06-06,66.0,M
2067,Budget,Adelaide,2023-12-03,21.0,M
2068,Regular,Brisbane,2023-05-23,39.0,M
2069,Budget,Adelaide,2022-03-31,35.0,M
2070,Premium,Melbourne,2023-12-15,55.0,M
2071,Premium,Brisbane,2021-07-25,52.0,Other
2072,Budget,Adelaide,2023-01-03,28.0,M
2073,Budget,Melbourne,2023-01-08,43.0,M
2074,Regular,Brisbane,2022-09-06,45.0,M
2075,Regular,Brisbane,2022-06-05,42.0,F
2076,Regular,Adelaide,2022-11-14,19.0,F
2077,Budget,Adelaide,2021-10-28,27.0,F
2078,Budget,Brisbane,2021-08-19,44.0,F
2079,Premium,Brisbane,2023-07-05,31.0,F
2080,Regular,Adelaide,2022-04-05,46.0,M
2081,Premium,Brisbane,2023-04-06,26.0,F
2082,Regular,Melbourne,2021-07-19,56.0,F
2083,Premium,Brisbane,2023-05-19,27.0,M
2084,Budget,Brisbane,2023-04-11,51.0,F
2085,Budget,Sydney,2022-03-30,61.0,M
2086,Premium,Brisbane,2022-01-21,36.0,M
2087,Premium,Brisbane,2023-09-08,25.0,F
2088,Budget,Adelaide,2022-08-19,,M
2089,Budget,Brisbane,2023-02-24,36.0,F
2090,Regular,Sydney,2022-06-30,24.0,Other
2091,Regular,Adelaide,2022-08-18,63.0,F
2092,Budget,Brisbane,2021-07-28,68.0,M
2093,Premium,Melbourne,2021-09-13,68.0,F
2094,Budget,Adelaide,2022-05-23,65.0,F
2095,Regular,Melbourne,2022-04-30,48.0,M
2096,Budget,Melbourne,2021-10-15,34.0,M
2097,Budget,Adelaide,2023-07-20,41.0,F
2098,Regular,Adelaide,2022-03-19,31.0,F
2099,Budget,Brisbane,2022-02-06,61.0,M
2100,Regular,Melbourne,2023-09-09,40.0,M
2101,Budget,Adelaide,2021-10-30,38.0,Other
2102,Premium,Sydney,2022-04-12,53.0,M
2103,Regular,Brisbane,2023-02-23,37.0,M
2104,Premium,Brisbane,2022-10-23,36.0,F
2105,Budget,Adelaide,2022-10-18,29.0,M
2106,Budget,Melbourne,2021-09-27,21.0,M
2107,Budget,Adelaide,2021-08-12,19.0,F
2108,Regular,Sydney,2022-01-05,38.0,F
2109,Budget,Adelaide,2022-05-25,69.0,F
2110,Budget,Sydney,2023-09-30,31.0,M
2111,Budget,Brisbane,2021-09-30,51.0,F
2112,Budget,Sydney,2023-09-03,34.0,F
2113,Budget,Adelaide,2023-08-04,33.0,F
2114,Budget,Adelaide,2023-10-31,26.0,F
2115,Budget,Sydney,2021-09-01,47.0,F
2116,Regular,Adelaide,2022-10-15,52.0,F
2117,Budget,Melbourne,2023-06-03,36.0,F
2118,Budget,Brisbane,2023-10-21,45.0,M
2119,Regular,Sydney,2022-12-27,42.0,F
2120,Regular,Sydney,2022-03-21,32.0,F
2121,Budget,Sydney,2021-07-20,53.0,M
2122,Regular,Brisbane,2022-08-22,46.0,M
2123,Premium,Brisbane,2022-07-04,21.0,F
2124,Regular,Adelaide,2021-12-10,43.0,M
2125,Premium,Sydney,2021-10-12,38.0,F
2126,Regular,Brisbane,2023-04-25,59.0,F
2127,Budget,Sydney,2021-07-23,33.0,M
2128,Regular,Melbourne,2022-09-21,67.0,M
2129,Regular,Sydney,2021-09-16,49.0,F
2130,Premium,Sydney,2023-09-18,24.0,M
2131,Regular,Brisbane,2023-10-06,38.0,F
2132,Budget,Adelaide,2021-10-27,63.0,M
2133,Regular,Brisbane,2022-05-06,31.0,M
2134,Budget,Adelaide,2023-07-28,54.0,F
2135,Regular,Brisbane,2021-10-18,58.0,M
2136,Regular,Sydney,2023-10-01,54.0,F
2137,Regular,Melbourne,2022-04-27,22.0,F
2138,Premium,Adelaide,2023-07-01,37.0,M
2139,Regular,Sydney,2023-10-30,36.0,M
2140,Regular,Sydney,2022-01-06,35.0,F
2141,Regular,Adelaide,2021-11-30,63.0,F
2142,Regular,Sydney,2023-09-28,18.0,F
2143,Premium,Adelaide,2023-10-10,46.0,F
2144,Budget,Adelaide,2022-06-28,69.0,M
2145,Regular,Brisbane,2023-12-07,63.0,M
2146,Budget,Brisbane,2022-03-01,49.0,F
2147,Premium,Sydney,2021-09-29,69.0,F
2148,Regular,Melbourne,2022-02-25,38.0,F
2149,Regular,Adelaide,2023-06-08,49.0,M
2150,Budget,Adelaide,2023-07-14,46.0,F
2151,Budget,Melbourne,2022-04-29,20.0,F
2152,Regular,Adelaide,2023-11-07,20.0,M
2153,Budget,Adelaide,2022-09-05,64.0,F
2154,Budget,Sydney,2022-11-24,27.0,F
2155,Premium,Brisbane,2022-03-02,36.0,M
2156,Regular,Brisbane,2023-07-03,50.0,M
2157,Budget,Brisbane,2022-02-14,,M
2158,Budget,Adelaide,2022-04-12,44.0,F
2159,Premium,Adelaide,2023-06-01,68.0,M
2160,Regular,Brisbane,2023-02-14,58.0,M
2161,Regular,Melbourne,2023-11-03,66.0,M
2162,Budget,Adelaide,2022-11-23,52.0,M
2163,Budget,Adelaide,2023-05-12,68.0,M
2164,Budget,Brisbane,2023-09-21,49.0,F
2165,Regular,Brisbane,2022-08-16,46.0,M
2166,Budget,Sydney,2022-08-09,60.0,M
2167,Budget,Melbourne,2023-10-16,63.0,M
2168,Regular,Sydney,2023-07-19,21.0,M
2169,Premium,Brisbane,2023-10-19,65.0,M
2170,Regular,Adelaide,2022-04-30,53.0,F
2171,Regular,Sydney,2023-03-03,64.0,F
2172,Regular,Adelaide,2023-10-29,55.0,F
2173,Regular,Sydney,2023-07-13,66.0,M
2174,Budget,Sydney,2021-08-06,32.0,F
2175,Regular,Adelaide,2023-05-16,27.0,F
2176,Regular,Sydney,2022-04-25,28.0,M
2177,Regular,Brisbane,2022-11-06,31.0,M
2178,Premium,Adelaide,2023-07-22,,F
2179,Premium,Melbourne,2023-03-31,40.0,M
2180,Budget,Sydney,2023-12-20,28.0,M
2181,Budget,Melbourne,2022-02-28,26.0,F
2182,Budget,Sydney,2023-03-06,45.0,M
2183,Budget,Brisbane,2022-10-09,59.0,Other
2184,Budget,Adelaide,2023-08-17,25.0,M
2185,Budget,Adelaide,2021-12-21,44.0,M
2186,Regular,Adelaide,2023-06-19,52.0,M
2187,Regular,Adelaide,2022-08-10,54.0,M
2188,Premium,Adelaide,2021-11-07,23.0,F
2189,Budget,Adelaide,2022-03-31,56.0,F
2190,Budget,Brisbane,2022-07-08,19.0,F
2191,Regular,Adelaide,2021-10-24,30.0,F
2192,Budget,Melbourne,2023-07-27,34.0,M
2193,Budget,Melbourne,2021-08-17,62.0,M
2194,Premium,Adelaide,2022-08-19,27.0,M
2195,Budget,Melbourne,2022-12-29,58.0,F
2196,Budget,Melbourne,2023-05-16,69.0,F
2197,Regular,Sydney,2022-03-02,67.0,M
2198,Regular,Melbourne,2021-08-06,33.0,F
2199,Regular,Brisbane,2022-04-20,22.0,F
2200,Budget,Adelaide,2023-12-03,29.0,M
2201,Regular,Sydney,2022-11-05,57.0,F
2202,Budget,Brisbane,2022-03-13,28.0,F
2203,Regular,Adelaide,2023-01-09,51.0,F
2204,Regular,Adelaide,2022-02-05,37.0,M
2205,Premium,Adelaide,2022-04-05,57.0,M
2206,Budget,Sydney,2023-11-02,49.0,M
2207,Regular,Melbourne,2022-08-17,48.0,F
2208,Budget,Adelaide,2023-07-31,58.0,Other
2209,Budget,Adelaide,2022-10-21,67.0,F
2210,Budget,Brisbane,2023-01-21,36.0,M
2211,Regular,Adelaide,2022-01-05,45.0,M
2212,Budget,Brisbane,2021-11-11,50.0,F
2213,Regular,Sydney,2022-11-12,60.0,M
2214,Budget,Adelaide,2022-09-05,43.0,F
2215,Premium,Sydney,2022-06-17,37.0,F
2216,Regular,Melbourne,2022-05-22,62.0,M
2217,Budget,Sydney,2022-06-09,67.0,M
2218,Budget,Brisbane,2022-01-27,47.0,M
2219,Budget,Sydney,2021-08-01,23.0,M
2220,Premium,Brisbane,2021-12-17,33.0,F
2221,Budget,Adelaide,2023-09-02,42.0,M
2222,Regular,Adelaide,2022-10-30,54.0,M
2223,Regular,Melbourne,2022-11-12,52.0,M
2224,Regular,Adelaide,2022-10-01,60.0,M
2225,Regular,Melbourne,2022-09-13,19.0,F
2226,Regular,Brisbane,2022-03-26,42.0,F
2227,Premium,Brisbane,2022-12-19,,F
2228,Budget,Sydney,2023-05-09,69.0,F
2229,Regular,Sydney,2022-11-16,25.0,M
2230,Budget,Sydney,2021-11-23,63.0,F
2231,Regular,Adelaide,2023-03-27,18.0,M
2232,Premium,Adelaide,2023-12-14,28.0,F
2233,Regular,Melbourne,2021-08-06,62.0,M
2234,Regular,Adelaide,2023-07-09,58.0,M
2235,Budget,Sydney,2022-07-08,68.0,M
2236,Regular,Adelaide,2022-01-11,49.0,F
2237,Budget,Sydney,2023-04-29,50.0,M
2238,Regular,Sydney,2023-03-01,45.0,F
2239,Regular,Adelaide,2023-04-24,44.0,M
2240,Budget,Melbourne,2023-08-20,44.0,F
2241,Budget,Melbourne,2023-08-17,33.0,F
2242,Budget,Adelaide,2023-07-17,62.0,M
2243,Budget,Melbourne,2022-11-15,36.0,M
2244,Budget,Adelaide,2022-09-11,49.0,M
2245,Premium,Sydney,2023-12-18,52.0,F
2246,Regular,Sydney,2021-12-01,,F
2247,Budget,Melbourne,2022-05-03,49.0,M
2248,Regular,Brisbane,2023-10-30,20.0,M
2249,Regular,Sydney,2021-12-04,34.0,M
2250,Budget,Sydney,2023-12-05,41.0,M
2251,Budget,Brisbane,2022-08-15,38.0,F
2252,Budget,Melbourne,2022-11-09,65.0,M
2253,Budget,Melbourne,2022-10-07,64.0,M
2254,Regular,Sydney,2021-08-24,55.0,F
2255,Premium,Sydney,2021-09-19,36.0,F
2256,Budget,Sydney,2023-04-25,20.0,F
2257,Regular,Brisbane,2022-07-29,57.0,M
2258,Budget,Sydney,2021-08-21,63.0,F
2259,Regular,Sydney,2022-03-17,43.0,F
2260,Regular,Adelaide,2021-10-25,,F
2261,Budget,Melbourne,2022-12-06,66.0,M
2262,Budget,Brisbane,2023-04-22,46.0,F
2263,Regular,Melbourne,2022-09-29,28.0,F
2264,Premium,Adelaide,2021-12-27,19.0,F
2265,Budget,Adelaide,2021-09-18,57.0,F
2266,Budget,Melbourne,2022-04-24,47.0,F
2267,Budget,Brisbane,2022-04-06,25.0,F
2268,Regular,Melbourne,2022-09-28,20.0,F
2269,Regular,Adelaide,2023-03-20,68.0,M
2270,Regular,Melbourne,2022-12-17,34.0,M
2271,Regular,Adelaide,2022-10-11,35.0,F
2272,Premium,Brisbane,2021-12-29,50.0,F
2273,Regular,Brisbane,2022-08-20,36.0,F
2274,Budget,Melbourne,2022-01-18,65.0,F
2275,Regular,Adelaide,2023-12-08,53.0,F
2276,Budget,Brisbane,2022-02-19,36.0,F
2277,Budget,Adelaide,2022-10-02,31.0,M
2278,Premium,Adelaide,2021-07-17,62.0,F
2279,Regular,Sydney,2022-11-03,48.0,M
2280,Premium,Adelaide,2022-10-28,65.0,F
2281,Regular,Adelaide,2023-09-09,35.0,F
2282,Regular,Sydney,2022-01-05,19.0,M
2283,Regular,Adelaide,2022-04-10,64.0,M
2284,Budget,Brisbane,2021-11-16,30.0,M
2285,Budget,Melbourne,2023-10-10,61.0,F
2286,Regular,Sydney,2023-06-25,54.0,M
2287,Budget,Melbourne,2021-11-03,30.0,M
2288,Premium,Sydney,2023-11-25,57.0,F
2289,Budget,Brisbane,2022-10-01,22.0,M
2290,Budget,Brisbane,2023-01-02,38.0,F
2291,Regular,Brisbane,2021-09-08,36.0,F
2292,Budget,Brisbane,2021-11-21,52.0,M
2293,Premium,Melbourne,2021-10-16,45.0,M
2294,Regular,Brisbane,2023-04-16,49.0,Other
2295,Budget,Adelaide,2022-07-22,42.0,F
2296,Regular,Sydney,2022-04-11,56.0,M
2297,Regular,Melbourne,2021-08-14,26.0,F
2298,Regular,Adelaide,2023-12-26,55.0,F
2299,Regular,Adelaide,2021-08-05,20.0,M
2300,Regular,Adelaide,2023-02-16,22.0,F
2301,Regular,Sydney,2023-09-08,,F
2302,Budget,Melbourne,2022-06-27,26.0,M
2303,Regular,Sydney,2022-01-28,58.0,F
2304,Premium,Adelaide,2023-09-07,24.0,M
2305,Regular,Brisbane,2023-11-26,25.0,M
2306,Regular,Sydney,2021-10-17,66.0,M
2307,Regular,Sydney,2021-09-13,27.0,F
2308,Regular,Brisbane,2023-08-14,65.0,F
2309,Premium,Adelaide,2021-10-10,36.0,F
2310,Budget,Adelaide,2021-10-05,59.0,M
2311,Budget,Adelaide,2021-07-18,66.0,F
2312,Regular,Adelaide,2023-06-21,24.0,F
2313,Regular,Adelaide,2022-07-30,35.0,M
2314,Regular,Adelaide,2021-07-21,47.0,M
2315,Budget,Adelaide,2021-10-11,63.0,F
2316,Regular,Melbourne,2022-07-06,27.0,M
2317,Regular,Adelaide,2023-07-08,27.0,F
2318,Regular,Adelaide,2023-10-18,37.0,F
2319,Regular,Sydney,2023-05-13,28.0,M
2320,Regular,Brisbane,2023-11-04,31.0,Other
2321,Regular,Melbourne,2023-07-10,24.0,F
2322,Regular,Sydney,2023-10-26,61.0,F
2323,Regular,Sydney,2022-02-14,59.0,F
2324,Regular,Sydney,2022-07-20,25.0,M
2325,Regular,Adelaide,2022-09-22,45.0,F
2326,Budget,Adelaide,2022-01-03,51.0,M
2327,Budget,Sydney,2022-12-28,50.0,M
2328,Regular,Brisbane,2023-01-04,69.0,M
2329,Premium,Brisbane,2023-06-29,,M
2330,Regular,Brisbane,2022-11-27,53.0,M
2331,Budget,Brisbane,2023-07-28,19.0,M
2332,Regular,Adelaide,2022-07-20,22.0,Other
2333,Budget,Brisbane,2021-07-18,50.0,M
2334,Regular,Brisbane,2022-09-09,65.0,M
2335,Regular,Brisbane,2023-04-07,38.0,M
2336,Regular,Melbourne,2022-04-22,51.0,F
2337,Regular,Adelaide,2021-12-24,28.0,M
2338,Budget,Melbourne,2022-11-03,41.0,F
2339,Regular,Adelaide,2023-05-21,57.0,F
2340,Premium,Brisbane,2022-03-30,52.0,M
2341,Regular,Brisbane,2023-07-17,23.0,Other
2342,Regular,Adelaide,2021-07-18,63.0,M
2343,Budget,Brisbane,2023-03-21,66.0,F
2344,Budget,Brisbane,2023-02-20,42.0,M
2345,Budget,Brisbane,2022-03-18,35.0,F
2346,Budget,Brisbane,2023-12-22,45.0,F
2347,Budget,Melbourne,2023-07-03,59.0,M
2348,Premium,Brisbane,2023-09-10,41.0,M
2349,Regular,Adelaide,2023-01-15,19.0,M
2350,Budget,Brisbane,2022-08-21,21.0,M
2351,Budget,Adelaide,2023-07-24,60.0,Other
2352,Budget,Adelaide,2023-02-26,58.0,F
2353,Regular,Melbourne,2022-02-06,58.0,F
2354,Budget,Sydney,2021-09-08,,F
2355,Regular,Melbourne,2023-12-20,26.0,F
2356,Regular,Adelaide,2022-06-16,38.0,F
2357,Budget,Adelaide,2023-12-09,30.0,M
2358,Regular,Brisbane,2022-09-20,38.0,M
2359,Premium,Adelaide,2021-11-01,47.0,M
2360,Regular,Sydney,2022-01-13,32.0,M
2361,Budget,Brisbane,2023-06-06,,M
2362,Premium,Brisbane,2023-05-14,38.0,M
2363,Premium,Brisbane,2022-01-26,55.0,M
2364,Regular,Brisbane,2021-12-25,50.0,M
2365,Regular,Melbourne,2023-04-24,34.0,M
2366,Budget,Brisbane,2023-12-30,34.0,M
2367,Regular,Brisbane,2022-11-27,48.0,M
2368,Regular,Adelaide,2022-06-23,26.0,F
2369,Budget,Sydney,2022-11-28,61.0,F
2370,Regular,Melbourne,2021-09-12,63.0,F
2371,Premium,Melbourne,2021-12-30,19.0,M
2372,Regular,Sydney,2022-01-22,68.0,M
2373,Budget,Melbourne,2023-12-14,19.0,M
2374,Budget,Melbourne,2021-11-24,41.0,M
2375,Premium,Melbourne,2022-02-21,52.0,M
2376,Premium,Melbourne,2023-01-09,35.0,Other
2377,Regular,Brisbane,2022-07-20,28.0,M
2378,Regular,Brisbane,2021-12-21,20.0,M
2379,Regular,Melbourne,2021-10-08,55.0,F
2380,Regular,Adelaide,2022-08-24,19.0,F
2381,Budget,Melbourne,2023-11-25,43.0,M
2382,Budget,Brisbane,2022-06-24,38.0,M
2383,Budget,Sydney,2022-04-29,68.0,F
2384,Regular,Sydney,2023-11-09,66.0,M
2385,Budget,Melbourne,2021-12-27,60.0,F
2386,Budget,Melbourne,2023-07-04,55.0,F
2387,Regular,Melbourne,2021-10-22,46.0,M
2388,Budget,Sydney,2022-08-24,36.0,F
2389,Budget,Melbourne,2023-03-18,,M
2390,Regular,Brisbane,2023-11-10,68.0,M
2391,Budget,Brisbane,2023-12-16,38.0,M
2392,Regular,Sydney,2022-03-05,40.0,Other
2393,Premium,Melbourne,2023-01-27,25.0,M
2394,Budget,Brisbane,2021-12-06,32.0,M
2395,Premium,Brisbane,2023-06-08,50.0,F
2396,Premium,Adelaide,2021-09-25,40.0,M
2397,Regular,Melbourne,2021-09-06,48.0,F
2398,Regular,Brisbane,2023-10-02,29.0,F
2399,Regular,Adelaide,2022-05-29,22.0,F
2400,Regular,Melbourne,2021-09-08,64.0,F
2401,Regular,Adelaide,2023-03-17,40.0,F
2402,Budget,Melbourne,2023-11-02,36.0,M
2403,Premium,Melbourne,2021-11-05,32.0,Other
2404,Regular,Brisbane,2022-11-01,52.0,F
2405,Regular,Brisbane,2023-12-08,47.0,F
2406,Budget,Brisbane,2021-12-06,38.0,F
2407,Budget,Sydney,2022-05-01,66.0,F
2408,Regular,Sydney,2023-10-30,64.0,F
2409,Regular,Adelaide,2023-05-14,28.0,M
2410,Regular,Adelaide,2023-12-16,51.0,F
2411,Budget,Adelaide,2021-08-25,68.0,F
2412,Budget,Brisbane,2023-12-10,43.0,F
2413,Regular,Adelaide,2022-01-15,19.0,M
2414,Budget,Melbourne,2022-09-28,24.0,M
2415,Premium,Sydney,2022-07-26,52.0,F
2416,Budget,Sydney,2022-01-01,64.0,M
2417,Budget,Melbourne,2021-10-18,24.0,Other
2418,Budget,Melbourne,2023-09-09,46.0,F
2419,Regular,Adelaide,2023-12-16,43.0,M
2420,Regular,Melbourne,2023-09-11,32.0,M
2421,Regular,Brisbane,2022-04-27,50.0,F
2422,Premium,Melbourne,2022-08-08,63.0,M
2423,Budget,Brisbane,2023-10-18,30.0,F
2424,Regular,Brisbane,2023-06-05,20.0,M
2425,Budget,Sydney,2022-09-05,36.0,M
2426,Budget,Melbourne,2022-03-15,34.0,M
2427,Regular,Sydney,2023-02-26,55.0,F
2428,Budget,Adelaide,2021-08-30,45.0,Other
2429,Regular,Brisbane,2021-07-22,18.0,F
2430,Regular,Adelaide,2022-02-11,35.0,F
2431,Regular,Adelaide,2022-11-19,56.0,F
2432,Regular,Sydney,2021-11-03,42.0,M
2433,Regular,Brisbane,2022-03-17,47.0,F
2434,Budget,Sydney,2022-09-21,31.0,F
2435,Budget,Adelaide,2022-11-28,34.0,M
2436,Budget,Adelaide,2021-12-13,24.0,Other
2437,Regular,Brisbane,2022-08-18,22.0,M
2438,Premium,Adelaide,2023-07-21,19.0,M
2439,Budget,Adelaide,2021-07-16,50.0,F
2440,Regular,Adelaide,2023-11-01,26.0,F
2441,Regular,Sydney,2022-04-16,47.0,M
2442,Regular,Sydney,2022-05-21,67.0,F
2443,Regular,Adelaide,2022-07-23,54.0,M
2444,Regular,Melbourne,2023-11-16,47.0,F
2445,Regular,Melbourne,2022-10-15,24.0,F
2446,Premium,Sydney,2021-10-20,43.0,M
2447,Budget,Brisbane,2023-05-31,64.0,F
2448,Premium,Adelaide,2022-04-19,37.0,F
2449,Budget,Adelaide,2021-11-20,60.0,F
2450,Regular,Brisbane,2021-08-28,54.0,M
2451,Budget,Brisbane,2022-09-24,31.0,M
2452,Budget,Brisbane,2023-03-25,25.0,F
2453,Budget,Melbourne,2022-04-12,18.0,F
2454,Regular,Brisbane,2022-10-21,32.0,F
2455,Budget,Adelaide,2022-06-16,35.0,F
2456,Budget,Melbourne,2022-03-05,52.0,F
2457,Regular,Melbourne,2022-04-02,47.0,M
2458,Regular,Brisbane,2023-05-28,42.0,F
2459,Regular,Brisbane,2022-02-20,55.0,F
2460,Premium,Sydney,2022-09-01,58.0,M
2461,Regular,Melbourne,2021-09-16,55.0,M
2462,Budget,Brisbane,2022-05-18,64.0,F
2463,Budget,Brisbane,2021-10-21,36.0,F
2464,Premium,Brisbane,2021-08-04,60.0,F
2465,Budget,Adelaide,2021-07-20,39.0,M
2466,Regular,Brisbane,2022-03-02,27.0,Other
2467,Premium,Brisbane,2022-07-13,25.0,M
2468,Premium,Melbourne,2023-09-17,22.0,M
2469,Regular,Melbourne,2023-01-19,67.0,Other
2470,Regular,Adelaide,2022-10-31,26.0,F
2471,Regular,Melbourne,2022-01-29,61.0,F
2472,Regular,Brisbane,2022-07-21,58.0,F
2473,Budget,Sydney,2022-12-02,40.0,F
2474,Budget,Sydney,2023-08-23,65.0,M
2475,Regular,Sydney,2022-03-28,65.0,M
2476,Budget,Sydney,2022-12-09,66.0,F
2477,Regular,Brisbane,2023-11-30,43.0,F
2478,Budget,Brisbane,2023-04-21,33.0,M
2479,Premium,Brisbane,2021-11-01,20.0,M
2480,Regular,Melbourne,2023-09-17,61.0,M
2481,Regular,Brisbane,2023-01-01,63.0,M
2482,Regular,Sydney,2022-09-28,45.0,F
2483,Budget,Melbourne,2023-10-18,21.0,M
2484,Regular,Sydney,2023-08-05,60.0,M
2485,Budget,Sydney,2021-09-07,33.0,F
2486,Premium,Sydney,2022-07-19,46.0,F
2487,Regular,Sydney,2023-06-26,52.0,M
2488,Premium,Melbourne,2023-08-02,25.0,M
2489,Premium,Brisbane,2022-12-14,21.0,M
2490,Premium,Brisbane,2022-03-21,22.0,M
2491,Budget,Melbourne,2022-03-15,67.0,M
2492,Premium,Sydney,2023-07-10,67.0,M
2493,Regular,Sydney,2022-03-19,40.0,M
2494,Regular,Brisbane,2021-10-17,40.0,M
2495,Regular,Adelaide,2023-06-12,39.0,M
2496,Budget,Melbourne,2023-12-09,36.0,F
2497,Budget,Sydney,2021-08-21,46.0,M
2498,Budget,Melbourne,2022-09-19,36.0,M
2499,Budget,Sydney,2022-02-02,50.0,F
2500,Regular,Sydney,2023-03-19,37.0,M
2501,Premium,Melbourne,2023-04-07,50.0,F
2502,Regular,Adelaide,2023-06-13,67.0,F
2503,Regular,Brisbane,2023-06-20,28.0,F
2504,Regular,Adelaide,2022-11-03,21.0,M
2505,Regular,Melbourne,2023-09-28,45.0,F
2506,Budget,Melbourne,2021-12-05,24.0,F
2507,Regular,Melbourne,2022-09-28,30.0,M
2508,Budget,Sydney,2021-09-30,59.0,M
2509,Regular,Melbourne,2022-10-07,39.0,M
2510,Regular,Melbourne,2023-04-04,46.0,F
2511,Regular,Melbourne,2022-09-25,58.0,M
2512,Premium,Sydney,2023-08-16,24.0,M
2513,Budget,Brisbane,2021-12-21,42.0,F
2514,Premium,Adelaide,2022-03-24,19.0,F
2515,Regular,Adelaide,2023-08-22,43.0,M
2516,Regular,Sydney,2022-07-27,29.0,M
2517,Regular,Sydney,2022-09-04,65.0,M
2518,Regular,Adelaide,2023-07-05,31.0,F
2519,Premium,Adelaide,2023-09-14,28.0,M
2520,Regular,Brisbane,2022-02-16,18.0,F
2521,Regular,Melbourne,2023-05-09,24.0,M
2522,Regular,Brisbane,2022-09-21,29.0,M
2523,Regular,Brisbane,2023-05-24,29.0,M
2524,Premium,Adelaide,2022-05-23,56.0,M
2525,Budget,Brisbane,2023-11-18,64.0,F
2526,Regular,Sydney,2023-02-12,62.0,F
2527,Budget,Brisbane,2022-08-27,67.0,M
2528,Budget,Adelaide,2022-12-02,64.0,F
2529,Regular,Melbourne,2022-06-29,41.0,M
2530,Budget,Sydney,2023-07-23,38.0,F
2531,Budget,Sydney,2022-11-30,51.0,M
2532,Budget,Adelaide,2022-02-20,34.0,F
2533,Regular,Melbourne,2023-03-07,49.0,M
2534,Regular,Brisbane,2023-08-13,69.0,F
2535,Premium,Adelaide,2021-11-30,28.0,F
2536,Budget,Sydney,2022-01-31,58.0,F
2537,Regular,Sydney,2022-04-29,66.0,F
2538,Regular,Adelaide,2022-01-13,45.0,M
2539,Regular,Brisbane,2022-01-31,36.0,F
2540,Regular,Sydney,2022-03-01,31.0,M
2541,Budget,Brisbane,2022-09-30,26.0,F
2542,Regular,Sydney,2023-12-15,34.0,M
2543,Regular,Adelaide,2022-07-13,56.0,M
2544,Regular,Adelaide,2023-05-01,44.0,F
2545,Regular,Adelaide,2022-02-05,29.0,M
2546,Regular,Melbourne,2022-11-06,46.0,F
2547,Regular,Melbourne,2021-10-09,60.0,M
2548,Budget,Adelaide,2022-07-15,18.0,F
2549,Regular,Brisbane,2022-08-24,19.0,F
2550,Premium,Brisbane,2021-09-26,67.0,F
2551,Budget,Sydney,2022-10-31,56.0,M
2552,Regular,Brisbane,2023-01-28,47.0,M
2553,Budget,Brisbane,2023-02-01,65.0,M
2554,Regular,Melbourne,2021-11-05,48.0,M
2555,Budget,Adelaide,2022-02-20,45.0,F
2556,Regular,Sydney,2023-08-07,28.0,M
2557,Budget,Brisbane,2022-10-15,60.0,M
2558,Regular,Adelaide,2023-02-01,57.0,M
2559,Premium,Brisbane,2022-05-29,33.0,F
2560,Budget,Sydney,2023-11-15,56.0,M
2561,Premium,Brisbane,2022-03-30,55.0,M
2562,Premium,Brisbane,2022-03-04,22.0,M
2563,Premium,Brisbane,2023-06-12,26.0,M
2564,Budget,Melbourne,2023-08-19,48.0,F
2565,Regular,Brisbane,2022-06-16,50.0,M
2566,Budget,Melbourne,2023-05-15,52.0,F
2567,Budget,Brisbane,2021-09-06,37.0,F
2568,Premium,Brisbane,2022-02-03,61.0,F
2569,Regular,Brisbane,2021-08-25,41.0,F
2570,Regular,Adelaide,2022-09-07,28.0,F
2571,Budget,Adelaide,2021-09-09,23.0,M
2572,Regular,Adelaide,2023-12-20,63.0,F
2573,Regular,Adelaide,2023-04-16,54.0,F
2574,Regular,Adelaide,2023-12-30,41.0,F
2575,Premium,Sydney,2022-05-02,28.0,F
2576,Budget,Melbourne,2022-09-29,23.0,M
2577,Budget,Brisbane,2023-04-18,25.0,M
2578,Regular,Melbourne,2023-04-02,23.0,M
2579,Premium,Brisbane,2022-06-01,45.0,M
2580,Budget,Sydney,2023-07-23,28.0,M
2581,Budget,Sydney,2022-09-25,24.0,M
2582,Budget,Brisbane,2022-06-28,32.0,F
2583,Premium,Adelaide,2023-05-31,54.0,F
2584,Budget,Melbourne,2023-06-10,43.0,F
2585,Regular,Melbourne,2023-02-17,25.0,F
2586,Premium,Brisbane,2022-07-18,56.0,M
2587,Budget,Melbourne,2023-05-18,43.0,M
2588,Regular,Sydney,2023-01-25,27.0,F
2589,Regular,Brisbane,2022-08-30,53.0,F
2590,Regular,Adelaide,2023-07-17,69.0,F
2591,Budget,Brisbane,2022-08-07,46.0,F
2592,Regular,Adelaide,2023-08-30,26.0,F
2593,Budget,Brisbane,2023-08-26,34.0,F
2594,Regular,Adelaide,2023-06-02,49.0,F
2595,Regular,Sydney,2023-04-19,69.0,F
2596,Budget,Sydney,2023-12-06,66.0,M
2597,Budget,Sydney,2021-08-19,66.0,M
2598,Premium,Adelaide,2023-03-30,61.0,M
2599,Budget,Brisbane,2022-01-07,47.0,F
2600,Budget,Sydney,2021-10-12,51.0,F
2601,Regular,Adelaide,2022-01-11,56.0,M
2602,Budget,Melbourne,2021-12-14,55.0,M
2603,Budget,Brisbane,2023-10-03,51.0,F
2604,Regular,Sydney,2023-02-01,24.0,M
2605,Budget,Sydney,2022-03-01,63.0,F
2606,Regular,Melbourne,2022-08-01,18.0,M
2607,Regular,Sydney,2023-12-27,40.0,M
2608,Regular,Brisbane,2022-08-09,40.0,M
2609,Budget,Sydney,2022-01-07,69.0,M
2610,Regular,Sydney,2021-12-17,22.0,M
2611,Budget,Brisbane,2023-01-21,42.0,M
2612,Regular,Melbourne,2023-06-03,36.0,M
2613,Budget,Brisbane,2023-03-29,,M
2614,Regular,Brisbane,2023-04-10,29.0,F
2615,Budget,Adelaide,2023-02-24,39.0,M
2616,Budget,Adelaide,2023-04-05,65.0,M
2617,Regular,Sydney,2022-11-16,38.0,M
2618,Budget,Brisbane,2023-11-26,63.0,F
2619,Budget,Brisbane,2023-04-29,56.0,F
2620,Regular,Brisbane,2023-03-24,60.0,Other
2621,Regular,Adelaide,2023-08-16,,F
2622,Budget,Sydney,2021-11-02,55.0,M
2623,Premium,Melbourne,2022-05-04,56.0,F
2624,Regular,Adelaide,2021-10-03,26.0,M
2625,Premium,Adelaide,2022-08-14,55.0,F
2626,Regular,Sydney,2023-09-25,20.0,M
2627,Regular,Melbourne,2021-10-09,56.0,M
2628,Regular,Melbourne,2022-11-15,52.0,F
2629,Regular,Sydney,2022-04-26,57.0,F
2630,Premium,Sydney,2023-01-23,51.0,Other
2631,Budget,Brisbane,2022-10-14,,M
2632,Budget,Brisbane,2022-10-18,37.0,M
2633,Budget,Brisbane,2023-04-20,48.0,M
2634,Premium,Melbourne,2022-08-20,42.0,M
2635,Regular,Adelaide,2022-03-12,35.0,M
2636,Regular,Brisbane,2023-12-14,43.0,M
2637,Regular,Adelaide,2023-09-06,45.0,F
2638,Premium,Melbourne,2021-12-04,30.0,M
2639,Budget,Sydney,2022-08-07,51.0,F
2640,Regular,Melbourne,2021-08-08,34.0,F
2641,Premium,Brisbane,2022-07-06,31.0,F
2642,Budget,Melbourne,2022-05-23,39.0,M
2643,Regular,Adelaide,2021-10-14,23.0,M
2644,Budget,Sydney,2022-05-17,49.0,M
2645,Regular,Brisbane,2023-03-11,56.0,F
2646,Regular,Melbourne,2022-09-13,67.0,M
2647,Budget,Sydney,2023-06-03,32.0,M
2648,Budget,Brisbane,2023-03-07,46.0,Other
2649,Budget,Adelaide,2022-04-29,,F
2650,Budget,Brisbane,2023-08-20,56.0,F
2651,Regular,Sydney,2022-05-07,50.0,M
2652,Budget,Sydney,2022-07-25,59.0,F
2653,Budget,Melbourne,2023-03-30,62.0,M
2654,Regular,Brisbane,2023-11-22,23.0,M
2655,Regular,Melbourne,2022-04-07,36.0,F
2656,Regular,Melbourne,2021-12-20,51.0,F
2657,Premium,Adelaide,2022-03-15,46.0,F
2658,Budget,Sydney,2022-12-19,43.0,M
2659,Regular,Sydney,2022-05-23,27.0,M
2660,Budget,Sydney,2022-12-24,47.0,F
2661,Regular,Adelaide,2023-02-13,56.0,F
2662,Premium,Melbourne,2023-03-13,19.0,M
2663,Regular,Sydney,2023-06-26,48.0,M
2664,Regular,Melbourne,2021-08-12,65.0,F
2665,Regular,Adelaide,2022-05-12,47.0,F
2666,Budget,Brisbane,2023-07-28,67.0,M
2667,Regular,Sydney,2021-11-14,36.0,F
2668,Regular,Sydney,2023-08-18,18.0,Other
2669,Premium,Sydney,2022-07-16,53.0,M
2670,Regular,Adelaide,2023-08-06,29.0,F
2671,Budget,Sydney,2023-02-10,18.0,F
2672,Regular,Melbourne,2022-05-19,27.0,F
2673,Budget,Melbourne,2021-07-16,66.0,F
2674,Budget,Brisbane,2021-07-23,58.0,F
2675,Budget,Brisbane,2021-10-17,32.0,F
2676,Regular,Adelaide,2023-06-04,49.0,M
2677,Budget,Melbourne,2023-10-09,35.0,F
2678,Budget,Melbourne,2021-10-08,27.0,M
2679,Budget,Melbourne,2021-09-23,69.0,M
2680,Premium,Sydney,2023-04-26,60.0,F
2681,Regular,Brisbane,2023-12-15,36.0,F
2682,Budget,Brisbane,2022-05-28,36.0,Other
2683,Budget,Melbourne,2023-10-25,60.0,F
2684,Regular,Adelaide,2023-11-26,41.0,F
2685,Budget,Sydney,2021-09-10,37.0,M
2686,Regular,Adelaide,2022-10-12,38.0,F
2687,Regular,Brisbane,2023-09-23,41.0,Other
2688,Premium,Sydney,2022-05-22,45.0,M
2689,Budget,Brisbane,2023-02-03,20.0,F
2690,Regular,Adelaide,2022-09-06,42.0,F
2691,Budget,Melbourne,2021-10-15,40.0,M
2692,Premium,Melbourne,2023-06-01,32.0,F
2693,Premium,Adelaide,2022-05-30,36.0,M
2694,Regular,Sydney,2021-12-17,40.0,M
2695,Regular,Sydney,2022-12-16,37.0,M
2696,Budget,Brisbane,2021-08-11,65.0,M
2697,Regular,Adelaide,2022-11-24,45.0,M
2698,Regular,Brisbane,2022-11-14,44.0,F
2699,Budget,Sydney,2021-10-28,31.0,M
2700,Regular,Brisbane,2022-06-08,65.0,F
2701,Regular,Melbourne,2021-11-11,19.0,F
2702,Regular,Adelaide,2022-01-20,46.0,M
2703,Regular,Brisbane,2022-03-31,26.0,M
2704,Regular,Melbourne,2023-05-29,57.0,F
2705,Regular,Brisbane,2023-01-08,37.0,F
2706,Budget,Brisbane,2021-11-14,33.0,F
2707,Budget,Brisbane,2022-06-26,21.0,M
2708,Budget,Melbourne,2023-04-24,59.0,F
2709,Regular,Brisbane,2023-03-13,38.0,F
2710,Regular,Sydney,2022-02-02,31.0,Other
2711,Regular,Melbourne,2023-07-25,61.0,M
2712,Budget,Melbourne,2023-09-23,19.0,F
2713,Budget,Brisbane,2022-02-12,42.0,M
2714,Regular,Adelaide,2023-04-17,26.0,F
2715,Budget,Adelaide,2022-02-12,24.0,F
2716,Budget,Melbourne,2022-09-08,19.0,F
2717,Regular,Brisbane,2021-07-17,27.0,M
2718,Budget,Sydney,2022-09-16,67.0,F
2719,Budget,Melbourne,2021-11-12,41.0,M
2720,Regular,Brisbane,2021-11-27,69.0,F
2721,Regular,Brisbane,2023-06-25,31.0,F
2722,Budget,Adelaide,2021-07-19,57.0,F
2723,Regular,Melbourne,2022-03-01,22.0,M
2724,Premium,Adelaide,2023-09-27,23.0,F
2725,Regular,Adelaide,2023-12-27,18.0,F
2726,Regular,Brisbane,2023-05-02,64.0,F
2727,Regular,Sydney,2023-12-18,52.0,F
2728,Regular,Melbourne,2023-02-14,56.0,F
2729,Regular,Adelaide,2021-07-19,66.0,F
2730,Regular,Brisbane,2022-10-27,35.0,F
2731,Budget,Adelaide,2023-12-11,55.0,M
2732,Budget,Adelaide,2022-10-14,44.0,F
2733,Regular,Sydney,2023-06-18,46.0,M
2734,Budget,Adelaide,2021-11-22,52.0,M
2735,Regular,Melbourne,2023-10-12,42.0,F
2736,Regular,Adelaide,2022-02-07,19.0,M
2737,Premium,Brisbane,2022-11-26,21.0,F
2738,Budget,Melbourne,2023-12-16,44.0,Other
2739,Regular,Sydney,2022-05-06,47.0,M
2740,Regular,Sydney,2022-11-18,56.0,M
2741,Budget,Brisbane,2022-02-06,47.0,M
2742,Budget,Brisbane,2022-06-24,27.0,M
2743,Budget,Brisbane,2022-01-23,37.0,F
2744,Budget,Sydney,2022-11-13,41.0,F
2745,Budget,Brisbane,2023-12-25,69.0,F
2746,Regular,Sydney,2023-09-06,45.0,M
2747,Regular,Sydney,2022-11-14,51.0,F
2748,Budget,Melbourne,2023-01-09,,M
2749,Budget,Brisbane,2022-01-17,36.0,F
2750,Budget,Brisbane,2022-12-27,68.0,F
2751,Regular,Adelaide,2021-11-18,53.0,M
2752,Budget,Adelaide,2023-07-17,62.0,F
2753,Regular,Melbourne,2023-01-20,56.0,F
2754,Budget,Adelaide,2022-02-20,50.0,M
2755,Budget,Sydney,2023-09-12,19.0,F
2756,Premium,Adelaide,2023-03-18,48.0,F
2757,Budget,Melbourne,2022-02-24,24.0,M
2758,Budget,Adelaide,2022-07-20,,M
2759,Budget,Adelaide,2022-01-31,54.0,F
2760,Premium,Brisbane,2022-09-24,46.0,F
2761,Regular,Adelaide,2021-11-19,34.0,F
2762,Regular,Sydney,2021-11-03,21.0,F
2763,Premium,Sydney,2021-08-07,52.0,F
2764,Budget,Brisbane,2023-09-14,54.0,M
2765,Premium,Brisbane,2022-07-18,42.0,M
2766,Budget,Sydney,2023-09-21,,M
2767,Regular,Brisbane,2023-06-09,58.0,F
2768,Regular,Sydney,2023-04-06,44.0,F
2769,Budget,Adelaide,2022-05-30,20.0,F
2770,Premium,Sydney,2022-12-09,63.0,M
2771,Budget,Melbourne,2021-11-14,42.0,F
2772,Premium,Adelaide,2023-04-08,52.0,F
2773,Budget,Brisbane,2022-06-25,65.0,M
2774,Regular,Brisbane,2022-02-14,36.0,M
2775,Premium,Brisbane,2021-08-02,50.0,F
2776,Budget,Adelaide,2023-05-26,19.0,F
2777,Premium,Melbourne,2022-03-12,64.0,F
2778,Regular,Adelaide,2023-10-17,21.0,M
2779,Regular,Brisbane,2022-08-30,46.0,F
2780,Budget,Adelaide,2022-12-25,36.0,M
2781,Regular,Brisbane,2021-08-22,19.0,M
2782,Regular,Sydney,2022-02-04,42.0,F
2783,Regular,Brisbane,2021-09-19,66.0,M
2784,Budget,Adelaide,2021-11-27,26.0,Other
2785,Budget,Sydney,2022-12-28,33.0,M
2786,Premium,Adelaide,2022-03-12,27.0,M
2787,Budget,Sydney,2023-12-05,24.0,M
2788,Regular,Adelaide,2022-08-17,29.0,F
2789,Premium,Adelaide,2023-11-20,47.0,M
2790,Budget,Sydney,2022-03-21,58.0,M
2791,Budget,Brisbane,2021-08-14,53.0,M
2792,Regular,Sydney,2022-04-28,58.0,M
2793,Budget,Brisbane,2021-12-07,55.0,F
2794,Regular,Adelaide,2023-06-05,37.0,F
2795,Regular,Sydney,2021-07-21,64.0,M
2796,Regular,Sydney,2022-08-24,26.0,F
2797,Budget,Melbourne,2022-05-04,54.0,M
2798,Regular,Melbourne,2022-02-07,23.0,F
2799,Regular,Sydney,2022-06-05,57.0,M
2800,Budget,Melbourne,2023-03-22,22.0,F
2801,Regular,Melbourne,2022-06-30,29.0,M
2802,Premium,Sydney,2022-05-23,38.0,F
2803,Regular,Melbourne,2021-11-21,54.0,M
2804,Regular,Sydney,2022-10-25,20.0,Other
2805,Budget,Adelaide,2022-10-07,31.0,M
2806,Budget,Adelaide,2022-10-06,35.0,F
2807,Budget,Melbourne,2023-09-21,56.0,F
2808,Budget,Adelaide,2023-10-12,67.0,M
2809,Premium,Melbourne,2023-12-14,49.0,M
2810,Budget,Adelaide,2022-05-12,44.0,M
2811,Regular,Sydney,2022-12-21,35.0,Other
2812,Budget,Melbourne,2021-11-13,60.0,F
2813,Budget,Brisbane,2022-04-09,23.0,F
2814,Regular,Sydney,2023-08-27,24.0,M
2815,Budget,Adelaide,2023-10-03,28.0,F
2816,Regular,Melbourne,2023-02-06,31.0,M
2817,Premium,Melbourne,2021-09-25,42.0,M
2818,Premium,Melbourne,2023-11-19,67.0,M
2819,Budget,Adelaide,2023-07-17,51.0,M
2820,Regular,Sydney,2023-12-06,37.0,F
2821,Budget,Adelaide,2022-12-25,28.0,F
2822,Premium,Adelaide,2021-07-25,51.0,M
2823,Regular,Adelaide,2022-04-26,31.0,M
2824,Budget,Adelaide,2022-10-14,68.0,F
2825,Budget,Adelaide,2023-08-25,42.0,F
2826,Budget,Brisbane,2023-02-16,46.0,M
2827,Budget,Melbourne,2022-09-16,64.0,M
2828,Premium,Melbourne,2023-04-29,33.0,F
2829,Regular,Adelaide,2022-04-07,42.0,Other
2830,Premium,Melbourne,2021-08-02,45.0,F
2831,Budget,Brisbane,2023-06-30,32.0,M
2832,Regular,Sydney,2023-05-19,20.0,F
2833,Budget,Melbourne,2023-09-10,32.0,M
2834,Regular,Melbourne,2022-03-19,23.0,F
2835,Budget,Melbourne,2022-11-12,53.0,M
2836,Budget,Brisbane,2023-04-21,18.0,M
2837,Regular,Brisbane,2023-06-18,34.0,M
2838,Budget,Melbourne,2023-10-30,63.0,M
2839,Regular,Sydney,2022-10-30,47.0,M
2840,Regular,Brisbane,2022-04-27,52.0,F
2841,Budget,Sydney,2023-06-04,52.0,F
2842,Premium,Adelaide,2023-12-31,33.0,F
2843,Regular,Adelaide,2022-11-02,50.0,M
2844,Regular,Sydney,2022-05-03,29.0,M
2845,Regular,Melbourne,2023-02-25,51.0,F
2846,Regular,Sydney,2023-05-21,53.0,M
2847,Regular,Melbourne,2023-08-16,63.0,M
2848,Premium,Sydney,2022-03-01,65.0,F
2849,Regular,Adelaide,2021-11-17,19.0,Other
2850,Budget,Sydney,2022-02-08,33.0,M
2851,Budget,Brisbane,2022-09-22,46.0,F
2852,Regular,Brisbane,2022-03-21,34.0,F
2853,Budget,Sydney,2023-01-09,50.0,M
2854,Budget,Adelaide,2023-12-10,62.0,F
2855,Budget,Sydney,2023-02-05,31.0,M
2856,Regular,Adelaide,2022-04-08,,M
2857,Budget,Brisbane,2022-05-29,63.0,Other
2858,Regular,Brisbane,2021-07-24,65.0,F
2859,Regular,Adelaide,2021-07-18,21.0,M
2860,Regular,Melbourne,2023-05-28,33.0,M
2861,Budget,Melbourne,2023-12-24,24.0,F
2862,Regular,Sydney,2023-04-30,24.0,M
2863,Regular,Adelaide,2021-11-04,20.0,F
2864,Regular,Melbourne,2021-12-30,40.0,F
2865,Regular,Adelaide,2023-10-05,22.0,M
2866,Budget,Melbourne,2023-08-10,33.0,F
2867,Premium,Adelaide,2022-08-12,69.0,F
2868,Budget,Adelaide,2022-05-17,63.0,F
2869,Regular,Melbourne,2021-07-31,66.0,M
2870,Regular,Melbourne,2022-02-21,19.0,M
2871,Budget,Adelaide,2023-06-25,52.0,M
2872,Regular,Sydney,2023-11-29,50.0,F
2873,Budget,Sydney,2022-06-10,24.0,F
2874,Regular,Melbourne,2022-08-21,65.0,F
2875,Regular,Brisbane,2021-09-24,39.0,F
2876,Budget,Sydney,2022-08-01,68.0,M
2877,Budget,Melbourne,2022-10-07,23.0,M
2878,Regular,Adelaide,2023-04-03,51.0,F
2879,Budget,Sydney,2023-10-16,24.0,F
2880,Premium,Sydney,2021-11-04,67.0,F
2881,Regular,Melbourne,2021-12-19,49.0,M
2882,Regular,Sydney,2023-08-08,21.0,M
2883,Budget,Sydney,2022-04-08,29.0,F
2884,Regular,Sydney,2023-02-08,36.0,M
2885,Premium,Sydney,2022-12-04,18.0,M
2886,Budget,Adelaide,2021-11-29,18.0,F
2887,Budget,Sydney,2021-12-05,66.0,F
2888,Budget,Brisbane,2023-07-14,69.0,F
2889,Budget,Brisbane,2023-03-31,45.0,F
2890,Regular,Brisbane,2021-12-23,64.0,F
2891,Regular,Brisbane,2021-09-28,52.0,M
2892,Regular,Melbourne,2023-10-22,19.0,F
2893,Budget,Adelaide,2021-12-12,55.0,F
2894,Budget,Sydney,2022-10-18,18.0,M
2895,Budget,Sydney,2022-07-19,60.0,Other
2896,Premium,Adelaide,2023-10-26,37.0,F
2897,Regular,Sydney,2022-04-29,25.0,M
2898,Budget,Sydney,2022-05-01,31.0,F
2899,Regular,Sydney,2022-05-15,53.0,F
2900,Budget,Sydney,2022-01-20,62.0,M
2901,Budget,Sydney,2021-09-02,47.0,M
2902,Budget,Brisbane,2021-11-28,26.0,F
2903,Premium,Brisbane,2022-03-02,64.0,M
2904,Regular,Sydney,2021-08-01,59.0,M
2905,Regular,Adelaide,2022-05-04,39.0,F
2906,Budget,Sydney,2022-05-07,46.0,F
2907,Budget,Brisbane,2022-09-01,68.0,F
2908,Regular,Adelaide,2022-02-08,37.0,F
2909,Budget,Brisbane,2023-10-29,19.0,F
2910,Premium,Melbourne,2022-10-03,25.0,M
2911,Regular,Sydney,2022-12-15,49.0,M
2912,Regular,Sydney,2021-10-02,69.0,F
2913,Regular,Adelaide,2023-10-28,56.0,M
2914,Premium,Melbourne,2022-06-01,50.0,F
2915,Regular,Sydney,2023-07-20,34.0,F
2916,Regular,Brisbane,2021-10-28,40.0,M
2917,Premium,Brisbane,2021-11-26,19.0,F
2918,Budget,Sydney,2023-06-04,37.0,F
2919,Premium,Sydney,2021-11-08,50.0,F
2920,Budget,Sydney,2022-10-11,65.0,M
2921,Regular,Sydney,2021-08-11,65.0,F
2922,Regular,Brisbane,2022-03-16,60.0,M
2923,Regular,Sydney,2023-12-01,19.0,F
2924,Regular,Brisbane,2023-07-03,,F
2925,Regular,Sydney,2023-01-03,29.0,M
2926,Budget,Adelaide,2023-06-25,50.0,M
2927,Budget,Brisbane,2023-09-04,67.0,F
2928,Budget,Melbourne,2021-08-04,64.0,F
2929,Regular,Melbourne,2021-11-10,52.0,M
2930,Regular,Sydney,2022-12-06,33.0,F
2931,Budget,Sydney,2023-06-22,45.0,F
2932,Premium,Brisbane,2023-07-22,54.0,M
2933,Budget,Sydney,2021-09-29,44.0,F
2934,Regular,Brisbane,2023-03-09,39.0,M
2935,Regular,Melbourne,2023-12-21,38.0,M
2936,Budget,Sydney,2023-01-09,49.0,F
2937,Regular,Brisbane,2022-11-19,19.0,M
2938,Regular,Brisbane,2022-06-20,69.0,F
2939,Budget,Brisbane,2023-03-03,23.0,F
2940,Premium,Sydney,2021-09-23,69.0,F
2941,Regular,Brisbane,2022-06-01,19.0,M
2942,Regular,Adelaide,2021-07-28,44.0,M
2943,Premium,Melbourne,2023-02-05,39.0,F
2944,Premium,Adelaide,2022-05-25,47.0,F
2945,Budget,Brisbane,2023-02-07,40.0,F
2946,Regular,Melbourne,2022-04-12,64.0,M
2947,Regular,Adelaide,2022-03-01,18.0,M
2948,Budget,Adelaide,2023-03-18,69.0,M
2949,Budget,Sydney,2021-09-10,53.0,F
2950,Budget,Adelaide,2021-11-21,58.0,M
2951,Regular,Sydney,2021-10-18,25.0,F
2952,Regular,Sydney,2023-06-19,21.0,M
2953,Regular,Sydney,2022-03-26,38.0,M
2954,Budget,Melbourne,2023-09-28,34.0,F
2955,Budget,Adelaide,2023-09-29,58.0,F
2956,Regular,Brisbane,2021-08-09,64.0,Other
2957,Regular,Brisbane,2023-08-17,40.0,M
2958,Premium,Sydney,2021-11-15,57.0,F
2959,Premium,Brisbane,2022-12-10,21.0,M
2960,Premium,Melbourne,2023-04-03,56.0,F
2961,Premium,Melbourne,2023-10-27,23.0,F
2962,Premium,Melbourne,2022-05-04,52.0,M
2963,Regular,Sydney,2022-03-23,37.0,F
2964,Budget,Adelaide,2022-11-07,39.0,M
2965,Budget,Brisbane,2022-01-03,32.0,M
2966,Budget,Melbourne,2023-03-17,38.0,M
2967,Budget,Sydney,2022-08-23,63.0,M
2968,Budget,Adelaide,2023-04-18,60.0,F
2969,Premium,Melbourne,2022-07-26,35.0,F
2970,Budget,Melbourne,2023-09-01,33.0,F
2971,Premium,Brisbane,2022-10-30,44.0,F
2972,Regular,Sydney,2022-08-25,53.0,F
2973,Regular,Brisbane,2022-08-19,27.0,M
2974,Regular,Adelaide,2022-11-26,55.0,M
2975,Budget,Melbourne,2022-06-01,67.0,M
2976,Regular,Sydney,2022-09-28,61.0,F
2977,Budget,Sydney,2023-04-22,46.0,F
2978,Premium,Sydney,2023-06-22,34.0,F
2979,Budget,Brisbane,2022-05-29,34.0,M
2980,Budget,Melbourne,2021-09-09,56.0,M
2981,Regular,Sydney,2022-02-23,41.0,F
2982,Regular,Brisbane,2022-06-06,23.0,M
2983,Regular,Sydney,2021-09-24,53.0,F
2984,Regular,Melbourne,2021-10-14,25.0,M
2985,Budget,Adelaide,2022-10-03,69.0,M
2986,Regular,Sydney,2023-09-25,39.0,F
2987,Budget,Sydney,2022-06-10,35.0,F
2988,Budget,Melbourne,2022-06-20,20.0,F
2989,Budget,Brisbane,2023-04-27,26.0,F
2990,Budget,Sydney,2021-11-28,67.0,M
2991,Budget,Adelaide,2021-11-10,45.0,F
2992,Regular,Sydney,2023-03-10,64.0,F
2993,Budget,Adelaide,2022-10-29,67.0,F
2994,Budget,Brisbane,2023-07-10,20.0,F
2995,Regular,Sydney,2023-07-25,37.0,M
2996,Budget,Sydney,2023-05-08,61.0,M
2997,Regular,Sydney,2023-02-06,,F
2998,Premium,Melbourne,2023-05-01,44.0,F
2999,Regular,Melbourne,2023-08-18,47.0,M
3000,Premium,Brisbane,2022-11-25,54.0,M
