date,city,temp_celsius,rainfall_mm,is_rainy
2024-01-01,Sydney,14.4,0.0,False
2024-01-02,Sydney,19.0,15.4,True
2024-01-03,Sydney,18.2,0.0,False
2024-01-04,Sydney,17.0,0.0,False
2024-01-05,Sydney,17.6,0.0,False
2024-01-06,Sydney,19.9,0.0,False
2024-01-07,Sydney,21.1,0.0,False
2024-01-08,Sydney,16.5,0.0,False
2024-01-09,Sydney,15.7,0.0,False
2024-01-10,Sydney,18.5,0.0,False
2024-01-11,Sydney,19.9,0.0,False
2024-01-12,Sydney,20.4,0.0,False
2024-01-13,Sydney,20.1,0.0,False
2024-01-14,Sydney,22.9,0.0,False
2024-01-15,Sydney,15.9,0.0,False
2024-01-16,Sydney,19.3,,False
2024-01-17,Sydney,24.7,0.0,False
2024-01-18,Sydney,18.8,0.0,False
2024-01-19,Sydney,23.1,0.0,False
2024-01-20,Sydney,18.1,0.0,False
2024-01-21,Sydney,21.1,0.0,False
2024-01-22,Sydney,23.9,0.0,False
2024-01-23,Sydney,21.1,0.0,False
2024-01-24,Sydney,19.5,0.0,False
2024-01-25,Sydney,19.7,0.0,False
2024-01-26,Sydney,19.9,0.0,False
2024-01-27,Sydney,20.5,0.0,False
2024-01-28,Sydney,26.1,0.0,False
2024-01-29,Sydney,18.7,0.0,False
2024-01-30,Sydney,22.6,9.4,True
2024-01-31,Sydney,21.7,0.0,False
2024-02-01,Sydney,24.2,0.0,False
2024-02-02,Sydney,22.5,0.0,False
2024-02-03,Sydney,23.3,0.0,False
2024-02-04,Sydney,22.2,0.0,False
2024-02-05,Sydney,25.3,0.0,False
2024-02-06,Sydney,25.7,0.0,False
2024-02-07,Sydney,24.5,0.0,False
2024-02-08,Sydney,26.1,0.0,False
2024-02-09,Sydney,30.1,0.0,False
2024-02-10,Sydney,25.5,0.0,False
2024-02-11,Sydney,23.7,0.0,False
2024-02-12,Sydney,24.9,0.0,False
2024-02-13,Sydney,27.2,0.0,False
2024-02-14,Sydney,23.3,0.0,False
2024-02-15,Sydney,21.3,0.0,False
2024-02-16,Sydney,23.4,0.0,False
2024-02-17,Sydney,25.6,0.0,False
2024-02-18,Sydney,24.8,15.5,True
2024-02-19,Sydney,29.6,0.0,False
2024-02-20,Sydney,28.3,0.0,False
2024-02-21,Sydney,24.6,0.0,False
2024-02-22,Sydney,25.9,0.0,False
2024-02-23,Sydney,25.5,47.0,True
2024-02-24,Sydney,25.3,0.0,False
2024-02-25,Sydney,31.6,0.0,False
2024-02-26,Sydney,27.7,0.0,False
2024-02-27,Sydney,25.1,0.0,False
2024-02-28,Sydney,28.5,0.0,False
2024-02-29,Sydney,27.5,0.0,False
2024-03-01,Sydney,30.3,0.0,False
2024-03-02,Sydney,26.0,0.0,False
2024-03-03,Sydney,28.8,0.0,False
2024-03-04,Sydney,23.8,,False
2024-03-05,Sydney,28.0,0.0,False
2024-03-06,Sydney,25.1,0.0,False
2024-03-07,Sydney,28.6,0.0,False
2024-03-08,Sydney,29.3,0.0,False
2024-03-09,Sydney,29.7,0.0,False
2024-03-10,Sydney,27.3,0.0,False
2024-03-11,Sydney,29.1,0.0,False
2024-03-12,Sydney,31.9,0.0,False
2024-03-13,Sydney,33.5,0.0,False
2024-03-14,Sydney,29.7,0.0,False
2024-03-15,Sydney,32.4,0.0,False
2024-03-16,Sydney,27.5,0.0,False
2024-03-17,Sydney,28.9,0.0,False
2024-03-18,Sydney,30.7,0.0,False
2024-03-19,Sydney,29.9,0.0,False
2024-03-20,Sydney,29.8,0.0,False
2024-03-21,Sydney,33.1,0.0,False
2024-03-22,Sydney,28.1,0.0,False
2024-03-23,Sydney,28.5,0.0,False
2024-03-24,Sydney,27.7,0.9,True
2024-03-25,Sydney,33.1,0.0,False
2024-03-26,Sydney,29.0,0.0,False
2024-03-27,Sydney,30.1,0.0,False
2024-03-28,Sydney,27.8,0.0,False
2024-03-29,Sydney,34.3,0.0,False
2024-03-30,Sydney,34.0,0.0,False
2024-03-31,Sydney,30.7,0.0,False
2024-04-01,Sydney,36.6,0.0,False
2024-04-02,Sydney,34.1,0.0,False
2024-04-03,Sydney,30.7,0.0,False
2024-04-04,Sydney,33.0,0.0,False
2024-04-05,Sydney,31.7,0.0,False
2024-04-06,Sydney,34.3,0.0,False
2024-04-07,Sydney,33.4,0.0,False
2024-04-08,Sydney,35.2,0.0,False
2024-04-09,Sydney,37.2,0.0,False
2024-04-10,Sydney,35.2,0.0,False
2024-04-11,Sydney,31.1,0.0,False
2024-04-12,Sydney,33.9,0.0,False
2024-04-13,Sydney,35.1,0.0,False
2024-04-14,Sydney,35.4,0.0,False
2024-04-15,Sydney,32.1,0.0,False
2024-04-16,Sydney,33.9,0.0,False
2024-04-17,Sydney,35.9,0.0,False
2024-04-18,Sydney,31.6,0.0,False
2024-04-19,Sydney,33.7,0.0,False
2024-04-20,Sydney,36.9,0.0,False
2024-04-21,Sydney,38.3,0.0,False
2024-04-22,Sydney,34.6,0.0,False
2024-04-23,Sydney,30.7,0.0,False
2024-04-24,Sydney,34.3,1.5,True
2024-04-25,Sydney,32.1,0.0,False
2024-04-26,Sydney,39.2,0.0,False
2024-04-27,Sydney,34.0,0.0,False
2024-04-28,Sydney,38.2,0.0,False
2024-04-29,Sydney,31.9,0.0,False
2024-04-30,Sydney,38.1,0.0,False
2024-05-01,Sydney,32.8,0.0,False
2024-05-02,Sydney,36.3,0.0,False
2024-05-03,Sydney,37.1,0.0,False
2024-05-04,Sydney,35.4,0.0,False
2024-05-05,Sydney,36.1,11.7,True
2024-05-06,Sydney,40.6,0.0,False
2024-05-07,Sydney,39.7,0.0,False
2024-05-08,Sydney,39.4,0.0,False
2024-05-09,Sydney,36.7,3.0,True
2024-05-10,Sydney,37.2,0.0,False
2024-05-11,Sydney,36.6,0.0,False
2024-05-12,Sydney,30.7,38.4,True
2024-05-13,Sydney,35.9,0.0,False
2024-05-14,Sydney,40.1,0.0,False
2024-05-15,Sydney,41.5,0.0,False
2024-05-16,Sydney,37.5,0.0,False
2024-05-17,Sydney,33.5,0.0,False
2024-05-18,Sydney,30.7,0.0,False
2024-05-19,Sydney,36.9,0.0,False
2024-05-20,Sydney,35.7,0.0,False
2024-05-21,Sydney,39.6,0.0,False
2024-05-22,Sydney,35.7,0.0,False
2024-05-23,Sydney,38.7,0.0,False
2024-05-24,Sydney,32.0,0.0,False
2024-05-25,Sydney,38.1,0.0,False
2024-05-26,Sydney,36.8,0.0,False
2024-05-27,Sydney,42.0,0.0,False
2024-05-28,Sydney,38.8,0.0,False
2024-05-29,Sydney,38.7,0.0,False
2024-05-30,Sydney,35.8,0.0,False
2024-05-31,Sydney,35.5,0.0,False
2024-06-01,Sydney,35.5,1.6,True
2024-06-02,Sydney,36.9,0.0,False
2024-06-03,Sydney,38.3,0.0,False
2024-06-04,Sydney,38.8,0.0,False
2024-06-05,Sydney,35.4,0.0,False
2024-06-06,Sydney,34.4,,False
2024-06-07,Sydney,39.7,26.2,True
2024-06-08,Sydney,36.7,54.2,True
2024-06-09,Sydney,39.4,15.3,True
2024-06-10,Sydney,37.2,0.0,False
2024-06-11,Sydney,37.9,0.0,False
2024-06-12,Sydney,37.7,3.7,True
2024-06-13,Sydney,37.8,0.0,False
2024-06-14,Sydney,34.7,3.9,True
2024-06-15,Sydney,36.3,0.0,False
2024-06-16,Sydney,33.8,29.0,True
2024-06-17,Sydney,42.3,0.0,False
2024-06-18,Sydney,34.0,31.6,True
2024-06-19,Sydney,33.1,18.0,True
2024-06-20,Sydney,35.9,0.0,False
2024-06-21,Sydney,38.0,37.6,True
2024-06-22,Sydney,33.5,0.0,False
2024-06-23,Sydney,32.4,0.0,False
2024-06-24,Sydney,35.3,17.8,True
2024-06-25,Sydney,32.9,0.0,False
2024-06-26,Sydney,34.5,26.7,True
2024-06-27,Sydney,33.5,12.4,True
2024-06-28,Sydney,36.1,0.0,False
2024-06-29,Sydney,32.4,0.0,False
2024-06-30,Sydney,34.4,0.0,False
2024-07-01,Sydney,37.8,0.0,False
2024-07-02,Sydney,36.3,0.0,False
2024-07-03,Sydney,37.1,0.0,False
2024-07-04,Sydney,35.2,26.1,True
2024-07-05,Sydney,31.8,0.0,False
2024-07-06,Sydney,34.5,14.8,True
2024-07-07,Sydney,38.5,0.0,False
2024-07-08,Sydney,37.4,0.0,False
2024-07-09,Sydney,33.7,0.0,False
2024-07-10,Sydney,33.8,0.0,False
2024-07-11,Sydney,36.4,2.1,True
2024-07-12,Sydney,34.6,29.9,True
2024-07-13,Sydney,33.3,44.1,True
2024-07-14,Sydney,37.0,31.4,True
2024-07-15,Sydney,32.8,5.5,True
2024-07-16,Sydney,30.8,4.3,True
2024-07-17,Sydney,31.9,0.0,False
2024-07-18,Sydney,34.3,4.5,True
2024-07-19,Sydney,38.9,18.0,True
2024-07-20,Sydney,31.1,0.0,False
2024-07-21,Sydney,35.9,23.8,True
2024-07-22,Sydney,38.1,0.0,False
2024-07-23,Sydney,34.8,0.0,False
2024-07-24,Sydney,31.4,0.0,False
2024-07-25,Sydney,30.6,0.0,False
2024-07-26,Sydney,31.1,0.0,False
2024-07-27,Sydney,29.7,0.0,False
2024-07-28,Sydney,31.2,21.6,True
2024-07-29,Sydney,30.9,0.0,False
2024-07-30,Sydney,33.1,0.0,False
2024-07-31,Sydney,30.7,24.8,True
2024-08-01,Sydney,29.7,0.0,False
2024-08-02,Sydney,28.7,0.0,False
2024-08-03,Sydney,32.2,0.0,False
2024-08-04,Sydney,34.5,11.2,True
2024-08-05,Sydney,30.9,1.2,True
2024-08-06,Sydney,32.7,0.0,False
2024-08-07,Sydney,32.4,0.7,True
2024-08-08,Sydney,31.1,0.0,False
2024-08-09,Sydney,28.7,0.0,False
2024-08-10,Sydney,35.4,0.0,False
2024-08-11,Sydney,31.9,9.3,True
2024-08-12,Sydney,25.3,0.0,False
2024-08-13,Sydney,26.5,8.8,True
2024-08-14,Sydney,25.0,0.0,False
2024-08-15,Sydney,28.2,0.0,False
2024-08-16,Sydney,30.4,3.6,True
2024-08-17,Sydney,33.0,7.6,True
2024-08-18,Sydney,28.3,7.2,True
2024-08-19,Sydney,24.5,0.7,True
2024-08-20,Sydney,27.7,2.2,True
2024-08-21,Sydney,34.0,0.0,False
2024-08-22,Sydney,31.0,9.2,True
2024-08-23,Sydney,28.1,9.6,True
2024-08-24,Sydney,30.2,0.0,False
2024-08-25,Sydney,27.8,0.0,False
2024-08-26,Sydney,25.5,0.0,False
2024-08-27,Sydney,27.6,0.0,False
2024-08-28,Sydney,22.2,0.0,False
2024-08-29,Sydney,28.0,0.0,False
2024-08-30,Sydney,28.3,0.0,False
2024-08-31,Sydney,23.7,22.8,True
2024-09-01,Sydney,24.4,0.0,False
2024-09-02,Sydney,28.2,0.4,True
2024-09-03,Sydney,23.8,0.0,False
2024-09-04,Sydney,27.6,8.9,True
2024-09-05,Sydney,26.0,2.2,True
2024-09-06,Sydney,26.7,26.2,True
2024-09-07,Sydney,21.9,0.0,False
2024-09-08,Sydney,21.0,3.7,True
2024-09-09,Sydney,26.4,28.3,True
2024-09-10,Sydney,30.7,0.0,False
2024-09-11,Sydney,25.7,1.4,True
2024-09-12,Sydney,24.8,0.0,False
2024-09-13,Sydney,19.7,16.0,True
2024-09-14,Sydney,23.8,2.3,True
2024-09-15,Sydney,22.6,22.2,True
2024-09-16,Sydney,24.2,19.3,True
2024-09-17,Sydney,17.3,0.0,False
2024-09-18,Sydney,20.3,4.8,True
2024-09-19,Sydney,25.7,7.9,True
2024-09-20,Sydney,21.7,0.0,False
2024-09-21,Sydney,21.5,0.0,False
2024-09-22,Sydney,25.6,0.0,False
2024-09-23,Sydney,27.1,0.0,False
2024-09-24,Sydney,25.8,0.0,False
2024-09-25,Sydney,17.4,23.2,True
2024-09-26,Sydney,22.1,0.0,False
2024-09-27,Sydney,19.9,7.1,True
2024-09-28,Sydney,26.8,2.3,True
2024-09-29,Sydney,19.5,0.0,False
2024-09-30,Sydney,26.2,0.0,False
2024-10-01,Sydney,22.9,3.3,True
2024-10-02,Sydney,25.7,0.0,False
2024-10-03,Sydney,20.8,0.0,False
2024-10-04,Sydney,21.5,0.0,False
2024-10-05,Sydney,21.8,7.0,True
2024-10-06,Sydney,18.8,0.0,False
2024-10-07,Sydney,19.7,0.0,False
2024-10-08,Sydney,21.5,0.0,False
2024-10-09,Sydney,23.0,0.0,False
2024-10-10,Sydney,19.0,0.0,False
2024-10-11,Sydney,19.9,0.0,False
2024-10-12,Sydney,19.8,0.0,False
2024-10-13,Sydney,23.0,0.0,False
2024-10-14,Sydney,20.0,6.6,True
2024-10-15,Sydney,22.0,0.0,False
2024-10-16,Sydney,23.3,0.0,False
2024-10-17,Sydney,23.1,0.0,False
2024-10-18,Sydney,17.2,0.0,False
2024-10-19,Sydney,21.3,0.0,False
2024-10-20,Sydney,17.4,0.0,False
2024-10-21,Sydney,19.2,0.0,False
2024-10-22,Sydney,18.7,0.0,False
2024-10-23,Sydney,16.3,0.0,False
2024-10-24,Sydney,21.2,0.0,False
2024-10-25,Sydney,17.4,0.0,False
2024-10-26,Sydney,18.6,6.2,True
2024-10-27,Sydney,19.2,0.0,False
2024-10-28,Sydney,17.1,0.0,False
2024-10-29,Sydney,21.2,0.0,False
2024-10-30,Sydney,22.7,3.5,True
2024-10-31,Sydney,14.6,0.0,False
2024-11-01,Sydney,15.4,0.0,False
2024-11-02,Sydney,25.6,0.0,False
2024-11-03,Sydney,15.8,0.0,False
2024-11-04,Sydney,16.6,0.0,False
2024-11-05,Sydney,23.1,0.0,False
2024-11-06,Sydney,18.6,0.0,False
2024-11-07,Sydney,16.9,0.0,False
2024-11-08,Sydney,18.4,0.0,False
2024-11-09,Sydney,23.6,0.0,False
2024-11-10,Sydney,18.4,0.0,False
2024-11-11,Sydney,18.6,0.0,False
2024-11-12,Sydney,16.4,0.0,False
2024-11-13,Sydney,18.1,0.0,False
2024-11-14,Sydney,15.7,0.0,False
2024-11-15,Sydney,20.3,8.8,True
2024-11-16,Sydney,16.3,0.0,False
2024-11-17,Sydney,13.3,0.0,False
2024-11-18,Sydney,17.7,0.0,False
2024-11-19,Sydney,20.0,0.0,False
2024-11-20,Sydney,20.9,0.0,False
2024-11-21,Sydney,16.7,0.0,False
2024-11-22,Sydney,17.1,0.0,False
2024-11-23,Sydney,19.1,0.0,False
2024-11-24,Sydney,16.7,0.0,False
2024-11-25,Sydney,20.2,0.0,False
2024-11-26,Sydney,16.9,0.0,False
2024-11-27,Sydney,14.9,40.4,True
2024-11-28,Sydney,18.3,0.0,False
2024-11-29,Sydney,15.7,0.0,False
2024-11-30,Sydney,14.8,0.0,False
2024-12-01,Sydney,16.2,0.0,False
2024-12-02,Sydney,17.1,0.0,False
2024-12-03,Sydney,14.9,0.0,False
2024-12-04,Sydney,18.2,0.0,False
2024-12-05,Sydney,12.9,0.0,False
2024-12-06,Sydney,16.0,0.0,False
2024-12-07,Sydney,16.2,0.0,False
2024-12-08,Sydney,13.7,0.0,False
2024-12-09,Sydney,22.5,0.0,False
2024-12-10,Sydney,16.3,0.0,False
2024-12-11,Sydney,18.3,0.0,False
2024-12-12,Sydney,15.9,0.0,False
2024-12-13,Sydney,13.9,0.0,False
2024-12-14,Sydney,13.8,0.0,False
2024-12-15,Sydney,15.1,0.0,False
2024-12-16,Sydney,16.2,0.0,False
2024-12-17,Sydney,13.5,0.0,False
2024-12-18,Sydney,14.5,0.0,False
2024-12-19,Sydney,23.1,0.0,False
2024-12-20,Sydney,17.3,0.0,False
2024-12-21,Sydney,15.4,0.0,False
2024-12-22,Sydney,14.0,0.0,False
2024-12-23,Sydney,14.5,0.0,False
2024-12-24,Sydney,18.1,3.7,True
2024-12-25,Sydney,16.6,0.0,False
2024-12-26,Sydney,20.1,0.0,False
2024-12-27,Sydney,16.3,0.0,False
2024-12-28,Sydney,19.8,0.0,False
2024-12-29,Sydney,17.8,0.0,False
2024-12-30,Sydney,16.2,0.0,False
2024-12-31,Sydney,17.8,0.0,False
2025-01-01,Sydney,18.3,0.0,False
2025-01-02,Sydney,17.2,0.0,False
2025-01-03,Sydney,19.8,0.0,False
2025-01-04,Sydney,17.3,0.0,False
2025-01-05,Sydney,18.3,0.0,False
2025-01-06,Sydney,17.9,0.0,False
2025-01-07,Sydney,19.0,0.0,False
2025-01-08,Sydney,18.2,0.0,False
2025-01-09,Sydney,18.3,0.0,False
2025-01-10,Sydney,22.2,0.0,False
2025-01-11,Sydney,17.0,0.0,False
2025-01-12,Sydney,19.8,0.0,False
2025-01-13,Sydney,16.2,3.5,True
2025-01-14,Sydney,22.3,4.8,True
2025-01-15,Sydney,25.5,0.0,False
2025-01-16,Sydney,17.5,0.0,False
2025-01-17,Sydney,24.6,0.0,False
2025-01-18,Sydney,18.1,0.0,False
2025-01-19,Sydney,19.7,0.0,False
2025-01-20,Sydney,17.4,0.0,False
2025-01-21,Sydney,26.2,0.0,False
2025-01-22,Sydney,22.1,2.7,True
2025-01-23,Sydney,17.3,0.0,False
2025-01-24,Sydney,21.5,0.0,False
2025-01-25,Sydney,20.6,0.0,False
2025-01-26,Sydney,20.7,0.0,False
2025-01-27,Sydney,19.1,0.0,False
2025-01-28,Sydney,22.1,0.0,False
2025-01-29,Sydney,18.5,27.2,True
2025-01-30,Sydney,23.4,0.0,False
2025-01-31,Sydney,16.8,0.0,False
2025-02-01,Sydney,19.3,0.0,False
2025-02-02,Sydney,20.5,0.0,False
2025-02-03,Sydney,25.6,0.0,False
2025-02-04,Sydney,25.7,0.0,False
2025-02-05,Sydney,24.0,0.0,False
2025-02-06,Sydney,22.3,0.0,False
2025-02-07,Sydney,26.4,29.2,True
2025-02-08,Sydney,24.0,0.0,False
2025-02-09,Sydney,23.3,17.2,True
2025-02-10,Sydney,19.8,0.0,False
2025-02-11,Sydney,25.9,0.0,False
2025-02-12,Sydney,26.4,0.0,False
2025-02-13,Sydney,22.9,0.0,False
2025-02-14,Sydney,28.1,0.0,False
2025-02-15,Sydney,26.6,0.0,False
2025-02-16,Sydney,28.1,0.0,False
2025-02-17,Sydney,24.0,0.0,False
2025-02-18,Sydney,22.7,0.0,False
2025-02-19,Sydney,22.5,0.0,False
2025-02-20,Sydney,26.8,0.0,False
2025-02-21,Sydney,21.6,0.0,False
2025-02-22,Sydney,21.9,0.0,False
2025-02-23,Sydney,24.4,0.0,False
2025-02-24,Sydney,26.7,0.0,False
2025-02-25,Sydney,24.3,0.0,False
2025-02-26,Sydney,29.3,0.0,False
2025-02-27,Sydney,30.0,0.0,False
2025-02-28,Sydney,20.2,0.0,False
2025-03-01,Sydney,28.2,0.0,False
2025-03-02,Sydney,25.8,0.0,False
2025-03-03,Sydney,29.7,0.0,False
2025-03-04,Sydney,28.8,0.0,False
2025-03-05,Sydney,28.1,0.0,False
2025-03-06,Sydney,27.5,0.0,False
2025-03-07,Sydney,24.1,0.0,False
2025-03-08,Sydney,34.1,0.0,False
2025-03-09,Sydney,25.3,0.0,False
2025-03-10,Sydney,33.0,0.0,False
2025-03-11,Sydney,30.5,0.0,False
2025-03-12,Sydney,27.6,0.0,False
2025-03-13,Sydney,27.4,0.0,False
2025-03-14,Sydney,25.2,0.0,False
2025-03-15,Sydney,29.5,0.0,False
2025-03-16,Sydney,25.4,0.0,False
2025-03-17,Sydney,32.7,0.0,False
2025-03-18,Sydney,30.6,0.0,False
2025-03-19,Sydney,30.0,0.5,True
2025-03-20,Sydney,31.0,0.0,False
2025-03-21,Sydney,29.5,0.0,False
2025-03-22,Sydney,30.0,0.0,False
2025-03-23,Sydney,35.5,0.0,False
2025-03-24,Sydney,33.6,0.0,False
2025-03-25,Sydney,32.7,0.0,False
2025-03-26,Sydney,29.9,0.0,False
2025-03-27,Sydney,26.4,0.0,False
2025-03-28,Sydney,32.8,0.0,False
2025-03-29,Sydney,31.9,0.0,False
2025-03-30,Sydney,31.2,0.0,False
2025-03-31,Sydney,31.7,0.0,False
2025-04-01,Sydney,29.1,0.0,False
2025-04-02,Sydney,29.9,0.0,False
2025-04-03,Sydney,35.1,0.0,False
2025-04-04,Sydney,27.0,0.0,False
2025-04-05,Sydney,35.0,0.0,False
2025-04-06,Sydney,36.6,0.0,False
2025-04-07,Sydney,34.2,0.0,False
2025-04-08,Sydney,34.2,0.0,False
2025-04-09,Sydney,30.9,0.0,False
2025-04-10,Sydney,31.3,0.0,False
2025-04-11,Sydney,32.4,0.0,False
2025-04-12,Sydney,30.2,,False
2025-04-13,Sydney,31.6,0.0,False
2025-04-14,Sydney,34.1,0.0,False
2025-04-15,Sydney,32.8,0.0,False
2025-04-16,Sydney,34.6,0.0,False
2025-04-17,Sydney,36.9,0.0,False
2025-04-18,Sydney,34.8,0.0,False
2025-04-19,Sydney,35.6,8.4,True
2025-04-20,Sydney,31.9,,False
2025-04-21,Sydney,34.9,0.0,False
2025-04-22,Sydney,35.7,0.0,False
2025-04-23,Sydney,32.7,0.0,False
2025-04-24,Sydney,37.5,0.0,False
2025-04-25,Sydney,33.0,0.0,False
2025-04-26,Sydney,39.2,0.0,False
2025-04-27,Sydney,33.2,0.0,False
2025-04-28,Sydney,32.0,0.0,False
2025-04-29,Sydney,36.7,0.0,False
2025-04-30,Sydney,37.3,0.0,False
2025-05-01,Sydney,37.4,0.0,False
2025-05-02,Sydney,36.6,0.0,False
2025-05-03,Sydney,38.7,0.0,False
2025-05-04,Sydney,39.0,0.0,False
2025-05-05,Sydney,35.7,1.8,True
2025-05-06,Sydney,37.2,0.0,False
2025-05-07,Sydney,33.7,0.0,False
2025-05-08,Sydney,33.1,0.0,False
2025-05-09,Sydney,38.0,0.0,False
2025-05-10,Sydney,31.4,0.0,False
2025-05-11,Sydney,41.6,0.0,False
2025-05-12,Sydney,34.5,0.0,False
2025-05-13,Sydney,39.5,3.4,True
2025-05-14,Sydney,40.1,,False
2025-05-15,Sydney,34.3,0.0,False
2025-05-16,Sydney,39.6,0.0,False
2025-05-17,Sydney,32.8,0.0,False
2025-05-18,Sydney,34.0,0.0,False
2025-05-19,Sydney,31.7,0.0,False
2025-05-20,Sydney,34.5,0.0,False
2025-05-21,Sydney,41.1,0.0,False
2025-05-22,Sydney,36.5,0.0,False
2025-05-23,Sydney,36.3,0.0,False
2025-05-24,Sydney,37.6,0.0,False
2025-05-25,Sydney,43.9,0.0,False
2025-05-26,Sydney,34.3,0.0,False
2025-05-27,Sydney,35.0,0.0,False
2025-05-28,Sydney,33.5,0.0,False
2025-05-29,Sydney,37.9,0.0,False
2025-05-30,Sydney,38.3,0.0,False
2025-05-31,Sydney,37.9,0.0,False
2025-06-01,Sydney,35.7,3.0,True
2025-06-02,Sydney,36.8,1.7,True
2025-06-03,Sydney,36.9,5.0,True
2025-06-04,Sydney,36.7,0.2,True
2025-06-05,Sydney,36.9,5.4,True
2025-06-06,Sydney,35.5,14.4,True
2025-06-07,Sydney,40.2,0.0,False
2025-06-08,Sydney,37.4,2.2,True
2025-06-09,Sydney,34.7,0.0,False
2025-06-10,Sydney,37.9,0.0,False
2025-06-11,Sydney,36.8,0.0,False
2025-06-12,Sydney,38.8,0.0,False
2025-06-13,Sydney,39.5,2.2,True
2025-06-14,Sydney,37.7,20.0,True
2025-06-15,Sydney,37.6,0.0,False
2025-06-16,Sydney,40.0,0.0,False
2025-06-17,Sydney,34.4,0.0,False
2025-06-18,Sydney,36.8,28.3,True
2025-06-19,Sydney,40.2,17.1,True
2025-06-20,Sydney,39.7,1.1,True
2025-06-21,Sydney,37.7,,True
2025-06-22,Sydney,38.1,15.6,True
2025-06-23,Sydney,35.5,0.0,False
2025-06-24,Sydney,34.6,3.4,True
2025-06-25,Sydney,35.0,4.2,True
2025-06-26,Sydney,39.2,9.8,True
2025-06-27,Sydney,33.0,25.8,True
2025-06-28,Sydney,36.4,12.5,True
2025-06-29,Sydney,36.9,15.2,True
2025-06-30,Sydney,35.0,7.9,True
2025-07-01,Sydney,34.6,4.9,True
2025-07-02,Sydney,33.3,0.0,False
2025-07-03,Sydney,31.3,3.4,True
2025-07-04,Sydney,37.0,0.0,False
2025-07-05,Sydney,33.3,0.0,False
2025-07-06,Sydney,45.5,27.0,True
2025-07-07,Sydney,36.4,0.0,False
2025-07-08,Sydney,37.4,2.1,True
2025-07-09,Sydney,31.7,0.0,False
2025-07-10,Sydney,34.6,21.9,True
2025-07-11,Sydney,31.8,,True
2025-07-12,Sydney,31.0,0.0,False
2025-07-13,Sydney,31.7,0.0,False
2025-07-14,Sydney,35.9,14.3,True
2025-07-15,Sydney,38.8,3.3,True
2025-07-16,Sydney,34.3,0.7,True
2025-07-17,Sydney,32.9,4.5,True
2025-07-18,Sydney,34.0,22.6,True
2025-07-19,Sydney,36.8,16.4,True
2025-07-20,Sydney,32.8,48.9,True
2025-07-21,Sydney,28.8,0.0,False
2025-07-22,Sydney,32.4,0.0,False
2025-07-23,Sydney,33.6,0.0,False
2025-07-24,Sydney,35.1,12.8,True
2025-07-25,Sydney,34.7,0.0,False
2025-07-26,Sydney,33.8,0.0,False
2025-07-27,Sydney,30.5,0.0,False
2025-07-28,Sydney,29.8,0.0,False
2025-07-29,Sydney,32.4,12.8,True
2025-07-30,Sydney,31.3,0.0,False
2025-07-31,Sydney,33.3,0.0,False
2025-08-01,Sydney,30.3,0.0,False
2025-08-02,Sydney,32.4,0.0,False
2025-08-03,Sydney,32.1,0.0,False
2025-08-04,Sydney,31.2,0.0,False
2025-08-05,Sydney,28.0,0.0,False
2025-08-06,Sydney,29.3,1.9,True
2025-08-07,Sydney,27.6,18.6,True
2025-08-08,Sydney,30.0,11.8,True
2025-08-09,Sydney,30.0,0.0,False
2025-08-10,Sydney,35.0,143.4,True
2025-08-11,Sydney,30.0,0.0,False
2025-08-12,Sydney,30.2,0.0,False
2025-08-13,Sydney,27.8,0.2,True
2025-08-14,Sydney,26.6,9.0,True
2025-08-15,Sydney,28.2,3.8,True
2025-08-16,Sydney,34.2,0.0,False
2025-08-17,Sydney,32.9,0.0,False
2025-08-18,Sydney,31.9,7.8,True
2025-08-19,Sydney,27.0,9.3,True
2025-08-20,Sydney,29.3,12.9,True
2025-08-21,Sydney,32.7,8.3,True
2025-08-22,Sydney,29.8,12.9,True
2025-08-23,Sydney,26.6,0.0,False
2025-08-24,Sydney,27.2,60.9,True
2025-08-25,Sydney,33.8,3.1,True
2025-08-26,Sydney,26.4,25.8,True
2025-08-27,Sydney,22.8,12.4,True
2025-08-28,Sydney,26.4,0.0,False
2025-08-29,Sydney,24.8,3.3,True
2025-08-30,Sydney,26.3,0.0,False
2025-08-31,Sydney,23.5,0.0,False
2025-09-01,Sydney,25.3,0.0,False
2025-09-02,Sydney,25.1,1.0,True
2025-09-03,Sydney,32.6,0.0,False
2025-09-04,Sydney,28.9,4.3,True
2025-09-05,Sydney,30.0,0.3,True
2025-09-06,Sydney,26.8,0.0,False
2025-09-07,Sydney,26.4,8.2,True
2025-09-08,Sydney,26.0,7.5,True
2025-09-09,Sydney,25.7,11.5,True
2025-09-10,Sydney,27.4,9.2,True
2025-09-11,Sydney,22.0,0.0,False
2025-09-12,Sydney,27.6,0.0,False
2025-09-13,Sydney,22.7,4.0,True
2025-09-14,Sydney,22.9,0.0,False
2025-09-15,Sydney,24.0,43.1,True
2025-09-16,Sydney,24.0,1.5,True
2025-09-17,Sydney,22.5,0.0,False
2025-09-18,Sydney,21.8,27.0,True
2025-09-19,Sydney,23.4,0.6,True
2025-09-20,Sydney,26.9,0.0,False
2025-09-21,Sydney,25.0,25.0,True
2025-09-22,Sydney,24.0,0.0,False
2025-09-23,Sydney,26.7,0.0,False
2025-09-24,Sydney,20.7,4.6,True
2025-09-25,Sydney,22.0,0.0,False
2025-09-26,Sydney,19.3,16.2,True
2025-09-27,Sydney,22.4,44.5,True
2025-09-28,Sydney,22.2,24.0,True
2025-09-29,Sydney,21.4,0.0,False
2025-09-30,Sydney,22.0,7.1,True
2025-10-01,Sydney,23.5,0.0,False
2025-10-02,Sydney,28.1,0.0,False
2025-10-03,Sydney,22.4,0.0,False
2025-10-04,Sydney,21.9,0.0,False
2025-10-05,Sydney,18.8,0.0,False
2025-10-06,Sydney,18.2,0.0,False
2025-10-07,Sydney,19.8,0.0,False
2025-10-08,Sydney,17.3,,False
2025-10-09,Sydney,20.0,0.0,False
2025-10-10,Sydney,23.7,0.0,False
2025-10-11,Sydney,21.3,0.0,False
2025-10-12,Sydney,21.5,0.0,False
2025-10-13,Sydney,21.9,0.0,False
2025-10-14,Sydney,19.2,0.0,False
2025-10-15,Sydney,15.9,7.9,True
2025-10-16,Sydney,19.1,0.0,False
2025-10-17,Sydney,21.7,0.0,False
2025-10-18,Sydney,17.5,0.0,False
2025-10-19,Sydney,21.8,0.0,False
2025-10-20,Sydney,16.6,0.0,False
2025-10-21,Sydney,19.9,0.0,False
2025-10-22,Sydney,22.1,0.0,False
2025-10-23,Sydney,16.8,0.0,False
2025-10-24,Sydney,17.2,0.0,False
2025-10-25,Sydney,21.3,0.0,False
2025-10-26,Sydney,19.0,0.0,False
2025-10-27,Sydney,14.4,0.0,False
2025-10-28,Sydney,18.9,7.5,True
2025-10-29,Sydney,18.0,0.0,False
2025-10-30,Sydney,17.6,63.8,True
2025-10-31,Sydney,19.4,0.0,False
2025-11-01,Sydney,22.3,0.0,False
2025-11-02,Sydney,20.3,0.0,False
2025-11-03,Sydney,14.2,0.0,False
2025-11-04,Sydney,17.2,0.0,False
2025-11-05,Sydney,17.4,0.0,False
2025-11-06,Sydney,20.7,0.0,False
2025-11-07,Sydney,21.0,0.0,False
2025-11-08,Sydney,18.3,0.0,False
2025-11-09,Sydney,17.8,0.0,False
2025-11-10,Sydney,16.7,0.0,False
2025-11-11,Sydney,20.3,0.0,False
2025-11-12,Sydney,15.3,0.0,False
2025-11-13,Sydney,16.2,0.0,False
2025-11-14,Sydney,20.1,0.0,False
2025-11-15,Sydney,20.0,0.0,False
2025-11-16,Sydney,23.1,0.0,False
2025-11-17,Sydney,17.0,0.0,False
2025-11-18,Sydney,16.4,0.0,False
2025-11-19,Sydney,16.6,0.0,False
2025-11-20,Sydney,13.2,0.0,False
2025-11-21,Sydney,11.9,0.0,False
2025-11-22,Sydney,17.7,0.0,False
2025-11-23,Sydney,16.0,0.0,False
2025-11-24,Sydney,15.1,0.0,False
2025-11-25,Sydney,17.2,0.0,False
2025-11-26,Sydney,17.7,0.0,False
2025-11-27,Sydney,16.6,0.0,False
2025-11-28,Sydney,16.7,0.0,False
2025-11-29,Sydney,15.9,0.0,False
2025-11-30,Sydney,18.7,0.0,False
2025-12-01,Sydney,15.6,0.0,False
2025-12-02,Sydney,14.5,0.0,False
2025-12-03,Sydney,15.9,0.0,False
2025-12-04,Sydney,17.5,0.0,False
2025-12-05,Sydney,18.9,11.5,True
2025-12-06,Sydney,16.8,0.0,False
2025-12-07,Sydney,17.0,0.0,False
2025-12-08,Sydney,17.1,0.0,False
2025-12-09,Sydney,18.6,15.4,True
2025-12-10,Sydney,18.2,0.0,False
2025-12-11,Sydney,18.6,0.0,False
2025-12-12,Sydney,17.6,0.0,False
2025-12-13,Sydney,24.4,0.0,False
2025-12-14,Sydney,15.8,0.0,False
2025-12-15,Sydney,20.6,0.0,False
2025-12-16,Sydney,15.4,0.0,False
2025-12-17,Sydney,19.1,0.0,False
2025-12-18,Sydney,17.5,0.0,False
2025-12-19,Sydney,18.1,6.0,True
2025-12-20,Sydney,20.3,21.7,True
2025-12-21,Sydney,17.3,0.0,False
2025-12-22,Sydney,13.3,0.0,False
2025-12-23,Sydney,20.1,0.0,False
2025-12-24,Sydney,14.7,0.0,False
2025-12-25,Sydney,16.9,2.6,True
2025-12-26,Sydney,14.8,0.0,False
2025-12-27,Sydney,17.3,0.0,False
2025-12-28,Sydney,15.3,0.0,False
2025-12-29,Sydney,17.2,0.0,False
2025-12-30,Sydney,19.0,0.0,False
2025-12-31,Sydney,20.5,0.0,False
2024-01-01,Melbourne,15.0,0.0,False
2024-01-02,Melbourne,18.7,0.0,False
2024-01-03,Melbourne,15.2,0.0,False
2024-01-04,Melbourne,16.9,0.0,False
2024-01-05,Melbourne,21.3,0.0,False
2024-01-06,Melbourne,21.9,0.0,False
2024-01-07,Melbourne,19.8,0.0,False
2024-01-08,Melbourne,12.6,0.0,False
2024-01-09,Melbourne,19.0,0.0,False
2024-01-10,Melbourne,14.9,0.0,False
2024-01-11,Melbourne,16.7,0.0,False
2024-01-12,Melbourne,19.6,0.0,False
2024-01-13,Melbourne,22.4,0.0,False
2024-01-14,Melbourne,22.0,0.0,False
2024-01-15,Melbourne,27.1,0.0,False
2024-01-16,Melbourne,18.8,0.0,False
2024-01-17,Melbourne,22.1,0.0,False
2024-01-18,Melbourne,22.1,0.0,False
2024-01-19,Melbourne,24.5,0.0,False
2024-01-20,Melbourne,23.8,0.0,False
2024-01-21,Melbourne,21.4,0.0,False
2024-01-22,Melbourne,22.3,0.0,False
2024-01-23,Melbourne,22.0,0.0,False
2024-01-24,Melbourne,21.0,0.0,False
2024-01-25,Melbourne,22.6,0.0,False
2024-01-26,Melbourne,21.9,0.0,False
2024-01-27,Melbourne,21.9,0.0,False
2024-01-28,Melbourne,25.9,0.0,False
2024-01-29,Melbourne,22.6,0.0,False
2024-01-30,Melbourne,22.2,0.0,False
2024-01-31,Melbourne,21.8,0.0,False
2024-02-01,Melbourne,21.7,0.0,False
2024-02-02,Melbourne,19.6,0.0,False
2024-02-03,Melbourne,22.5,0.0,False
2024-02-04,Melbourne,25.6,0.0,False
2024-02-05,Melbourne,21.6,0.0,False
2024-02-06,Melbourne,28.5,0.0,False
2024-02-07,Melbourne,17.9,3.5,True
2024-02-08,Melbourne,25.4,0.0,False
2024-02-09,Melbourne,27.1,0.0,False
2024-02-10,Melbourne,21.6,0.0,False
2024-02-11,Melbourne,23.0,0.0,False
2024-02-12,Melbourne,23.1,0.0,False
2024-02-13,Melbourne,23.1,8.5,True
2024-02-14,Melbourne,23.5,10.5,True
2024-02-15,Melbourne,25.1,0.0,False
2024-02-16,Melbourne,23.4,0.0,False
2024-02-17,Melbourne,25.9,0.0,False
2024-02-18,Melbourne,23.2,0.0,False
2024-02-19,Melbourne,27.7,0.0,False
2024-02-20,Melbourne,25.4,,False
2024-02-21,Melbourne,22.3,0.0,False
2024-02-22,Melbourne,25.9,2.7,True
2024-02-23,Melbourne,26.0,0.0,False
2024-02-24,Melbourne,31.3,0.0,False
2024-02-25,Melbourne,23.4,0.0,False
2024-02-26,Melbourne,25.3,0.0,False
2024-02-27,Melbourne,24.7,0.0,False
2024-02-28,Melbourne,26.0,0.0,False
2024-02-29,Melbourne,27.7,0.0,False
2024-03-01,Melbourne,27.7,0.0,False
2024-03-02,Melbourne,28.7,0.0,False
2024-03-03,Melbourne,27.7,0.0,False
2024-03-04,Melbourne,28.0,9.7,True
2024-03-05,Melbourne,27.3,0.0,False
2024-03-06,Melbourne,28.6,0.0,False
2024-03-07,Melbourne,27.8,0.0,False
2024-03-08,Melbourne,28.6,0.0,False
2024-03-09,Melbourne,28.0,0.0,False
2024-03-10,Melbourne,30.2,0.0,False
2024-03-11,Melbourne,26.4,0.0,False
2024-03-12,Melbourne,25.6,0.0,False
2024-03-13,Melbourne,29.1,0.0,False
2024-03-14,Melbourne,29.8,0.0,False
2024-03-15,Melbourne,28.2,0.0,False
2024-03-16,Melbourne,29.4,0.0,False
2024-03-17,Melbourne,25.2,0.0,False
2024-03-18,Melbourne,29.4,0.0,False
2024-03-19,Melbourne,27.4,0.0,False
2024-03-20,Melbourne,27.1,0.0,False
2024-03-21,Melbourne,29.1,0.0,False
2024-03-22,Melbourne,27.9,0.0,False
2024-03-23,Melbourne,30.9,0.0,False
2024-03-24,Melbourne,32.3,0.0,False
2024-03-25,Melbourne,30.9,0.0,False
2024-03-26,Melbourne,27.2,0.0,False
2024-03-27,Melbourne,29.1,0.0,False
2024-03-28,Melbourne,32.3,0.0,False
2024-03-29,Melbourne,28.7,0.0,False
2024-03-30,Melbourne,34.2,0.0,False
2024-03-31,Melbourne,28.4,0.0,False
2024-04-01,Melbourne,31.5,0.0,False
2024-04-02,Melbourne,33.9,0.0,False
2024-04-03,Melbourne,30.0,0.0,False
2024-04-04,Melbourne,29.5,0.0,False
2024-04-05,Melbourne,33.9,,False
2024-04-06,Melbourne,35.0,0.0,False
2024-04-07,Melbourne,32.5,0.0,False
2024-04-08,Melbourne,32.1,0.0,False
2024-04-09,Melbourne,29.6,0.4,True
2024-04-10,Melbourne,38.0,0.0,False
2024-04-11,Melbourne,32.9,0.0,False
2024-04-12,Melbourne,33.1,0.0,False
2024-04-13,Melbourne,31.8,0.0,False
2024-04-14,Melbourne,29.4,0.0,False
2024-04-15,Melbourne,31.6,0.0,False
2024-04-16,Melbourne,32.3,13.9,True
2024-04-17,Melbourne,34.2,0.0,False
2024-04-18,Melbourne,31.8,1.3,True
2024-04-19,Melbourne,34.9,0.0,False
2024-04-20,Melbourne,34.4,0.0,False
2024-04-21,Melbourne,34.5,0.0,False
2024-04-22,Melbourne,32.6,0.0,False
2024-04-23,Melbourne,34.0,0.0,False
2024-04-24,Melbourne,37.8,0.0,False
2024-04-25,Melbourne,33.9,0.0,False
2024-04-26,Melbourne,37.3,16.4,True
2024-04-27,Melbourne,36.7,0.0,False
2024-04-28,Melbourne,38.9,0.0,False
2024-04-29,Melbourne,33.4,0.0,False
2024-04-30,Melbourne,38.8,0.0,False
2024-05-01,Melbourne,38.1,0.0,False
2024-05-02,Melbourne,33.9,0.0,False
2024-05-03,Melbourne,33.7,0.0,False
2024-05-04,Melbourne,36.9,0.0,False
2024-05-05,Melbourne,35.9,0.0,False
2024-05-06,Melbourne,37.0,0.0,False
2024-05-07,Melbourne,35.3,0.0,False
2024-05-08,Melbourne,36.3,0.0,False
2024-05-09,Melbourne,35.9,0.0,False
2024-05-10,Melbourne,37.2,,False
2024-05-11,Melbourne,34.2,0.0,False
2024-05-12,Melbourne,36.8,0.0,False
2024-05-13,Melbourne,39.9,0.0,False
2024-05-14,Melbourne,39.8,0.0,False
2024-05-15,Melbourne,37.2,0.0,False
2024-05-16,Melbourne,34.4,0.0,False
2024-05-17,Melbourne,41.4,0.0,False
2024-05-18,Melbourne,37.6,0.0,False
2024-05-19,Melbourne,41.1,0.0,False
2024-05-20,Melbourne,37.8,0.0,False
2024-05-21,Melbourne,31.0,0.0,False
2024-05-22,Melbourne,41.5,0.0,False
2024-05-23,Melbourne,38.9,0.0,False
2024-05-24,Melbourne,36.9,0.0,False
2024-05-25,Melbourne,32.7,7.4,True
2024-05-26,Melbourne,37.1,0.0,False
2024-05-27,Melbourne,37.3,0.0,False
2024-05-28,Melbourne,35.9,0.0,False
2024-05-29,Melbourne,37.3,0.0,False
2024-05-30,Melbourne,33.9,0.0,False
2024-05-31,Melbourne,36.0,20.2,True
2024-06-01,Melbourne,37.9,0.0,False
2024-06-02,Melbourne,35.3,98.5,True
2024-06-03,Melbourne,36.9,0.0,False
2024-06-04,Melbourne,34.6,0.0,False
2024-06-05,Melbourne,36.0,0.4,True
2024-06-06,Melbourne,38.6,30.8,True
2024-06-07,Melbourne,37.8,7.4,True
2024-06-08,Melbourne,39.1,0.0,False
2024-06-09,Melbourne,37.6,0.0,False
2024-06-10,Melbourne,38.2,0.0,False
2024-06-11,Melbourne,33.4,5.6,True
2024-06-12,Melbourne,35.8,0.0,False
2024-06-13,Melbourne,34.9,0.0,False
2024-06-14,Melbourne,38.7,3.8,True
2024-06-15,Melbourne,38.9,22.4,True
2024-06-16,Melbourne,35.5,13.5,True
2024-06-17,Melbourne,35.9,7.6,True
2024-06-18,Melbourne,35.3,0.0,False
2024-06-19,Melbourne,36.8,5.0,True
2024-06-20,Melbourne,35.5,6.5,True
2024-06-21,Melbourne,30.2,0.0,False
2024-06-22,Melbourne,36.6,16.4,True
2024-06-23,Melbourne,35.4,0.0,False
2024-06-24,Melbourne,38.0,0.0,False
2024-06-25,Melbourne,33.7,0.0,False
2024-06-26,Melbourne,34.4,2.7,True
2024-06-27,Melbourne,38.2,0.0,False
2024-06-28,Melbourne,37.9,0.0,False
2024-06-29,Melbourne,35.2,0.0,False
2024-06-30,Melbourne,36.1,0.0,False
2024-07-01,Melbourne,34.5,1.6,True
2024-07-02,Melbourne,36.4,6.1,True
2024-07-03,Melbourne,30.8,0.5,True
2024-07-04,Melbourne,34.6,9.9,True
2024-07-05,Melbourne,31.4,12.9,True
2024-07-06,Melbourne,35.3,8.9,True
2024-07-07,Melbourne,30.9,13.6,True
2024-07-08,Melbourne,34.6,0.0,False
2024-07-09,Melbourne,35.3,10.6,True
2024-07-10,Melbourne,37.6,0.0,False
2024-07-11,Melbourne,32.0,10.2,True
2024-07-12,Melbourne,30.1,16.9,True
2024-07-13,Melbourne,34.2,0.0,False
2024-07-14,Melbourne,28.9,0.0,False
2024-07-15,Melbourne,34.3,8.0,True
2024-07-16,Melbourne,34.4,0.0,False
2024-07-17,Melbourne,34.6,9.5,True
2024-07-18,Melbourne,31.5,15.0,True
2024-07-19,Melbourne,30.5,42.1,True
2024-07-20,Melbourne,34.9,10.3,True
2024-07-21,Melbourne,31.9,4.1,True
2024-07-22,Melbourne,29.6,0.0,False
2024-07-23,Melbourne,37.3,83.4,True
2024-07-24,Melbourne,29.7,0.0,False
2024-07-25,Melbourne,33.1,7.7,True
2024-07-26,Melbourne,30.4,0.0,False
2024-07-27,Melbourne,32.0,0.0,False
2024-07-28,Melbourne,30.0,7.5,True
2024-07-29,Melbourne,33.7,12.6,True
2024-07-30,Melbourne,31.1,0.0,False
2024-07-31,Melbourne,32.6,8.3,True
2024-08-01,Melbourne,31.5,11.1,True
2024-08-02,Melbourne,33.4,39.4,True
2024-08-03,Melbourne,34.4,0.3,True
2024-08-04,Melbourne,32.0,0.0,False
2024-08-05,Melbourne,30.7,0.0,False
2024-08-06,Melbourne,30.6,0.0,False
2024-08-07,Melbourne,29.5,2.1,True
2024-08-08,Melbourne,32.6,5.5,True
2024-08-09,Melbourne,29.9,25.8,True
2024-08-10,Melbourne,27.6,31.4,True
2024-08-11,Melbourne,28.4,0.0,False
2024-08-12,Melbourne,30.6,,False
2024-08-13,Melbourne,30.2,0.0,False
2024-08-14,Melbourne,28.7,0.0,True
2024-08-15,Melbourne,31.7,0.0,False
2024-08-16,Melbourne,32.0,0.0,False
2024-08-17,Melbourne,29.0,0.0,False
2024-08-18,Melbourne,27.8,9.9,True
2024-08-19,Melbourne,29.2,25.0,True
2024-08-20,Melbourne,26.5,0.0,False
2024-08-21,Melbourne,27.9,0.0,False
2024-08-22,Melbourne,27.7,3.0,True
2024-08-23,Melbourne,29.9,49.9,True
2024-08-24,Melbourne,25.2,17.8,True
2024-08-25,Melbourne,27.5,11.2,True
2024-08-26,Melbourne,28.7,0.0,False
2024-08-27,Melbourne,31.0,35.6,True
2024-08-28,Melbourne,27.5,9.9,True
2024-08-29,Melbourne,25.7,2.4,True
2024-08-30,Melbourne,26.8,0.0,False
2024-08-31,Melbourne,28.9,13.6,True
2024-09-01,Melbourne,24.5,10.1,True
2024-09-02,Melbourne,25.0,9.8,True
2024-09-03,Melbourne,27.6,0.0,False
2024-09-04,Melbourne,28.1,0.0,False
2024-09-05,Melbourne,24.9,18.1,True
2024-09-06,Melbourne,26.0,4.6,True
2024-09-07,Melbourne,24.5,0.0,False
2024-09-08,Melbourne,28.1,0.0,False
2024-09-09,Melbourne,22.2,21.9,True
2024-09-10,Melbourne,25.2,37.3,True
2024-09-11,Melbourne,25.5,3.9,True
2024-09-12,Melbourne,21.7,,True
2024-09-13,Melbourne,28.5,13.1,True
2024-09-14,Melbourne,26.6,0.0,False
2024-09-15,Melbourne,27.1,36.4,True
2024-09-16,Melbourne,25.2,0.0,False
2024-09-17,Melbourne,22.3,0.0,False
2024-09-18,Melbourne,25.6,75.9,True
2024-09-19,Melbourne,25.7,0.0,False
2024-09-20,Melbourne,20.7,4.6,True
2024-09-21,Melbourne,22.8,0.0,False
2024-09-22,Melbourne,22.5,4.3,True
2024-09-23,Melbourne,19.3,0.0,False
2024-09-24,Melbourne,24.7,41.1,True
2024-09-25,Melbourne,23.3,0.0,False
2024-09-26,Melbourne,19.9,23.9,True
2024-09-27,Melbourne,20.5,8.3,True
2024-09-28,Melbourne,21.3,0.0,False
2024-09-29,Melbourne,21.8,0.0,False
2024-09-30,Melbourne,20.1,,False
2024-10-01,Melbourne,20.8,0.0,False
2024-10-02,Melbourne,19.6,0.0,False
2024-10-03,Melbourne,17.2,0.0,False
2024-10-04,Melbourne,21.5,3.9,True
2024-10-05,Melbourne,23.3,0.0,False
2024-10-06,Melbourne,22.5,0.0,False
2024-10-07,Melbourne,18.6,0.0,False
2024-10-08,Melbourne,21.7,0.0,False
2024-10-09,Melbourne,18.3,0.0,False
2024-10-10,Melbourne,15.6,0.0,False
2024-10-11,Melbourne,19.7,0.0,False
2024-10-12,Melbourne,22.1,0.0,False
2024-10-13,Melbourne,18.5,0.0,False
2024-10-14,Melbourne,20.8,0.0,False
2024-10-15,Melbourne,18.1,0.0,False
2024-10-16,Melbourne,19.6,0.0,False
2024-10-17,Melbourne,18.9,0.0,False
2024-10-18,Melbourne,20.9,0.0,False
2024-10-19,Melbourne,21.1,0.0,False
2024-10-20,Melbourne,16.9,0.0,False
2024-10-21,Melbourne,22.9,0.0,False
2024-10-22,Melbourne,18.3,0.0,False
2024-10-23,Melbourne,18.2,0.0,False
2024-10-24,Melbourne,17.6,0.0,False
2024-10-25,Melbourne,18.3,0.0,False
2024-10-26,Melbourne,16.6,0.0,False
2024-10-27,Melbourne,19.3,41.6,True
2024-10-28,Melbourne,17.0,0.0,False
2024-10-29,Melbourne,14.2,0.0,False
2024-10-30,Melbourne,15.1,0.0,False
2024-10-31,Melbourne,21.6,0.0,False
2024-11-01,Melbourne,19.2,0.0,False
2024-11-02,Melbourne,21.3,0.0,False
2024-11-03,Melbourne,19.8,0.0,False
2024-11-04,Melbourne,20.2,0.0,False
2024-11-05,Melbourne,17.9,0.0,False
2024-11-06,Melbourne,15.3,,False
2024-11-07,Melbourne,16.2,0.0,False
2024-11-08,Melbourne,15.7,0.0,False
2024-11-09,Melbourne,12.9,0.0,False
2024-11-10,Melbourne,20.1,0.0,False
2024-11-11,Melbourne,17.2,0.0,False
2024-11-12,Melbourne,15.3,0.0,False
2024-11-13,Melbourne,22.5,0.0,False
2024-11-14,Melbourne,23.8,0.0,False
2024-11-15,Melbourne,14.2,0.0,False
2024-11-16,Melbourne,16.7,0.0,False
2024-11-17,Melbourne,16.5,0.0,False
2024-11-18,Melbourne,14.9,0.0,False
2024-11-19,Melbourne,19.6,4.7,True
2024-11-20,Melbourne,14.3,0.0,False
2024-11-21,Melbourne,18.8,6.5,True
2024-11-22,Melbourne,22.0,0.0,False
2024-11-23,Melbourne,17.0,0.0,False
2024-11-24,Melbourne,16.3,0.0,False
2024-11-25,Melbourne,13.3,0.0,False
2024-11-26,Melbourne,19.7,0.0,False
2024-11-27,Melbourne,21.9,0.0,False
2024-11-28,Melbourne,21.3,0.0,False
2024-11-29,Melbourne,13.1,0.0,False
2024-11-30,Melbourne,20.5,,True
2024-12-01,Melbourne,14.7,0.0,False
2024-12-02,Melbourne,17.3,0.0,False
2024-12-03,Melbourne,12.5,25.2,True
2024-12-04,Melbourne,16.5,0.0,False
2024-12-05,Melbourne,14.7,0.0,False
2024-12-06,Melbourne,20.6,0.0,False
2024-12-07,Melbourne,18.9,20.5,True
2024-12-08,Melbourne,15.3,7.9,True
2024-12-09,Melbourne,15.9,0.0,False
2024-12-10,Melbourne,18.3,0.0,False
2024-12-11,Melbourne,17.9,0.0,False
2024-12-12,Melbourne,20.2,0.0,False
2024-12-13,Melbourne,22.3,0.0,False
2024-12-14,Melbourne,16.1,0.0,False
2024-12-15,Melbourne,15.9,0.0,False
2024-12-16,Melbourne,19.1,0.0,False
2024-12-17,Melbourne,19.7,0.0,False
2024-12-18,Melbourne,23.8,0.0,False
2024-12-19,Melbourne,13.6,0.0,False
2024-12-20,Melbourne,21.3,0.0,False
2024-12-21,Melbourne,18.1,0.0,False
2024-12-22,Melbourne,16.7,0.0,False
2024-12-23,Melbourne,19.0,0.0,False
2024-12-24,Melbourne,19.0,0.0,False
2024-12-25,Melbourne,16.9,0.0,False
2024-12-26,Melbourne,14.2,0.0,False
2024-12-27,Melbourne,21.9,0.0,False
2024-12-28,Melbourne,16.6,0.0,False
2024-12-29,Melbourne,16.3,0.0,False
2024-12-30,Melbourne,16.9,1.6,True
2024-12-31,Melbourne,16.1,0.0,False
2025-01-01,Melbourne,20.4,0.0,False
2025-01-02,Melbourne,18.8,0.0,False
2025-01-03,Melbourne,19.7,0.0,False
2025-01-04,Melbourne,17.2,0.0,False
2025-01-05,Melbourne,16.1,0.0,False
2025-01-06,Melbourne,18.7,0.0,False
2025-01-07,Melbourne,15.6,0.0,False
2025-01-08,Melbourne,21.2,,False
2025-01-09,Melbourne,18.6,0.0,False
2025-01-10,Melbourne,20.8,0.0,False
2025-01-11,Melbourne,21.2,0.0,False
2025-01-12,Melbourne,21.4,0.0,False
2025-01-13,Melbourne,19.6,0.0,False
2025-01-14,Melbourne,19.9,0.0,False
2025-01-15,Melbourne,19.4,0.0,False
2025-01-16,Melbourne,21.4,0.0,False
2025-01-17,Melbourne,16.2,0.0,False
2025-01-18,Melbourne,19.9,0.0,False
2025-01-19,Melbourne,22.4,0.0,False
2025-01-20,Melbourne,23.6,0.0,False
2025-01-21,Melbourne,23.4,0.0,False
2025-01-22,Melbourne,22.2,1.5,True
2025-01-23,Melbourne,22.9,0.0,False
2025-01-24,Melbourne,19.6,0.0,False
2025-01-25,Melbourne,19.4,0.0,False
2025-01-26,Melbourne,16.2,0.0,False
2025-01-27,Melbourne,26.6,0.0,False
2025-01-28,Melbourne,26.5,0.0,False
2025-01-29,Melbourne,21.8,0.0,False
2025-01-30,Melbourne,22.1,0.0,False
2025-01-31,Melbourne,26.1,0.0,False
2025-02-01,Melbourne,19.5,0.0,False
2025-02-02,Melbourne,20.4,0.0,False
2025-02-03,Melbourne,26.8,0.0,False
2025-02-04,Melbourne,22.1,,False
2025-02-05,Melbourne,20.5,0.0,False
2025-02-06,Melbourne,24.3,0.0,False
2025-02-07,Melbourne,21.7,0.0,False
2025-02-08,Melbourne,27.0,0.0,False
2025-02-09,Melbourne,23.9,,False
2025-02-10,Melbourne,22.3,6.9,True
2025-02-11,Melbourne,23.7,0.0,False
2025-02-12,Melbourne,23.1,0.0,False
2025-02-13,Melbourne,23.8,0.0,False
2025-02-14,Melbourne,23.3,0.0,False
2025-02-15,Melbourne,20.2,0.0,False
2025-02-16,Melbourne,25.1,0.0,False
2025-02-17,Melbourne,26.8,0.0,False
2025-02-18,Melbourne,22.8,0.0,False
2025-02-19,Melbourne,24.7,0.0,False
2025-02-20,Melbourne,24.0,0.0,False
2025-02-21,Melbourne,19.7,0.0,False
2025-02-22,Melbourne,28.7,0.0,False
2025-02-23,Melbourne,23.9,0.0,False
2025-02-24,Melbourne,18.6,0.0,False
2025-02-25,Melbourne,29.0,0.0,False
2025-02-26,Melbourne,25.3,0.0,False
2025-02-27,Melbourne,22.6,0.0,False
2025-02-28,Melbourne,28.4,0.0,False
2025-03-01,Melbourne,25.4,0.0,False
2025-03-02,Melbourne,24.2,0.0,False
2025-03-03,Melbourne,26.9,0.0,False
2025-03-04,Melbourne,29.0,0.0,False
2025-03-05,Melbourne,23.8,0.0,False
2025-03-06,Melbourne,27.2,0.0,False
2025-03-07,Melbourne,27.5,0.0,False
2025-03-08,Melbourne,20.7,0.0,False
2025-03-09,Melbourne,29.2,0.0,False
2025-03-10,Melbourne,29.7,79.2,True
2025-03-11,Melbourne,26.8,0.0,False
2025-03-12,Melbourne,26.9,0.0,False
2025-03-13,Melbourne,31.9,0.0,False
2025-03-14,Melbourne,28.9,0.0,False
2025-03-15,Melbourne,27.7,0.0,False
2025-03-16,Melbourne,30.3,0.0,False
2025-03-17,Melbourne,30.3,0.0,False
2025-03-18,Melbourne,32.0,0.0,False
2025-03-19,Melbourne,31.1,0.0,False
2025-03-20,Melbourne,30.0,0.0,False
2025-03-21,Melbourne,30.3,0.0,False
2025-03-22,Melbourne,26.7,0.0,False
2025-03-23,Melbourne,31.6,0.0,False
2025-03-24,Melbourne,28.6,0.0,False
2025-03-25,Melbourne,31.5,0.0,False
2025-03-26,Melbourne,35.0,,True
2025-03-27,Melbourne,27.9,0.0,False
2025-03-28,Melbourne,31.9,0.0,False
2025-03-29,Melbourne,30.4,0.0,False
2025-03-30,Melbourne,35.6,0.0,False
2025-03-31,Melbourne,34.8,0.0,False
2025-04-01,Melbourne,34.8,0.0,False
2025-04-02,Melbourne,31.7,0.0,False
2025-04-03,Melbourne,33.7,0.0,False
2025-04-04,Melbourne,32.8,0.0,False
2025-04-05,Melbourne,31.3,0.0,False
2025-04-06,Melbourne,35.3,0.0,False
2025-04-07,Melbourne,33.3,4.4,True
2025-04-08,Melbourne,33.6,,False
2025-04-09,Melbourne,29.9,0.0,False
2025-04-10,Melbourne,30.2,0.0,False
2025-04-11,Melbourne,33.6,1.8,True
2025-04-12,Melbourne,33.8,0.0,False
2025-04-13,Melbourne,35.2,0.0,False
2025-04-14,Melbourne,39.6,0.0,False
2025-04-15,Melbourne,31.1,1.8,True
2025-04-16,Melbourne,33.1,2.8,True
2025-04-17,Melbourne,33.2,0.0,False
2025-04-18,Melbourne,36.7,0.0,False
2025-04-19,Melbourne,40.5,0.0,False
2025-04-20,Melbourne,32.5,0.0,False
2025-04-21,Melbourne,40.3,0.0,False
2025-04-22,Melbourne,38.0,0.0,False
2025-04-23,Melbourne,33.2,0.0,False
2025-04-24,Melbourne,33.1,0.0,False
2025-04-25,Melbourne,34.5,8.8,True
2025-04-26,Melbourne,31.1,0.0,False
2025-04-27,Melbourne,32.6,0.0,False
2025-04-28,Melbourne,33.9,0.0,False
2025-04-29,Melbourne,36.1,20.0,True
2025-04-30,Melbourne,36.5,0.0,False
2025-05-01,Melbourne,37.4,0.0,False
2025-05-02,Melbourne,34.5,0.0,False
2025-05-03,Melbourne,35.2,0.0,False
2025-05-04,Melbourne,35.8,0.0,False
2025-05-05,Melbourne,38.3,10.1,True
2025-05-06,Melbourne,34.6,0.0,False
2025-05-07,Melbourne,34.7,0.0,False
2025-05-08,Melbourne,33.6,0.0,False
2025-05-09,Melbourne,39.8,0.0,False
2025-05-10,Melbourne,42.0,24.2,True
2025-05-11,Melbourne,35.7,0.0,False
2025-05-12,Melbourne,41.2,0.0,False
2025-05-13,Melbourne,32.4,0.0,False
2025-05-14,Melbourne,38.6,0.0,False
2025-05-15,Melbourne,38.1,0.0,False
2025-05-16,Melbourne,41.7,0.0,False
2025-05-17,Melbourne,37.6,0.0,False
2025-05-18,Melbourne,38.1,0.0,False
2025-05-19,Melbourne,33.9,0.0,False
2025-05-20,Melbourne,36.7,0.0,False
2025-05-21,Melbourne,31.5,0.0,False
2025-05-22,Melbourne,36.9,0.0,False
2025-05-23,Melbourne,41.0,,False
2025-05-24,Melbourne,34.6,0.0,False
2025-05-25,Melbourne,38.7,0.0,False
2025-05-26,Melbourne,39.1,,False
2025-05-27,Melbourne,33.1,0.0,False
2025-05-28,Melbourne,40.2,0.0,False
2025-05-29,Melbourne,31.8,0.0,False
2025-05-30,Melbourne,33.8,0.0,False
2025-05-31,Melbourne,38.0,0.0,False
2025-06-01,Melbourne,36.2,16.5,True
2025-06-02,Melbourne,37.4,34.8,True
2025-06-03,Melbourne,36.9,0.0,False
2025-06-04,Melbourne,38.5,10.7,True
2025-06-05,Melbourne,39.7,4.9,True
2025-06-06,Melbourne,38.1,3.9,True
2025-06-07,Melbourne,33.8,2.5,True
2025-06-08,Melbourne,36.2,0.0,False
2025-06-09,Melbourne,39.6,13.8,True
2025-06-10,Melbourne,35.3,36.9,True
2025-06-11,Melbourne,40.8,2.1,True
2025-06-12,Melbourne,38.8,0.0,False
2025-06-13,Melbourne,39.5,0.0,False
2025-06-14,Melbourne,36.9,0.0,False
2025-06-15,Melbourne,34.9,20.0,True
2025-06-16,Melbourne,37.1,17.4,True
2025-06-17,Melbourne,35.9,4.8,True
2025-06-18,Melbourne,40.5,12.5,True
2025-06-19,Melbourne,34.6,18.5,True
2025-06-20,Melbourne,33.9,6.3,True
2025-06-21,Melbourne,35.6,,False
2025-06-22,Melbourne,34.3,12.2,True
2025-06-23,Melbourne,39.6,14.9,True
2025-06-24,Melbourne,36.4,0.0,False
2025-06-25,Melbourne,35.2,0.0,False
2025-06-26,Melbourne,32.9,9.6,True
2025-06-27,Melbourne,35.8,56.2,True
2025-06-28,Melbourne,31.7,12.1,True
2025-06-29,Melbourne,33.4,0.0,False
2025-06-30,Melbourne,33.4,4.3,True
2025-07-01,Melbourne,35.3,20.3,True
2025-07-02,Melbourne,40.6,0.0,False
2025-07-03,Melbourne,33.3,0.0,False
2025-07-04,Melbourne,34.2,,True
2025-07-05,Melbourne,39.2,2.6,True
2025-07-06,Melbourne,34.1,58.6,True
2025-07-07,Melbourne,31.3,0.0,False
2025-07-08,Melbourne,36.8,2.8,True
2025-07-09,Melbourne,33.3,0.0,False
2025-07-10,Melbourne,37.3,9.1,True
2025-07-11,Melbourne,35.2,0.0,False
2025-07-12,Melbourne,36.6,0.0,False
2025-07-13,Melbourne,35.8,,True
2025-07-14,Melbourne,30.5,0.0,False
2025-07-15,Melbourne,30.7,1.7,True
2025-07-16,Melbourne,32.2,14.7,True
2025-07-17,Melbourne,36.8,16.6,True
2025-07-18,Melbourne,33.5,0.0,False
2025-07-19,Melbourne,36.0,9.6,True
2025-07-20,Melbourne,34.7,57.8,True
2025-07-21,Melbourne,35.3,0.0,False
2025-07-22,Melbourne,36.5,7.8,True
2025-07-23,Melbourne,31.8,0.0,False
2025-07-24,Melbourne,33.4,11.3,True
2025-07-25,Melbourne,29.4,0.0,False
2025-07-26,Melbourne,33.5,0.1,True
2025-07-27,Melbourne,31.0,0.0,False
2025-07-28,Melbourne,38.8,45.1,True
2025-07-29,Melbourne,31.0,0.0,False
2025-07-30,Melbourne,34.8,14.7,True
2025-07-31,Melbourne,28.4,31.7,True
2025-08-01,Melbourne,31.6,0.0,False
2025-08-02,Melbourne,31.9,24.1,True
2025-08-03,Melbourne,33.6,0.0,False
2025-08-04,Melbourne,28.3,0.0,False
2025-08-05,Melbourne,31.2,17.8,True
2025-08-06,Melbourne,29.6,0.0,False
2025-08-07,Melbourne,33.1,0.0,False
2025-08-08,Melbourne,38.2,18.8,True
2025-08-09,Melbourne,32.5,5.4,True
2025-08-10,Melbourne,32.4,22.4,True
2025-08-11,Melbourne,32.3,46.0,True
2025-08-12,Melbourne,27.2,1.9,True
2025-08-13,Melbourne,25.3,,True
2025-08-14,Melbourne,26.6,5.4,True
2025-08-15,Melbourne,34.5,0.0,False
2025-08-16,Melbourne,32.1,0.0,False
2025-08-17,Melbourne,24.6,9.7,True
2025-08-18,Melbourne,28.3,10.5,True
2025-08-19,Melbourne,31.6,49.5,True
2025-08-20,Melbourne,33.1,0.0,False
2025-08-21,Melbourne,25.6,0.0,False
2025-08-22,Melbourne,30.0,0.0,False
2025-08-23,Melbourne,27.1,0.0,False
2025-08-24,Melbourne,29.1,0.0,False
2025-08-25,Melbourne,24.8,0.0,False
2025-08-26,Melbourne,30.8,0.0,False
2025-08-27,Melbourne,25.6,3.4,True
2025-08-28,Melbourne,25.6,0.0,False
2025-08-29,Melbourne,23.0,62.0,True
2025-08-30,Melbourne,26.5,3.9,True
2025-08-31,Melbourne,26.3,0.0,False
2025-09-01,Melbourne,22.5,3.4,True
2025-09-02,Melbourne,24.0,5.2,True
2025-09-03,Melbourne,26.6,0.0,False
2025-09-04,Melbourne,20.8,1.6,True
2025-09-05,Melbourne,28.3,2.1,True
2025-09-06,Melbourne,21.1,23.1,True
2025-09-07,Melbourne,24.1,22.5,True
2025-09-08,Melbourne,20.1,0.0,False
2025-09-09,Melbourne,23.6,14.4,True
2025-09-10,Melbourne,23.7,2.5,True
2025-09-11,Melbourne,23.0,34.3,True
2025-09-12,Melbourne,24.0,0.0,False
2025-09-13,Melbourne,24.8,0.0,False
2025-09-14,Melbourne,18.9,,True
2025-09-15,Melbourne,21.9,0.0,False
2025-09-16,Melbourne,20.2,0.0,False
2025-09-17,Melbourne,19.9,0.0,False
2025-09-18,Melbourne,23.3,0.0,False
2025-09-19,Melbourne,20.4,11.1,True
2025-09-20,Melbourne,23.4,0.0,False
2025-09-21,Melbourne,25.8,13.8,True
2025-09-22,Melbourne,21.3,0.0,False
2025-09-23,Melbourne,21.1,0.0,False
2025-09-24,Melbourne,23.1,0.0,False
2025-09-25,Melbourne,21.5,0.0,False
2025-09-26,Melbourne,19.3,3.2,True
2025-09-27,Melbourne,24.5,0.0,False
2025-09-28,Melbourne,21.2,0.0,False
2025-09-29,Melbourne,26.4,11.8,True
2025-09-30,Melbourne,23.1,1.2,True
2025-10-01,Melbourne,22.9,0.0,False
2025-10-02,Melbourne,22.4,0.0,False
2025-10-03,Melbourne,22.5,0.0,False
2025-10-04,Melbourne,25.1,0.0,False
2025-10-05,Melbourne,21.3,0.0,False
2025-10-06,Melbourne,26.7,0.0,False
2025-10-07,Melbourne,21.5,0.0,False
2025-10-08,Melbourne,21.5,0.0,False
2025-10-09,Melbourne,26.1,0.0,False
2025-10-10,Melbourne,23.5,0.0,False
2025-10-11,Melbourne,16.7,0.0,False
2025-10-12,Melbourne,19.0,0.0,False
2025-10-13,Melbourne,20.4,0.0,False
2025-10-14,Melbourne,23.7,0.0,False
2025-10-15,Melbourne,23.9,0.0,False
2025-10-16,Melbourne,19.7,0.0,False
2025-10-17,Melbourne,18.3,0.0,False
2025-10-18,Melbourne,19.1,0.0,False
2025-10-19,Melbourne,19.8,28.4,True
2025-10-20,Melbourne,20.3,0.0,False
2025-10-21,Melbourne,17.1,0.0,False
2025-10-22,Melbourne,17.2,0.0,False
2025-10-23,Melbourne,17.6,1.1,True
2025-10-24,Melbourne,19.7,0.0,False
2025-10-25,Melbourne,22.1,0.0,False
2025-10-26,Melbourne,16.5,0.0,False
2025-10-27,Melbourne,19.5,0.0,False
2025-10-28,Melbourne,19.4,0.0,False
2025-10-29,Melbourne,19.8,0.0,False
2025-10-30,Melbourne,17.5,0.0,False
2025-10-31,Melbourne,19.6,0.0,False
2025-11-01,Melbourne,20.1,0.0,False
2025-11-02,Melbourne,17.3,0.0,False
2025-11-03,Melbourne,18.6,0.0,False
2025-11-04,Melbourne,17.6,0.0,False
2025-11-05,Melbourne,16.1,0.0,False
2025-11-06,Melbourne,14.7,0.0,False
2025-11-07,Melbourne,16.3,0.0,False
2025-11-08,Melbourne,16.4,0.0,False
2025-11-09,Melbourne,14.5,0.0,False
2025-11-10,Melbourne,18.7,0.0,False
2025-11-11,Melbourne,19.7,0.0,False
2025-11-12,Melbourne,17.1,0.0,False
2025-11-13,Melbourne,17.4,0.0,False
2025-11-14,Melbourne,16.2,0.0,False
2025-11-15,Melbourne,17.1,0.0,False
2025-11-16,Melbourne,18.6,0.0,False
2025-11-17,Melbourne,18.1,0.0,False
2025-11-18,Melbourne,17.0,0.0,False
2025-11-19,Melbourne,15.9,0.0,False
2025-11-20,Melbourne,19.0,0.0,False
2025-11-21,Melbourne,16.1,0.0,False
2025-11-22,Melbourne,14.1,0.0,False
2025-11-23,Melbourne,17.4,0.0,False
2025-11-24,Melbourne,13.0,0.0,False
2025-11-25,Melbourne,17.8,0.0,False
2025-11-26,Melbourne,17.9,0.0,False
2025-11-27,Melbourne,15.5,0.0,False
2025-11-28,Melbourne,15.8,0.0,False
2025-11-29,Melbourne,19.3,0.0,False
2025-11-30,Melbourne,22.1,0.0,False
2025-12-01,Melbourne,17.1,0.0,False
2025-12-02,Melbourne,12.1,0.0,False
2025-12-03,Melbourne,15.6,0.0,False
2025-12-04,Melbourne,18.0,0.0,False
2025-12-05,Melbourne,16.7,0.0,False
2025-12-06,Melbourne,17.8,0.0,False
2025-12-07,Melbourne,17.4,0.0,False
2025-12-08,Melbourne,17.5,0.0,False
2025-12-09,Melbourne,12.4,0.0,False
2025-12-10,Melbourne,16.0,0.0,False
2025-12-11,Melbourne,15.8,0.0,False
2025-12-12,Melbourne,15.8,0.0,False
2025-12-13,Melbourne,18.8,0.0,False
2025-12-14,Melbourne,14.5,66.2,True
2025-12-15,Melbourne,13.7,0.0,False
2025-12-16,Melbourne,17.5,17.1,True
2025-12-17,Melbourne,15.5,0.0,False
2025-12-18,Melbourne,17.6,0.0,False
2025-12-19,Melbourne,15.6,0.0,False
2025-12-20,Melbourne,16.9,0.0,False
2025-12-21,Melbourne,16.7,0.0,False
2025-12-22,Melbourne,20.8,0.0,False
2025-12-23,Melbourne,15.9,0.0,False
2025-12-24,Melbourne,19.2,0.0,False
2025-12-25,Melbourne,17.7,0.0,False
2025-12-26,Melbourne,20.3,0.0,False
2025-12-27,Melbourne,22.0,0.0,False
2025-12-28,Melbourne,17.9,0.0,False
2025-12-29,Melbourne,14.2,0.0,False
2025-12-30,Melbourne,15.6,0.0,False
2025-12-31,Melbourne,15.1,9.0,True
2024-01-01,Brisbane,21.5,0.0,False
2024-01-02,Brisbane,19.7,0.0,False
2024-01-03,Brisbane,20.9,0.0,False
2024-01-04,Brisbane,18.7,0.0,False
2024-01-05,Brisbane,18.3,0.0,False
2024-01-06,Brisbane,19.7,0.0,False
2024-01-07,Brisbane,21.9,0.0,False
2024-01-08,Brisbane,16.9,0.0,False
2024-01-09,Brisbane,24.1,0.0,False
2024-01-10,Brisbane,22.0,0.0,False
2024-01-11,Brisbane,17.8,0.0,False
2024-01-12,Brisbane,20.1,25.4,True
2024-01-13,Brisbane,18.9,0.0,False
2024-01-14,Brisbane,19.4,0.0,False
2024-01-15,Brisbane,16.2,0.0,False
2024-01-16,Brisbane,23.6,0.0,False
2024-01-17,Brisbane,18.9,0.0,False
2024-01-18,Brisbane,17.9,0.0,False
2024-01-19,Brisbane,17.9,0.0,False
2024-01-20,Brisbane,20.3,0.0,False
2024-01-21,Brisbane,20.8,0.0,False
2024-01-22,Brisbane,25.6,0.0,False
2024-01-23,Brisbane,23.6,0.0,False
2024-01-24,Brisbane,20.2,0.0,False
2024-01-25,Brisbane,25.4,0.0,False
2024-01-26,Brisbane,24.9,0.0,False
2024-01-27,Brisbane,19.2,7.3,True
2024-01-28,Brisbane,25.6,0.0,False
2024-01-29,Brisbane,20.1,0.0,False
2024-01-30,Brisbane,21.6,0.0,False
2024-01-31,Brisbane,24.1,0.0,False
2024-02-01,Brisbane,23.5,0.0,False
2024-02-02,Brisbane,22.6,0.0,False
2024-02-03,Brisbane,25.7,0.0,False
2024-02-04,Brisbane,21.0,0.0,False
2024-02-05,Brisbane,24.0,0.0,False
2024-02-06,Brisbane,22.0,0.0,False
2024-02-07,Brisbane,23.0,0.0,False
2024-02-08,Brisbane,19.2,0.0,False
2024-02-09,Brisbane,23.5,0.0,False
2024-02-10,Brisbane,21.4,0.0,False
2024-02-11,Brisbane,20.5,0.0,False
2024-02-12,Brisbane,21.7,0.0,False
2024-02-13,Brisbane,29.5,0.0,False
2024-02-14,Brisbane,25.3,0.0,False
2024-02-15,Brisbane,27.2,0.0,False
2024-02-16,Brisbane,23.0,0.0,False
2024-02-17,Brisbane,29.8,0.0,False
2024-02-18,Brisbane,23.9,5.0,True
2024-02-19,Brisbane,27.0,0.0,False
2024-02-20,Brisbane,24.1,0.0,False
2024-02-21,Brisbane,28.8,0.0,False
2024-02-22,Brisbane,25.7,0.0,False
2024-02-23,Brisbane,30.6,0.0,False
2024-02-24,Brisbane,28.8,0.0,False
2024-02-25,Brisbane,26.5,0.0,False
2024-02-26,Brisbane,21.1,0.0,False
2024-02-27,Brisbane,26.9,0.0,False
2024-02-28,Brisbane,23.7,0.0,False
2024-02-29,Brisbane,29.7,0.0,False
2024-03-01,Brisbane,25.6,0.0,False
2024-03-02,Brisbane,27.8,0.0,False
2024-03-03,Brisbane,32.1,0.0,False
2024-03-04,Brisbane,30.8,0.0,False
2024-03-05,Brisbane,25.6,0.0,False
2024-03-06,Brisbane,28.0,0.0,False
2024-03-07,Brisbane,28.9,1.5,True
2024-03-08,Brisbane,31.5,0.0,False
2024-03-09,Brisbane,18.8,0.0,False
2024-03-10,Brisbane,29.2,0.0,False
2024-03-11,Brisbane,30.4,0.0,False
2024-03-12,Brisbane,30.7,0.0,False
2024-03-13,Brisbane,33.0,0.0,False
2024-03-14,Brisbane,30.7,0.0,False
2024-03-15,Brisbane,32.4,0.0,False
2024-03-16,Brisbane,29.4,0.0,False
2024-03-17,Brisbane,30.3,0.0,False
2024-03-18,Brisbane,32.8,0.0,False
2024-03-19,Brisbane,36.0,0.0,False
2024-03-20,Brisbane,32.0,15.7,True
2024-03-21,Brisbane,31.2,0.0,False
2024-03-22,Brisbane,30.0,0.0,False
2024-03-23,Brisbane,30.1,0.0,False
2024-03-24,Brisbane,29.1,0.0,False
2024-03-25,Brisbane,32.1,0.0,False
2024-03-26,Brisbane,27.2,0.0,False
2024-03-27,Brisbane,32.8,0.0,False
2024-03-28,Brisbane,33.0,0.0,False
2024-03-29,Brisbane,34.3,0.0,False
2024-03-30,Brisbane,39.7,0.0,False
2024-03-31,Brisbane,26.6,0.0,False
2024-04-01,Brisbane,33.5,0.0,False
2024-04-02,Brisbane,34.1,0.0,False
2024-04-03,Brisbane,30.8,0.0,False
2024-04-04,Brisbane,32.2,0.0,False
2024-04-05,Brisbane,31.6,0.0,False
2024-04-06,Brisbane,34.4,0.0,False
2024-04-07,Brisbane,35.9,0.0,False
2024-04-08,Brisbane,30.4,0.0,False
2024-04-09,Brisbane,34.4,0.0,False
2024-04-10,Brisbane,36.8,0.0,False
2024-04-11,Brisbane,32.0,0.0,False
2024-04-12,Brisbane,27.8,,False
2024-04-13,Brisbane,31.7,0.0,False
2024-04-14,Brisbane,31.6,0.0,False
2024-04-15,Brisbane,32.1,0.0,False
2024-04-16,Brisbane,38.8,0.0,False
2024-04-17,Brisbane,39.6,0.0,False
2024-04-18,Brisbane,38.2,0.0,False
2024-04-19,Brisbane,33.9,0.0,False
2024-04-20,Brisbane,38.5,0.0,False
2024-04-21,Brisbane,29.6,0.0,False
2024-04-22,Brisbane,32.4,0.0,False
2024-04-23,Brisbane,37.0,0.0,False
2024-04-24,Brisbane,33.7,0.0,False
2024-04-25,Brisbane,32.4,0.0,False
2024-04-26,Brisbane,36.2,0.0,False
2024-04-27,Brisbane,36.4,0.0,False
2024-04-28,Brisbane,36.7,0.0,False
2024-04-29,Brisbane,37.1,0.0,False
2024-04-30,Brisbane,36.5,0.0,False
2024-05-01,Brisbane,35.5,0.0,False
2024-05-02,Brisbane,36.0,0.0,False
2024-05-03,Brisbane,38.0,0.0,False
2024-05-04,Brisbane,36.7,0.0,False
2024-05-05,Brisbane,34.9,0.0,False
2024-05-06,Brisbane,34.4,0.0,False
2024-05-07,Brisbane,36.4,0.0,False
2024-05-08,Brisbane,39.6,7.1,True
2024-05-09,Brisbane,39.9,0.0,False
2024-05-10,Brisbane,37.8,0.0,False
2024-05-11,Brisbane,32.9,15.6,True
2024-05-12,Brisbane,37.4,0.0,False
2024-05-13,Brisbane,38.7,0.0,False
2024-05-14,Brisbane,35.9,0.0,False
2024-05-15,Brisbane,38.2,0.0,False
2024-05-16,Brisbane,39.9,0.0,False
2024-05-17,Brisbane,36.6,4.2,True
2024-05-18,Brisbane,37.5,0.0,False
2024-05-19,Brisbane,39.9,0.0,False
2024-05-20,Brisbane,32.6,0.0,False
2024-05-21,Brisbane,37.3,25.5,True
2024-05-22,Brisbane,41.7,6.8,True
2024-05-23,Brisbane,39.4,11.5,True
2024-05-24,Brisbane,34.6,0.0,False
2024-05-25,Brisbane,34.6,0.0,False
2024-05-26,Brisbane,39.0,24.9,True
2024-05-27,Brisbane,40.4,0.0,False
2024-05-28,Brisbane,40.5,0.0,False
2024-05-29,Brisbane,38.3,0.0,False
2024-05-30,Brisbane,35.4,0.0,False
2024-05-31,Brisbane,34.0,,True
2024-06-01,Brisbane,39.5,22.2,True
2024-06-02,Brisbane,40.9,3.5,True
2024-06-03,Brisbane,40.6,0.0,False
2024-06-04,Brisbane,37.8,9.6,True
2024-06-05,Brisbane,34.1,4.1,True
2024-06-06,Brisbane,36.7,22.2,True
2024-06-07,Brisbane,37.3,16.1,True
2024-06-08,Brisbane,41.9,0.0,False
2024-06-09,Brisbane,35.1,0.0,False
2024-06-10,Brisbane,36.9,11.8,True
2024-06-11,Brisbane,35.6,25.5,True
2024-06-12,Brisbane,38.0,1.1,True
2024-06-13,Brisbane,37.8,0.0,False
2024-06-14,Brisbane,34.1,0.0,False
2024-06-15,Brisbane,34.9,0.0,False
2024-06-16,Brisbane,34.1,0.0,False
2024-06-17,Brisbane,37.5,0.0,False
2024-06-18,Brisbane,37.5,0.0,False
2024-06-19,Brisbane,37.1,40.7,True
2024-06-20,Brisbane,31.9,45.9,True
2024-06-21,Brisbane,37.0,,True
2024-06-22,Brisbane,33.1,2.4,True
2024-06-23,Brisbane,33.6,21.7,True
2024-06-24,Brisbane,39.3,36.8,True
2024-06-25,Brisbane,37.2,7.3,True
2024-06-26,Brisbane,36.6,0.0,True
2024-06-27,Brisbane,35.4,0.0,False
2024-06-28,Brisbane,41.4,15.2,True
2024-06-29,Brisbane,36.4,43.9,True
2024-06-30,Brisbane,36.7,26.2,True
2024-07-01,Brisbane,35.6,0.7,True
2024-07-02,Brisbane,36.0,0.0,False
2024-07-03,Brisbane,37.4,29.9,True
2024-07-04,Brisbane,35.3,0.0,False
2024-07-05,Brisbane,36.4,0.0,False
2024-07-06,Brisbane,34.8,64.5,True
2024-07-07,Brisbane,41.2,10.5,True
2024-07-08,Brisbane,35.3,0.0,False
2024-07-09,Brisbane,33.9,21.6,True
2024-07-10,Brisbane,36.0,0.0,False
2024-07-11,Brisbane,30.9,14.6,True
2024-07-12,Brisbane,32.7,8.0,True
2024-07-13,Brisbane,35.5,0.0,False
2024-07-14,Brisbane,32.8,10.9,True
2024-07-15,Brisbane,32.3,3.5,True
2024-07-16,Brisbane,34.1,25.1,True
2024-07-17,Brisbane,33.8,12.9,True
2024-07-18,Brisbane,37.8,0.0,False
2024-07-19,Brisbane,33.3,16.3,True
2024-07-20,Brisbane,33.5,0.0,False
2024-07-21,Brisbane,31.0,0.5,True
2024-07-22,Brisbane,33.9,7.9,True
2024-07-23,Brisbane,27.3,0.0,False
2024-07-24,Brisbane,33.6,13.9,True
2024-07-25,Brisbane,30.4,21.4,True
2024-07-26,Brisbane,29.1,,True
2024-07-27,Brisbane,35.0,29.5,True
2024-07-28,Brisbane,34.7,0.0,False
2024-07-29,Brisbane,31.4,0.0,False
2024-07-30,Brisbane,31.0,0.0,False
2024-07-31,Brisbane,36.6,0.0,False
2024-08-01,Brisbane,26.3,0.0,False
2024-08-02,Brisbane,31.6,14.3,True
2024-08-03,Brisbane,27.0,0.0,False
2024-08-04,Brisbane,29.9,0.0,False
2024-08-05,Brisbane,28.3,0.0,False
2024-08-06,Brisbane,28.9,6.9,True
2024-08-07,Brisbane,26.4,5.1,True
2024-08-08,Brisbane,29.8,0.0,False
2024-08-09,Brisbane,34.1,0.0,False
2024-08-10,Brisbane,33.2,0.0,False
2024-08-11,Brisbane,30.3,0.0,False
2024-08-12,Brisbane,28.6,6.6,True
2024-08-13,Brisbane,30.8,0.0,False
2024-08-14,Brisbane,31.1,1.6,True
2024-08-15,Brisbane,30.6,29.3,True
2024-08-16,Brisbane,30.7,0.0,False
2024-08-17,Brisbane,27.9,43.1,True
2024-08-18,Brisbane,27.6,0.0,False
2024-08-19,Brisbane,29.6,16.2,True
2024-08-20,Brisbane,30.5,0.0,False
2024-08-21,Brisbane,26.8,6.7,True
2024-08-22,Brisbane,22.0,0.0,False
2024-08-23,Brisbane,28.4,28.1,True
2024-08-24,Brisbane,23.4,5.0,True
2024-08-25,Brisbane,28.5,34.9,True
2024-08-26,Brisbane,22.8,0.0,False
2024-08-27,Brisbane,32.3,0.0,False
2024-08-28,Brisbane,27.0,16.3,True
2024-08-29,Brisbane,26.5,0.0,False
2024-08-30,Brisbane,28.1,0.0,False
2024-08-31,Brisbane,26.4,0.0,False
2024-09-01,Brisbane,28.9,0.0,False
2024-09-02,Brisbane,25.3,36.9,True
2024-09-03,Brisbane,29.8,14.0,True
2024-09-04,Brisbane,27.3,0.0,False
2024-09-05,Brisbane,26.0,0.0,False
2024-09-06,Brisbane,25.4,1.2,True
2024-09-07,Brisbane,22.7,76.0,True
2024-09-08,Brisbane,26.2,0.0,False
2024-09-09,Brisbane,29.2,15.9,True
2024-09-10,Brisbane,24.2,0.0,False
2024-09-11,Brisbane,27.3,0.0,False
2024-09-12,Brisbane,26.4,0.0,False
2024-09-13,Brisbane,24.7,2.2,True
2024-09-14,Brisbane,25.6,3.6,True
2024-09-15,Brisbane,23.5,,False
2024-09-16,Brisbane,20.4,0.0,False
2024-09-17,Brisbane,24.7,0.0,False
2024-09-18,Brisbane,23.1,14.2,True
2024-09-19,Brisbane,20.8,0.0,False
2024-09-20,Brisbane,24.7,0.0,False
2024-09-21,Brisbane,22.6,0.0,False
2024-09-22,Brisbane,22.8,14.8,True
2024-09-23,Brisbane,16.6,18.8,True
2024-09-24,Brisbane,28.8,0.0,False
2024-09-25,Brisbane,25.8,3.6,True
2024-09-26,Brisbane,21.5,19.9,True
2024-09-27,Brisbane,21.2,0.0,False
2024-09-28,Brisbane,23.5,0.0,False
2024-09-29,Brisbane,21.2,0.0,False
2024-09-30,Brisbane,20.2,0.0,False
2024-10-01,Brisbane,25.5,0.0,False
2024-10-02,Brisbane,20.6,0.0,False
2024-10-03,Brisbane,22.5,0.0,False
2024-10-04,Brisbane,22.3,0.0,False
2024-10-05,Brisbane,16.7,0.0,False
2024-10-06,Brisbane,24.6,0.0,False
2024-10-07,Brisbane,18.0,0.0,False
2024-10-08,Brisbane,17.1,0.0,False
2024-10-09,Brisbane,19.4,0.0,False
2024-10-10,Brisbane,18.4,5.9,True
2024-10-11,Brisbane,19.5,0.0,False
2024-10-12,Brisbane,22.9,12.6,True
2024-10-13,Brisbane,16.4,0.0,False
2024-10-14,Brisbane,20.9,0.0,False
2024-10-15,Brisbane,19.1,0.0,False
2024-10-16,Brisbane,13.8,0.0,False
2024-10-17,Brisbane,20.9,0.0,False
2024-10-18,Brisbane,20.2,0.0,False
2024-10-19,Brisbane,17.4,0.0,False
2024-10-20,Brisbane,20.9,0.0,False
2024-10-21,Brisbane,16.1,0.0,False
2024-10-22,Brisbane,18.2,0.0,False
2024-10-23,Brisbane,18.5,0.0,False
2024-10-24,Brisbane,18.7,0.0,False
2024-10-25,Brisbane,15.5,0.0,False
2024-10-26,Brisbane,21.7,0.0,False
2024-10-27,Brisbane,16.6,0.0,False
2024-10-28,Brisbane,14.3,0.0,False
2024-10-29,Brisbane,19.1,0.0,False
2024-10-30,Brisbane,23.1,0.0,False
2024-10-31,Brisbane,13.7,0.0,False
2024-11-01,Brisbane,15.7,0.0,False
2024-11-02,Brisbane,20.3,0.0,False
2024-11-03,Brisbane,18.0,0.0,False
2024-11-04,Brisbane,14.8,0.0,False
2024-11-05,Brisbane,17.3,3.3,True
2024-11-06,Brisbane,17.4,0.0,False
2024-11-07,Brisbane,13.7,0.0,False
2024-11-08,Brisbane,16.7,0.0,False
2024-11-09,Brisbane,19.7,0.0,False
2024-11-10,Brisbane,19.6,0.0,False
2024-11-11,Brisbane,15.7,0.0,False
2024-11-12,Brisbane,17.5,0.0,False
2024-11-13,Brisbane,20.8,0.0,False
2024-11-14,Brisbane,17.1,0.0,False
2024-11-15,Brisbane,12.2,0.0,False
2024-11-16,Brisbane,18.0,0.0,False
2024-11-17,Brisbane,17.7,0.0,False
2024-11-18,Brisbane,19.3,0.0,False
2024-11-19,Brisbane,16.8,0.0,False
2024-11-20,Brisbane,16.0,0.0,False
2024-11-21,Brisbane,14.3,0.0,False
2024-11-22,Brisbane,18.9,0.0,False
2024-11-23,Brisbane,15.7,8.9,True
2024-11-24,Brisbane,15.8,0.0,False
2024-11-25,Brisbane,19.9,0.0,False
2024-11-26,Brisbane,19.5,0.0,False
2024-11-27,Brisbane,22.5,0.0,False
2024-11-28,Brisbane,15.2,0.0,False
2024-11-29,Brisbane,15.6,0.0,False
2024-11-30,Brisbane,13.5,8.5,True
2024-12-01,Brisbane,16.8,0.0,False
2024-12-02,Brisbane,13.2,0.0,False
2024-12-03,Brisbane,17.8,0.0,False
2024-12-04,Brisbane,18.2,0.0,False
2024-12-05,Brisbane,18.6,0.0,False
2024-12-06,Brisbane,23.7,0.0,False
2024-12-07,Brisbane,16.6,0.0,False
2024-12-08,Brisbane,15.3,0.0,False
2024-12-09,Brisbane,12.0,0.0,False
2024-12-10,Brisbane,20.1,0.0,False
2024-12-11,Brisbane,13.7,0.0,False
2024-12-12,Brisbane,16.4,0.0,False
2024-12-13,Brisbane,14.3,0.0,False
2024-12-14,Brisbane,18.8,0.0,False
2024-12-15,Brisbane,15.1,0.0,False
2024-12-16,Brisbane,15.0,0.0,False
2024-12-17,Brisbane,21.2,0.0,False
2024-12-18,Brisbane,14.5,0.0,False
2024-12-19,Brisbane,17.2,0.0,False
2024-12-20,Brisbane,18.8,,False
2024-12-21,Brisbane,17.8,0.0,False
2024-12-22,Brisbane,18.6,0.0,False
2024-12-23,Brisbane,20.9,0.0,False
2024-12-24,Brisbane,18.3,0.0,False
2024-12-25,Brisbane,20.8,0.0,False
2024-12-26,Brisbane,16.6,0.0,False
2024-12-27,Brisbane,15.7,0.0,False
2024-12-28,Brisbane,19.9,0.0,False
2024-12-29,Brisbane,18.2,0.0,False
2024-12-30,Brisbane,13.1,0.0,False
2024-12-31,Brisbane,16.6,0.0,False
2025-01-01,Brisbane,19.2,0.0,False
2025-01-02,Brisbane,18.3,0.0,False
2025-01-03,Brisbane,16.7,0.0,False
2025-01-04,Brisbane,18.7,0.0,False
2025-01-05,Brisbane,19.1,0.0,False
2025-01-06,Brisbane,14.8,0.0,False
2025-01-07,Brisbane,21.8,0.0,False
2025-01-08,Brisbane,22.6,0.0,False
2025-01-09,Brisbane,17.4,4.7,True
2025-01-10,Brisbane,22.9,0.0,False
2025-01-11,Brisbane,19.9,0.0,False
2025-01-12,Brisbane,20.0,0.0,False
2025-01-13,Brisbane,19.6,0.0,False
2025-01-14,Brisbane,19.6,0.0,False
2025-01-15,Brisbane,16.6,0.0,False
2025-01-16,Brisbane,18.2,0.0,False
2025-01-17,Brisbane,16.2,6.8,True
2025-01-18,Brisbane,20.5,0.0,False
2025-01-19,Brisbane,24.8,0.0,False
2025-01-20,Brisbane,25.5,0.0,False
2025-01-21,Brisbane,24.3,0.0,False
2025-01-22,Brisbane,21.8,0.0,False
2025-01-23,Brisbane,23.3,0.0,False
2025-01-24,Brisbane,20.4,0.0,False
2025-01-25,Brisbane,24.2,0.0,False
2025-01-26,Brisbane,20.0,0.8,True
2025-01-27,Brisbane,23.7,0.0,False
2025-01-28,Brisbane,23.8,11.5,True
2025-01-29,Brisbane,25.8,0.0,False
2025-01-30,Brisbane,26.2,0.0,False
2025-01-31,Brisbane,17.0,0.0,False
2025-02-01,Brisbane,24.8,0.0,False
2025-02-02,Brisbane,20.1,0.0,False
2025-02-03,Brisbane,28.7,0.0,False
2025-02-04,Brisbane,19.7,0.0,False
2025-02-05,Brisbane,18.9,0.0,False
2025-02-06,Brisbane,25.6,0.0,False
2025-02-07,Brisbane,22.3,0.0,False
2025-02-08,Brisbane,22.4,13.0,True
2025-02-09,Brisbane,22.2,0.0,False
2025-02-10,Brisbane,22.0,0.0,False
2025-02-11,Brisbane,25.9,0.0,False
2025-02-12,Brisbane,21.1,0.0,False
2025-02-13,Brisbane,29.7,0.0,False
2025-02-14,Brisbane,24.0,25.1,True
2025-02-15,Brisbane,23.5,0.0,False
2025-02-16,Brisbane,25.9,0.0,False
2025-02-17,Brisbane,26.4,0.0,False
2025-02-18,Brisbane,29.1,0.0,False
2025-02-19,Brisbane,31.1,0.0,False
2025-02-20,Brisbane,23.8,0.0,False
2025-02-21,Brisbane,27.4,0.0,False
2025-02-22,Brisbane,24.6,0.0,False
2025-02-23,Brisbane,27.4,0.0,False
2025-02-24,Brisbane,27.4,0.0,False
2025-02-25,Brisbane,27.5,0.0,False
2025-02-26,Brisbane,28.5,0.0,False
2025-02-27,Brisbane,27.0,0.0,False
2025-02-28,Brisbane,25.9,0.0,False
2025-03-01,Brisbane,27.3,0.0,False
2025-03-02,Brisbane,32.7,0.0,False
2025-03-03,Brisbane,25.9,0.0,False
2025-03-04,Brisbane,26.7,0.0,False
2025-03-05,Brisbane,25.8,0.0,False
2025-03-06,Brisbane,23.4,0.0,False
2025-03-07,Brisbane,27.9,0.0,False
2025-03-08,Brisbane,29.8,0.0,False
2025-03-09,Brisbane,26.1,0.0,False
2025-03-10,Brisbane,32.0,0.0,False
2025-03-11,Brisbane,29.8,0.0,False
2025-03-12,Brisbane,31.5,0.0,False
2025-03-13,Brisbane,29.9,10.6,True
2025-03-14,Brisbane,28.2,0.0,False
2025-03-15,Brisbane,31.0,0.0,False
2025-03-16,Brisbane,32.1,,False
2025-03-17,Brisbane,27.6,,False
2025-03-18,Brisbane,28.5,8.7,True
2025-03-19,Brisbane,34.9,0.0,False
2025-03-20,Brisbane,30.5,0.0,False
2025-03-21,Brisbane,30.9,0.0,False
2025-03-22,Brisbane,34.6,0.0,False
2025-03-23,Brisbane,31.7,0.0,False
2025-03-24,Brisbane,30.8,0.0,False
2025-03-25,Brisbane,33.6,0.0,False
2025-03-26,Brisbane,33.1,0.0,False
2025-03-27,Brisbane,31.9,0.0,False
2025-03-28,Brisbane,32.3,0.0,False
2025-03-29,Brisbane,30.9,0.0,False
2025-03-30,Brisbane,29.1,0.0,False
2025-03-31,Brisbane,33.4,0.0,False
2025-04-01,Brisbane,28.5,0.0,False
2025-04-02,Brisbane,29.6,0.0,False
2025-04-03,Brisbane,31.9,0.0,False
2025-04-04,Brisbane,31.8,0.0,False
2025-04-05,Brisbane,34.5,0.0,False
2025-04-06,Brisbane,35.3,0.0,False
2025-04-07,Brisbane,38.3,0.0,False
2025-04-08,Brisbane,29.1,0.0,False
2025-04-09,Brisbane,34.4,0.0,False
2025-04-10,Brisbane,34.4,0.0,False
2025-04-11,Brisbane,34.2,0.0,False
2025-04-12,Brisbane,35.1,0.0,False
2025-04-13,Brisbane,35.8,,False
2025-04-14,Brisbane,37.4,0.0,False
2025-04-15,Brisbane,34.8,0.0,False
2025-04-16,Brisbane,38.5,0.0,False
2025-04-17,Brisbane,35.1,0.0,False
2025-04-18,Brisbane,33.3,0.0,False
2025-04-19,Brisbane,35.1,0.0,False
2025-04-20,Brisbane,32.5,0.0,False
2025-04-21,Brisbane,32.8,0.0,False
2025-04-22,Brisbane,34.5,0.0,False
2025-04-23,Brisbane,34.3,0.0,False
2025-04-24,Brisbane,38.5,0.0,False
2025-04-25,Brisbane,34.8,0.0,False
2025-04-26,Brisbane,32.8,0.0,False
2025-04-27,Brisbane,35.4,0.0,False
2025-04-28,Brisbane,36.2,0.0,False
2025-04-29,Brisbane,35.9,0.0,False
2025-04-30,Brisbane,33.1,0.0,False
2025-05-01,Brisbane,39.5,10.7,True
2025-05-02,Brisbane,36.7,0.0,False
2025-05-03,Brisbane,34.7,0.0,False
2025-05-04,Brisbane,33.3,0.0,False
2025-05-05,Brisbane,36.6,0.0,False
2025-05-06,Brisbane,36.7,0.0,False
2025-05-07,Brisbane,35.0,0.0,False
2025-05-08,Brisbane,39.1,0.0,False
2025-05-09,Brisbane,33.2,0.0,False
2025-05-10,Brisbane,38.4,0.0,False
2025-05-11,Brisbane,40.9,0.0,False
2025-05-12,Brisbane,39.6,0.0,False
2025-05-13,Brisbane,39.1,0.0,False
2025-05-14,Brisbane,33.4,0.0,False
2025-05-15,Brisbane,39.1,0.0,False
2025-05-16,Brisbane,36.0,0.0,False
2025-05-17,Brisbane,38.4,9.9,True
2025-05-18,Brisbane,35.9,0.0,False
2025-05-19,Brisbane,35.4,0.0,False
2025-05-20,Brisbane,38.9,0.0,False
2025-05-21,Brisbane,32.5,0.0,False
2025-05-22,Brisbane,36.9,0.0,False
2025-05-23,Brisbane,30.8,0.0,False
2025-05-24,Brisbane,38.3,0.0,False
2025-05-25,Brisbane,39.1,0.0,False
2025-05-26,Brisbane,37.4,0.0,False
2025-05-27,Brisbane,35.9,0.0,False
2025-05-28,Brisbane,40.5,0.0,False
2025-05-29,Brisbane,40.7,0.0,False
2025-05-30,Brisbane,37.9,0.0,False
2025-05-31,Brisbane,41.1,0.0,False
2025-06-01,Brisbane,35.0,13.6,True
2025-06-02,Brisbane,36.4,0.0,False
2025-06-03,Brisbane,37.8,4.6,True
2025-06-04,Brisbane,34.1,11.9,True
2025-06-05,Brisbane,42.7,17.3,True
2025-06-06,Brisbane,32.4,0.0,False
2025-06-07,Brisbane,35.4,2.2,True
2025-06-08,Brisbane,34.6,8.9,True
2025-06-09,Brisbane,37.2,,False
2025-06-10,Brisbane,37.6,0.0,False
2025-06-11,Brisbane,33.1,0.0,False
2025-06-12,Brisbane,38.6,2.3,True
2025-06-13,Brisbane,39.1,0.0,False
2025-06-14,Brisbane,34.8,0.0,False
2025-06-15,Brisbane,36.7,0.0,False
2025-06-16,Brisbane,35.2,8.9,True
2025-06-17,Brisbane,36.7,17.0,True
2025-06-18,Brisbane,37.1,1.1,True
2025-06-19,Brisbane,35.0,10.9,True
2025-06-20,Brisbane,34.7,,True
2025-06-21,Brisbane,38.8,0.0,False
2025-06-22,Brisbane,34.4,4.3,True
2025-06-23,Brisbane,35.7,9.9,True
2025-06-24,Brisbane,36.0,15.4,True
2025-06-25,Brisbane,30.2,2.1,True
2025-06-26,Brisbane,33.3,0.0,False
2025-06-27,Brisbane,32.3,0.0,False
2025-06-28,Brisbane,37.1,0.0,False
2025-06-29,Brisbane,35.6,0.0,False
2025-06-30,Brisbane,37.6,0.0,False
2025-07-01,Brisbane,36.3,19.3,True
2025-07-02,Brisbane,31.7,13.8,True
2025-07-03,Brisbane,34.1,0.0,False
2025-07-04,Brisbane,38.5,,True
2025-07-05,Brisbane,31.5,,True
2025-07-06,Brisbane,38.8,10.8,True
2025-07-07,Brisbane,33.5,0.0,False
2025-07-08,Brisbane,34.9,0.0,False
2025-07-09,Brisbane,37.6,5.2,True
2025-07-10,Brisbane,31.8,13.2,True
2025-07-11,Brisbane,33.2,40.4,True
2025-07-12,Brisbane,33.5,0.0,False
2025-07-13,Brisbane,32.1,0.0,False
2025-07-14,Brisbane,34.3,31.9,True
2025-07-15,Brisbane,33.5,26.3,True
2025-07-16,Brisbane,33.4,0.0,False
2025-07-17,Brisbane,33.9,3.2,True
2025-07-18,Brisbane,34.4,0.0,False
2025-07-19,Brisbane,33.7,6.1,True
2025-07-20,Brisbane,36.1,0.0,False
2025-07-21,Brisbane,33.6,0.0,False
2025-07-22,Brisbane,32.8,0.0,False
2025-07-23,Brisbane,33.2,0.5,True
2025-07-24,Brisbane,34.9,0.0,False
2025-07-25,Brisbane,37.3,0.0,False
2025-07-26,Brisbane,34.4,0.0,False
2025-07-27,Brisbane,34.7,33.7,True
2025-07-28,Brisbane,33.3,0.0,False
2025-07-29,Brisbane,30.4,9.0,True
2025-07-30,Brisbane,29.8,0.0,False
2025-07-31,Brisbane,31.1,0.0,False
2025-08-01,Brisbane,37.1,3.2,True
2025-08-02,Brisbane,27.1,6.6,True
2025-08-03,Brisbane,32.1,13.7,True
2025-08-04,Brisbane,37.8,5.9,True
2025-08-05,Brisbane,30.7,5.2,True
2025-08-06,Brisbane,31.9,4.0,True
2025-08-07,Brisbane,31.0,66.0,True
2025-08-08,Brisbane,33.6,0.0,False
2025-08-09,Brisbane,28.3,0.0,False
2025-08-10,Brisbane,34.8,0.0,False
2025-08-11,Brisbane,28.5,140.8,True
2025-08-12,Brisbane,32.5,38.4,True
2025-08-13,Brisbane,28.4,0.0,False
2025-08-14,Brisbane,30.5,0.0,False
2025-08-15,Brisbane,33.0,0.0,False
2025-08-16,Brisbane,28.9,0.0,False
2025-08-17,Brisbane,32.3,10.4,True
2025-08-18,Brisbane,24.8,0.0,False
2025-08-19,Brisbane,30.2,0.0,False
2025-08-20,Brisbane,33.3,25.7,True
2025-08-21,Brisbane,28.2,0.0,False
2025-08-22,Brisbane,28.0,26.2,True
2025-08-23,Brisbane,26.1,9.1,True
2025-08-24,Brisbane,25.5,95.7,True
2025-08-25,Brisbane,29.2,6.5,True
2025-08-26,Brisbane,25.5,0.0,False
2025-08-27,Brisbane,26.2,5.8,True
2025-08-28,Brisbane,25.0,0.9,True
2025-08-29,Brisbane,29.3,37.9,True
2025-08-30,Brisbane,24.2,19.0,True
2025-08-31,Brisbane,23.8,4.1,True
2025-09-01,Brisbane,24.6,0.0,False
2025-09-02,Brisbane,23.3,9.6,True
2025-09-03,Brisbane,25.3,18.6,True
2025-09-04,Brisbane,22.1,18.6,True
2025-09-05,Brisbane,22.7,4.2,True
2025-09-06,Brisbane,23.9,0.0,False
2025-09-07,Brisbane,21.9,19.2,True
2025-09-08,Brisbane,25.7,6.6,True
2025-09-09,Brisbane,23.8,0.0,False
2025-09-10,Brisbane,29.8,0.0,False
2025-09-11,Brisbane,24.7,0.0,False
2025-09-12,Brisbane,24.7,0.0,False
2025-09-13,Brisbane,26.6,1.0,True
2025-09-14,Brisbane,24.5,11.7,True
2025-09-15,Brisbane,22.7,,False
2025-09-16,Brisbane,26.6,0.0,False
2025-09-17,Brisbane,25.1,25.7,True
2025-09-18,Brisbane,24.9,6.9,True
2025-09-19,Brisbane,24.9,,True
2025-09-20,Brisbane,21.0,17.9,True
2025-09-21,Brisbane,18.0,7.5,True
2025-09-22,Brisbane,25.8,0.0,False
2025-09-23,Brisbane,26.7,0.0,False
2025-09-24,Brisbane,19.5,14.3,True
2025-09-25,Brisbane,22.6,26.4,True
2025-09-26,Brisbane,21.6,0.0,False
2025-09-27,Brisbane,17.5,8.7,True
2025-09-28,Brisbane,20.7,0.0,False
2025-09-29,Brisbane,19.2,0.0,False
2025-09-30,Brisbane,29.1,6.0,True
2025-10-01,Brisbane,24.0,0.0,False
2025-10-02,Brisbane,17.8,29.7,True
2025-10-03,Brisbane,24.3,0.0,False
2025-10-04,Brisbane,21.9,0.0,False
2025-10-05,Brisbane,20.9,0.0,False
2025-10-06,Brisbane,19.0,32.1,True
2025-10-07,Brisbane,19.9,0.0,False
2025-10-08,Brisbane,23.4,0.0,False
2025-10-09,Brisbane,18.1,0.0,False
2025-10-10,Brisbane,18.3,0.0,False
2025-10-11,Brisbane,18.2,0.0,False
2025-10-12,Brisbane,22.3,0.0,False
2025-10-13,Brisbane,22.8,0.0,False
2025-10-14,Brisbane,19.0,0.0,False
2025-10-15,Brisbane,19.5,0.0,False
2025-10-16,Brisbane,22.3,0.0,False
2025-10-17,Brisbane,23.5,0.0,False
2025-10-18,Brisbane,19.5,0.0,False
2025-10-19,Brisbane,15.6,0.0,False
2025-10-20,Brisbane,17.1,0.0,False
2025-10-21,Brisbane,21.4,0.0,False
2025-10-22,Brisbane,21.4,0.0,False
2025-10-23,Brisbane,20.6,0.0,False
2025-10-24,Brisbane,17.0,0.0,False
2025-10-25,Brisbane,21.1,0.0,False
2025-10-26,Brisbane,17.0,0.0,False
2025-10-27,Brisbane,19.2,0.0,False
2025-10-28,Brisbane,18.4,,False
2025-10-29,Brisbane,17.3,0.0,False
2025-10-30,Brisbane,19.8,0.0,False
2025-10-31,Brisbane,20.2,0.0,False
2025-11-01,Brisbane,16.2,,False
2025-11-02,Brisbane,18.1,0.0,False
2025-11-03,Brisbane,19.8,0.0,False
2025-11-04,Brisbane,11.6,0.0,False
2025-11-05,Brisbane,18.7,0.0,False
2025-11-06,Brisbane,19.6,0.0,False
2025-11-07,Brisbane,18.7,0.0,False
2025-11-08,Brisbane,18.8,0.0,False
2025-11-09,Brisbane,17.3,0.0,False
2025-11-10,Brisbane,19.2,0.0,False
2025-11-11,Brisbane,14.4,0.0,False
2025-11-12,Brisbane,15.3,0.0,False
2025-11-13,Brisbane,18.4,0.0,False
2025-11-14,Brisbane,19.0,0.0,False
2025-11-15,Brisbane,20.1,0.0,False
2025-11-16,Brisbane,20.7,0.0,False
2025-11-17,Brisbane,21.1,0.0,False
2025-11-18,Brisbane,15.3,0.0,False
2025-11-19,Brisbane,14.4,0.0,False
2025-11-20,Brisbane,19.3,0.0,False
2025-11-21,Brisbane,15.9,0.0,False
2025-11-22,Brisbane,16.8,0.0,False
2025-11-23,Brisbane,18.9,0.0,False
2025-11-24,Brisbane,17.4,0.0,False
2025-11-25,Brisbane,18.6,0.0,False
2025-11-26,Brisbane,14.9,0.0,False
2025-11-27,Brisbane,17.6,0.0,False
2025-11-28,Brisbane,17.6,16.5,True
2025-11-29,Brisbane,14.4,,False
2025-11-30,Brisbane,17.1,0.0,False
2025-12-01,Brisbane,15.7,0.0,False
2025-12-02,Brisbane,12.7,0.0,False
2025-12-03,Brisbane,22.0,0.0,False
2025-12-04,Brisbane,14.7,0.0,False
2025-12-05,Brisbane,16.9,0.0,False
2025-12-06,Brisbane,16.8,0.0,False
2025-12-07,Brisbane,16.5,0.0,False
2025-12-08,Brisbane,14.2,27.7,True
2025-12-09,Brisbane,20.6,0.0,False
2025-12-10,Brisbane,11.5,0.0,False
2025-12-11,Brisbane,20.5,0.0,False
2025-12-12,Brisbane,20.6,0.0,False
2025-12-13,Brisbane,14.0,1.9,True
2025-12-14,Brisbane,21.2,0.0,False
2025-12-15,Brisbane,17.4,0.0,False
2025-12-16,Brisbane,18.4,0.0,False
2025-12-17,Brisbane,15.6,0.0,False
2025-12-18,Brisbane,20.9,11.0,True
2025-12-19,Brisbane,12.8,0.0,False
2025-12-20,Brisbane,20.0,0.0,False
2025-12-21,Brisbane,14.4,0.0,False
2025-12-22,Brisbane,17.9,0.0,False
2025-12-23,Brisbane,16.2,19.6,True
2025-12-24,Brisbane,23.9,0.0,False
2025-12-25,Brisbane,17.0,10.6,True
2025-12-26,Brisbane,13.9,0.0,False
2025-12-27,Brisbane,17.5,0.0,False
2025-12-28,Brisbane,16.1,20.8,True
2025-12-29,Brisbane,18.9,0.0,False
2025-12-30,Brisbane,18.8,0.0,False
2025-12-31,Brisbane,16.3,0.0,False
2024-01-01,Adelaide,17.6,0.0,False
2024-01-02,Adelaide,19.4,0.0,False
2024-01-03,Adelaide,18.7,0.0,False
2024-01-04,Adelaide,21.7,0.0,False
2024-01-05,Adelaide,19.5,0.0,False
2024-01-06,Adelaide,20.5,0.0,False
2024-01-07,Adelaide,14.0,4.4,True
2024-01-08,Adelaide,22.8,0.0,False
2024-01-09,Adelaide,17.9,0.0,False
2024-01-10,Adelaide,20.0,0.0,False
2024-01-11,Adelaide,19.7,,False
2024-01-12,Adelaide,19.7,0.0,False
2024-01-13,Adelaide,21.6,0.0,False
2024-01-14,Adelaide,18.0,0.0,False
2024-01-15,Adelaide,18.9,0.0,False
2024-01-16,Adelaide,16.1,12.2,True
2024-01-17,Adelaide,19.9,0.0,False
2024-01-18,Adelaide,21.4,0.0,False
2024-01-19,Adelaide,19.5,0.0,False
2024-01-20,Adelaide,20.4,0.0,False
2024-01-21,Adelaide,17.9,27.1,True
2024-01-22,Adelaide,15.0,0.0,False
2024-01-23,Adelaide,22.6,0.0,False
2024-01-24,Adelaide,19.6,0.0,False
2024-01-25,Adelaide,20.5,0.0,False
2024-01-26,Adelaide,20.2,0.0,False
2024-01-27,Adelaide,24.6,0.0,False
2024-01-28,Adelaide,17.4,0.0,False
2024-01-29,Adelaide,21.4,14.3,True
2024-01-30,Adelaide,22.6,0.0,False
2024-01-31,Adelaide,23.5,0.0,False
2024-02-01,Adelaide,21.6,0.0,False
2024-02-02,Adelaide,25.4,0.0,False
2024-02-03,Adelaide,24.3,35.7,True
2024-02-04,Adelaide,22.8,0.0,False
2024-02-05,Adelaide,20.6,0.0,False
2024-02-06,Adelaide,22.9,0.0,False
2024-02-07,Adelaide,26.9,0.0,False
2024-02-08,Adelaide,21.7,0.0,False
2024-02-09,Adelaide,24.0,0.0,False
2024-02-10,Adelaide,24.5,13.5,True
2024-02-11,Adelaide,18.6,0.0,False
2024-02-12,Adelaide,25.5,0.0,False
2024-02-13,Adelaide,27.4,0.0,False
2024-02-14,Adelaide,27.8,0.0,False
2024-02-15,Adelaide,27.2,0.0,False
2024-02-16,Adelaide,24.8,0.0,False
2024-02-17,Adelaide,25.6,0.0,False
2024-02-18,Adelaide,21.6,0.0,False
2024-02-19,Adelaide,23.3,0.0,False
2024-02-20,Adelaide,24.6,0.0,False
2024-02-21,Adelaide,22.9,0.0,False
2024-02-22,Adelaide,24.8,0.0,False
2024-02-23,Adelaide,26.0,0.0,False
2024-02-24,Adelaide,28.3,0.0,False
2024-02-25,Adelaide,27.0,0.0,False
2024-02-26,Adelaide,33.0,0.0,False
2024-02-27,Adelaide,26.3,0.0,False
2024-02-28,Adelaide,25.4,0.0,False
2024-02-29,Adelaide,25.0,0.0,False
2024-03-01,Adelaide,25.8,0.0,False
2024-03-02,Adelaide,24.4,0.0,False
2024-03-03,Adelaide,26.9,0.0,False
2024-03-04,Adelaide,30.6,3.0,True
2024-03-05,Adelaide,26.2,0.0,False
2024-03-06,Adelaide,27.1,0.0,False
2024-03-07,Adelaide,26.0,0.0,False
2024-03-08,Adelaide,30.2,0.0,False
2024-03-09,Adelaide,27.4,1.8,True
2024-03-10,Adelaide,27.7,0.0,False
2024-03-11,Adelaide,31.4,0.0,False
2024-03-12,Adelaide,28.6,0.0,False
2024-03-13,Adelaide,30.1,4.6,True
2024-03-14,Adelaide,32.5,0.0,False
2024-03-15,Adelaide,33.0,4.3,True
2024-03-16,Adelaide,32.2,0.0,False
2024-03-17,Adelaide,32.2,29.8,True
2024-03-18,Adelaide,28.7,0.0,False
2024-03-19,Adelaide,29.7,,False
2024-03-20,Adelaide,25.4,0.0,False
2024-03-21,Adelaide,28.0,19.8,True
2024-03-22,Adelaide,28.7,0.0,False
2024-03-23,Adelaide,31.3,0.0,False
2024-03-24,Adelaide,29.6,0.0,False
2024-03-25,Adelaide,33.2,,True
2024-03-26,Adelaide,31.4,0.0,False
2024-03-27,Adelaide,35.1,0.0,False
2024-03-28,Adelaide,30.8,0.0,False
2024-03-29,Adelaide,36.7,0.0,False
2024-03-30,Adelaide,30.1,0.6,True
2024-03-31,Adelaide,30.2,,False
2024-04-01,Adelaide,36.1,0.0,False
2024-04-02,Adelaide,36.1,0.0,False
2024-04-03,Adelaide,33.4,0.0,False
2024-04-04,Adelaide,33.5,18.8,True
2024-04-05,Adelaide,32.4,0.0,False
2024-04-06,Adelaide,32.4,0.0,False
2024-04-07,Adelaide,29.6,0.0,False
2024-04-08,Adelaide,29.7,0.0,False
2024-04-09,Adelaide,29.5,0.0,False
2024-04-10,Adelaide,30.7,0.0,False
2024-04-11,Adelaide,31.1,0.0,False
2024-04-12,Adelaide,34.4,0.0,False
2024-04-13,Adelaide,33.6,0.0,False
2024-04-14,Adelaide,37.2,0.0,False
2024-04-15,Adelaide,35.2,0.0,False
2024-04-16,Adelaide,35.4,0.0,False
2024-04-17,Adelaide,32.8,0.0,False
2024-04-18,Adelaide,37.7,0.0,False
2024-04-19,Adelaide,29.8,0.0,False
2024-04-20,Adelaide,33.0,0.0,False
2024-04-21,Adelaide,31.7,0.0,False
2024-04-22,Adelaide,39.3,0.0,False
2024-04-23,Adelaide,35.6,0.0,False
2024-04-24,Adelaide,31.0,0.0,False
2024-04-25,Adelaide,31.0,0.0,False
2024-04-26,Adelaide,36.3,0.0,False
2024-04-27,Adelaide,35.8,0.0,False
2024-04-28,Adelaide,40.4,8.1,True
2024-04-29,Adelaide,37.4,0.0,False
2024-04-30,Adelaide,30.7,0.0,False
2024-05-01,Adelaide,34.4,0.0,False
2024-05-02,Adelaide,35.0,0.0,False
2024-05-03,Adelaide,33.1,0.0,False
2024-05-04,Adelaide,37.3,11.1,True
2024-05-05,Adelaide,35.3,0.0,False
2024-05-06,Adelaide,38.8,0.0,False
2024-05-07,Adelaide,37.3,0.0,False
2024-05-08,Adelaide,38.5,0.0,False
2024-05-09,Adelaide,39.4,0.0,False
2024-05-10,Adelaide,34.1,0.0,False
2024-05-11,Adelaide,35.6,0.0,False
2024-05-12,Adelaide,34.8,0.0,False
2024-05-13,Adelaide,33.1,0.0,False
2024-05-14,Adelaide,36.3,0.0,False
2024-05-15,Adelaide,33.5,0.0,False
2024-05-16,Adelaide,34.8,33.9,True
2024-05-17,Adelaide,35.4,0.0,False
2024-05-18,Adelaide,39.3,0.0,False
2024-05-19,Adelaide,37.2,0.0,False
2024-05-20,Adelaide,36.4,0.0,False
2024-05-21,Adelaide,37.8,0.0,False
2024-05-22,Adelaide,32.2,0.0,False
2024-05-23,Adelaide,37.8,43.1,True
2024-05-24,Adelaide,33.7,0.0,False
2024-05-25,Adelaide,35.1,0.0,False
2024-05-26,Adelaide,39.1,0.0,False
2024-05-27,Adelaide,36.7,0.0,False
2024-05-28,Adelaide,36.7,0.0,False
2024-05-29,Adelaide,33.0,0.0,False
2024-05-30,Adelaide,35.4,12.1,True
2024-05-31,Adelaide,38.6,0.0,False
2024-06-01,Adelaide,37.7,4.0,True
2024-06-02,Adelaide,37.0,0.0,False
2024-06-03,Adelaide,34.4,0.4,True
2024-06-04,Adelaide,37.5,19.4,True
2024-06-05,Adelaide,34.8,11.8,True
2024-06-06,Adelaide,34.1,60.7,True
2024-06-07,Adelaide,38.9,0.0,False
2024-06-08,Adelaide,35.9,7.5,True
2024-06-09,Adelaide,41.5,0.0,False
2024-06-10,Adelaide,40.0,23.6,True
2024-06-11,Adelaide,36.0,3.0,True
2024-06-12,Adelaide,35.0,6.9,True
2024-06-13,Adelaide,34.4,52.1,True
2024-06-14,Adelaide,36.6,40.9,True
2024-06-15,Adelaide,33.7,0.0,False
2024-06-16,Adelaide,36.3,10.3,True
2024-06-17,Adelaide,37.8,5.4,True
2024-06-18,Adelaide,38.5,0.0,False
2024-06-19,Adelaide,38.5,4.4,True
2024-06-20,Adelaide,34.6,7.5,True
2024-06-21,Adelaide,35.1,0.0,False
2024-06-22,Adelaide,33.6,41.0,True
2024-06-23,Adelaide,34.4,0.0,False
2024-06-24,Adelaide,41.4,1.6,True
2024-06-25,Adelaide,41.2,0.0,False
2024-06-26,Adelaide,34.2,26.3,True
2024-06-27,Adelaide,38.5,19.3,True
2024-06-28,Adelaide,33.4,8.2,True
2024-06-29,Adelaide,36.3,19.0,True
2024-06-30,Adelaide,37.8,0.0,False
2024-07-01,Adelaide,32.6,0.0,False
2024-07-02,Adelaide,40.2,0.0,False
2024-07-03,Adelaide,31.2,0.0,False
2024-07-04,Adelaide,34.1,0.0,False
2024-07-05,Adelaide,35.2,60.6,True
2024-07-06,Adelaide,33.4,9.0,True
2024-07-07,Adelaide,34.7,0.0,False
2024-07-08,Adelaide,36.4,18.6,True
2024-07-09,Adelaide,32.0,0.0,False
2024-07-10,Adelaide,31.2,3.6,True
2024-07-11,Adelaide,36.9,0.0,False
2024-07-12,Adelaide,33.7,14.9,True
2024-07-13,Adelaide,33.7,0.0,False
2024-07-14,Adelaide,32.4,0.0,False
2024-07-15,Adelaide,38.2,25.5,True
2024-07-16,Adelaide,35.4,0.0,False
2024-07-17,Adelaide,34.7,16.2,True
2024-07-18,Adelaide,31.7,0.0,False
2024-07-19,Adelaide,36.7,25.8,True
2024-07-20,Adelaide,34.5,0.0,False
2024-07-21,Adelaide,32.0,0.2,True
2024-07-22,Adelaide,32.4,6.2,True
2024-07-23,Adelaide,31.0,0.7,True
2024-07-24,Adelaide,36.0,,True
2024-07-25,Adelaide,30.5,0.0,False
2024-07-26,Adelaide,30.9,0.0,False
2024-07-27,Adelaide,32.8,6.1,True
2024-07-28,Adelaide,32.5,0.0,False
2024-07-29,Adelaide,33.3,35.5,True
2024-07-30,Adelaide,31.2,31.9,True
2024-07-31,Adelaide,33.5,3.3,True
2024-08-01,Adelaide,31.2,0.0,False
2024-08-02,Adelaide,27.2,2.6,True
2024-08-03,Adelaide,36.0,0.0,False
2024-08-04,Adelaide,31.4,31.6,True
2024-08-05,Adelaide,34.3,0.0,False
2024-08-06,Adelaide,33.3,37.1,True
2024-08-07,Adelaide,28.5,15.1,True
2024-08-08,Adelaide,27.6,0.0,False
2024-08-09,Adelaide,29.4,0.0,False
2024-08-10,Adelaide,30.6,0.0,False
2024-08-11,Adelaide,30.6,12.6,True
2024-08-12,Adelaide,32.2,0.0,False
2024-08-13,Adelaide,28.7,27.1,True
2024-08-14,Adelaide,28.3,0.0,False
2024-08-15,Adelaide,28.8,18.7,True
2024-08-16,Adelaide,33.2,0.0,False
2024-08-17,Adelaide,34.0,14.4,True
2024-08-18,Adelaide,27.7,4.1,True
2024-08-19,Adelaide,25.1,0.0,False
2024-08-20,Adelaide,25.5,7.1,True
2024-08-21,Adelaide,31.3,5.8,True
2024-08-22,Adelaide,31.4,4.0,True
2024-08-23,Adelaide,30.0,0.0,False
2024-08-24,Adelaide,28.1,0.0,False
2024-08-25,Adelaide,27.1,0.0,False
2024-08-26,Adelaide,28.6,24.6,True
2024-08-27,Adelaide,26.6,1.6,True
2024-08-28,Adelaide,19.5,0.0,False
2024-08-29,Adelaide,26.7,0.0,False
2024-08-30,Adelaide,27.9,12.1,True
2024-08-31,Adelaide,29.3,0.0,False
2024-09-01,Adelaide,24.0,0.0,False
2024-09-02,Adelaide,28.9,11.2,True
2024-09-03,Adelaide,27.6,0.0,False
2024-09-04,Adelaide,23.3,0.8,True
2024-09-05,Adelaide,26.4,0.0,False
2024-09-06,Adelaide,23.4,0.0,False
2024-09-07,Adelaide,26.9,0.6,True
2024-09-08,Adelaide,20.7,0.0,False
2024-09-09,Adelaide,29.1,0.0,False
2024-09-10,Adelaide,27.6,4.6,True
2024-09-11,Adelaide,22.6,11.0,True
2024-09-12,Adelaide,25.7,0.0,False
2024-09-13,Adelaide,21.0,33.4,True
2024-09-14,Adelaide,21.2,0.0,False
2024-09-15,Adelaide,24.2,0.0,False
2024-09-16,Adelaide,24.1,0.0,True
2024-09-17,Adelaide,27.0,0.0,False
2024-09-18,Adelaide,24.1,9.2,True
2024-09-19,Adelaide,25.0,4.8,True
2024-09-20,Adelaide,23.9,0.0,False
2024-09-21,Adelaide,21.4,41.4,True
2024-09-22,Adelaide,23.3,43.6,True
2024-09-23,Adelaide,22.3,0.0,False
2024-09-24,Adelaide,26.3,7.3,True
2024-09-25,Adelaide,19.4,12.8,True
2024-09-26,Adelaide,24.7,44.3,True
2024-09-27,Adelaide,19.2,12.2,True
2024-09-28,Adelaide,24.1,1.1,True
2024-09-29,Adelaide,21.7,0.0,False
2024-09-30,Adelaide,23.4,0.0,False
2024-10-01,Adelaide,25.2,0.7,True
2024-10-02,Adelaide,22.2,0.0,False
2024-10-03,Adelaide,17.3,0.0,False
2024-10-04,Adelaide,20.1,0.0,False
2024-10-05,Adelaide,21.4,0.0,False
2024-10-06,Adelaide,19.7,0.0,False
2024-10-07,Adelaide,20.3,0.0,False
2024-10-08,Adelaide,19.1,0.0,False
2024-10-09,Adelaide,25.0,0.0,False
2024-10-10,Adelaide,27.5,33.4,True
2024-10-11,Adelaide,19.2,0.0,False
2024-10-12,Adelaide,20.7,0.0,False
2024-10-13,Adelaide,18.1,12.1,True
2024-10-14,Adelaide,21.0,0.0,False
2024-10-15,Adelaide,17.4,0.0,False
2024-10-16,Adelaide,17.3,0.0,False
2024-10-17,Adelaide,19.1,21.9,True
2024-10-18,Adelaide,19.9,0.0,False
2024-10-19,Adelaide,19.1,0.0,False
2024-10-20,Adelaide,20.9,0.0,False
2024-10-21,Adelaide,17.9,0.0,False
2024-10-22,Adelaide,18.7,0.0,False
2024-10-23,Adelaide,22.0,0.0,False
2024-10-24,Adelaide,20.6,0.0,False
2024-10-25,Adelaide,18.6,0.0,False
2024-10-26,Adelaide,13.2,0.0,False
2024-10-27,Adelaide,19.2,0.0,False
2024-10-28,Adelaide,18.2,0.0,False
2024-10-29,Adelaide,14.9,0.0,False
2024-10-30,Adelaide,12.1,0.0,False
2024-10-31,Adelaide,22.2,0.0,False
2024-11-01,Adelaide,15.9,0.0,False
2024-11-02,Adelaide,17.0,0.0,False
2024-11-03,Adelaide,24.3,0.0,False
2024-11-04,Adelaide,15.2,0.0,False
2024-11-05,Adelaide,17.4,0.0,False
2024-11-06,Adelaide,21.0,0.0,False
2024-11-07,Adelaide,22.3,0.0,False
2024-11-08,Adelaide,18.7,0.0,False
2024-11-09,Adelaide,20.6,0.0,False
2024-11-10,Adelaide,16.8,0.0,False
2024-11-11,Adelaide,11.3,0.0,False
2024-11-12,Adelaide,20.1,0.0,False
2024-11-13,Adelaide,17.1,0.0,False
2024-11-14,Adelaide,16.4,0.0,False
2024-11-15,Adelaide,16.1,0.0,False
2024-11-16,Adelaide,18.8,0.8,True
2024-11-17,Adelaide,16.2,0.0,False
2024-11-18,Adelaide,11.7,0.0,False
2024-11-19,Adelaide,17.4,0.0,False
2024-11-20,Adelaide,16.9,0.0,False
2024-11-21,Adelaide,21.5,0.0,False
2024-11-22,Adelaide,17.9,0.0,False
2024-11-23,Adelaide,15.7,13.4,True
2024-11-24,Adelaide,17.0,0.0,False
2024-11-25,Adelaide,15.8,0.0,False
2024-11-26,Adelaide,16.2,0.0,False
2024-11-27,Adelaide,17.9,0.0,False
2024-11-28,Adelaide,18.6,0.0,False
2024-11-29,Adelaide,18.2,12.1,True
2024-11-30,Adelaide,13.4,0.0,False
2024-12-01,Adelaide,21.4,0.0,False
2024-12-02,Adelaide,20.0,0.0,False
2024-12-03,Adelaide,20.0,0.0,False
2024-12-04,Adelaide,16.5,0.0,False
2024-12-05,Adelaide,18.8,0.0,False
2024-12-06,Adelaide,12.2,0.0,False
2024-12-07,Adelaide,20.6,0.0,False
2024-12-08,Adelaide,16.9,0.0,False
2024-12-09,Adelaide,13.9,0.0,False
2024-12-10,Adelaide,16.1,0.0,False
2024-12-11,Adelaide,15.8,0.0,False
2024-12-12,Adelaide,16.2,0.0,False
2024-12-13,Adelaide,18.3,0.0,False
2024-12-14,Adelaide,19.6,0.0,False
2024-12-15,Adelaide,17.5,0.0,False
2024-12-16,Adelaide,19.8,0.0,False
2024-12-17,Adelaide,16.1,0.0,False
2024-12-18,Adelaide,20.3,0.0,False
2024-12-19,Adelaide,17.8,0.0,False
2024-12-20,Adelaide,19.7,0.0,False
2024-12-21,Adelaide,16.4,0.0,False
2024-12-22,Adelaide,17.9,0.0,False
2024-12-23,Adelaide,22.9,30.5,True
2024-12-24,Adelaide,15.7,0.0,False
2024-12-25,Adelaide,16.6,0.0,False
2024-12-26,Adelaide,14.0,0.0,False
2024-12-27,Adelaide,16.6,0.0,False
2024-12-28,Adelaide,18.2,0.0,False
2024-12-29,Adelaide,17.4,0.0,False
2024-12-30,Adelaide,20.5,0.0,False
2024-12-31,Adelaide,17.8,0.0,False
2025-01-01,Adelaide,22.5,0.0,False
2025-01-02,Adelaide,18.0,0.0,False
2025-01-03,Adelaide,13.5,0.0,False
2025-01-04,Adelaide,17.8,0.0,False
2025-01-05,Adelaide,14.9,0.0,False
2025-01-06,Adelaide,19.6,0.0,False
2025-01-07,Adelaide,17.4,0.0,False
2025-01-08,Adelaide,20.5,0.0,False
2025-01-09,Adelaide,20.4,0.0,False
2025-01-10,Adelaide,19.7,0.0,False
2025-01-11,Adelaide,22.6,0.0,False
2025-01-12,Adelaide,20.4,0.0,False
2025-01-13,Adelaide,18.6,0.0,False
2025-01-14,Adelaide,16.5,0.0,False
2025-01-15,Adelaide,19.7,0.0,False
2025-01-16,Adelaide,23.4,0.0,False
2025-01-17,Adelaide,22.3,0.0,False
2025-01-18,Adelaide,22.1,0.0,False
2025-01-19,Adelaide,23.6,0.0,False
2025-01-20,Adelaide,23.2,0.0,False
2025-01-21,Adelaide,24.0,0.0,False
2025-01-22,Adelaide,20.9,0.0,False
2025-01-23,Adelaide,20.1,0.0,False
2025-01-24,Adelaide,20.1,0.0,False
2025-01-25,Adelaide,21.4,0.0,False
2025-01-26,Adelaide,22.0,0.0,False
2025-01-27,Adelaide,21.8,0.0,False
2025-01-28,Adelaide,23.0,0.0,False
2025-01-29,Adelaide,27.6,0.0,False
2025-01-30,Adelaide,24.1,0.0,False
2025-01-31,Adelaide,24.0,0.0,False
2025-02-01,Adelaide,16.9,0.0,False
2025-02-02,Adelaide,22.1,0.0,False
2025-02-03,Adelaide,22.2,0.0,False
2025-02-04,Adelaide,18.3,0.0,False
2025-02-05,Adelaide,24.1,0.0,False
2025-02-06,Adelaide,21.7,0.0,False
2025-02-07,Adelaide,22.6,0.0,False
2025-02-08,Adelaide,26.1,0.0,False
2025-02-09,Adelaide,23.3,0.0,False
2025-02-10,Adelaide,20.3,3.9,True
2025-02-11,Adelaide,22.3,0.0,False
2025-02-12,Adelaide,26.7,0.0,False
2025-02-13,Adelaide,26.2,0.0,False
2025-02-14,Adelaide,26.0,0.0,False
2025-02-15,Adelaide,23.5,0.0,False
2025-02-16,Adelaide,19.0,0.0,False
2025-02-17,Adelaide,21.9,0.0,False
2025-02-18,Adelaide,24.5,0.0,False
2025-02-19,Adelaide,22.7,0.0,False
2025-02-20,Adelaide,27.7,0.0,False
2025-02-21,Adelaide,29.7,0.0,False
2025-02-22,Adelaide,26.6,0.0,False
2025-02-23,Adelaide,22.6,0.0,False
2025-02-24,Adelaide,29.4,0.0,False
2025-02-25,Adelaide,26.5,16.6,True
2025-02-26,Adelaide,23.7,12.5,True
2025-02-27,Adelaide,23.7,0.0,False
2025-02-28,Adelaide,25.8,0.0,False
2025-03-01,Adelaide,26.7,11.7,True
2025-03-02,Adelaide,25.0,0.0,False
2025-03-03,Adelaide,28.2,0.0,False
2025-03-04,Adelaide,30.1,1.3,True
2025-03-05,Adelaide,23.4,26.4,True
2025-03-06,Adelaide,31.5,3.7,True
2025-03-07,Adelaide,23.6,14.9,True
2025-03-08,Adelaide,34.4,0.0,False
2025-03-09,Adelaide,28.6,0.0,False
2025-03-10,Adelaide,24.6,0.0,False
2025-03-11,Adelaide,29.7,0.0,False
2025-03-12,Adelaide,23.1,0.0,False
2025-03-13,Adelaide,31.6,0.0,False
2025-03-14,Adelaide,32.3,0.0,False
2025-03-15,Adelaide,32.6,0.0,False
2025-03-16,Adelaide,33.5,,False
2025-03-17,Adelaide,24.6,0.0,False
2025-03-18,Adelaide,28.8,60.8,True
2025-03-19,Adelaide,34.1,0.0,False
2025-03-20,Adelaide,34.2,0.0,False
2025-03-21,Adelaide,28.1,0.0,False
2025-03-22,Adelaide,30.4,0.0,False
2025-03-23,Adelaide,27.5,0.0,False
2025-03-24,Adelaide,31.9,0.0,False
2025-03-25,Adelaide,29.7,0.0,False
2025-03-26,Adelaide,31.3,0.0,False
2025-03-27,Adelaide,30.6,0.0,False
2025-03-28,Adelaide,38.3,0.2,True
2025-03-29,Adelaide,30.7,5.9,True
2025-03-30,Adelaide,34.1,0.0,False
2025-03-31,Adelaide,34.6,0.0,False
2025-04-01,Adelaide,32.6,0.0,False
2025-04-02,Adelaide,35.0,0.0,False
2025-04-03,Adelaide,38.6,0.0,False
2025-04-04,Adelaide,31.6,0.0,False
2025-04-05,Adelaide,29.7,0.0,False
2025-04-06,Adelaide,38.5,0.0,False
2025-04-07,Adelaide,33.8,0.0,False
2025-04-08,Adelaide,35.6,0.0,False
2025-04-09,Adelaide,37.0,0.0,False
2025-04-10,Adelaide,34.7,0.0,False
2025-04-11,Adelaide,33.4,0.0,False
2025-04-12,Adelaide,31.6,0.0,False
2025-04-13,Adelaide,36.9,0.0,False
2025-04-14,Adelaide,34.5,0.0,False
2025-04-15,Adelaide,29.7,0.0,False
2025-04-16,Adelaide,39.2,0.0,False
2025-04-17,Adelaide,31.4,0.0,False
2025-04-18,Adelaide,36.9,0.0,False
2025-04-19,Adelaide,34.9,0.0,False
2025-04-20,Adelaide,30.5,0.0,False
2025-04-21,Adelaide,34.4,0.0,False
2025-04-22,Adelaide,33.9,0.0,False
2025-04-23,Adelaide,31.3,0.0,False
2025-04-24,Adelaide,36.1,0.0,False
2025-04-25,Adelaide,37.3,0.0,False
2025-04-26,Adelaide,35.0,0.0,False
2025-04-27,Adelaide,34.4,0.0,False
2025-04-28,Adelaide,36.7,0.0,False
2025-04-29,Adelaide,29.0,0.0,False
2025-04-30,Adelaide,34.4,0.0,False
2025-05-01,Adelaide,34.6,0.0,False
2025-05-02,Adelaide,35.7,1.3,True
2025-05-03,Adelaide,35.1,0.0,False
2025-05-04,Adelaide,34.9,0.0,False
2025-05-05,Adelaide,39.2,0.0,False
2025-05-06,Adelaide,38.6,0.0,False
2025-05-07,Adelaide,33.6,0.0,False
2025-05-08,Adelaide,36.9,0.0,False
2025-05-09,Adelaide,37.3,0.0,False
2025-05-10,Adelaide,35.9,0.0,False
2025-05-11,Adelaide,41.5,0.0,False
2025-05-12,Adelaide,37.1,0.0,False
2025-05-13,Adelaide,37.3,0.0,False
2025-05-14,Adelaide,35.5,0.0,False
2025-05-15,Adelaide,39.2,0.0,False
2025-05-16,Adelaide,39.0,0.0,False
2025-05-17,Adelaide,38.0,0.0,False
2025-05-18,Adelaide,44.7,0.0,False
2025-05-19,Adelaide,34.1,0.0,False
2025-05-20,Adelaide,40.7,0.0,False
2025-05-21,Adelaide,35.0,0.0,False
2025-05-22,Adelaide,36.2,0.0,False
2025-05-23,Adelaide,39.6,7.7,True
2025-05-24,Adelaide,33.5,0.0,False
2025-05-25,Adelaide,37.6,0.0,False
2025-05-26,Adelaide,34.1,0.0,False
2025-05-27,Adelaide,39.8,0.0,False
2025-05-28,Adelaide,35.3,0.0,False
2025-05-29,Adelaide,37.1,0.0,False
2025-05-30,Adelaide,37.8,0.0,False
2025-05-31,Adelaide,37.5,0.0,False
2025-06-01,Adelaide,39.2,32.5,True
2025-06-02,Adelaide,42.8,27.9,True
2025-06-03,Adelaide,38.4,7.6,True
2025-06-04,Adelaide,36.4,0.0,False
2025-06-05,Adelaide,38.8,3.8,True
2025-06-06,Adelaide,40.3,0.0,False
2025-06-07,Adelaide,36.7,9.8,True
2025-06-08,Adelaide,38.6,0.8,True
2025-06-09,Adelaide,38.5,17.4,True
2025-06-10,Adelaide,38.6,2.2,True
2025-06-11,Adelaide,36.0,,False
2025-06-12,Adelaide,32.3,2.6,True
2025-06-13,Adelaide,39.7,20.3,True
2025-06-14,Adelaide,33.0,0.0,False
2025-06-15,Adelaide,37.0,,False
2025-06-16,Adelaide,40.8,0.0,False
2025-06-17,Adelaide,34.4,0.0,False
2025-06-18,Adelaide,34.8,0.0,False
2025-06-19,Adelaide,38.4,0.0,False
2025-06-20,Adelaide,35.8,0.0,False
2025-06-21,Adelaide,38.1,0.0,False
2025-06-22,Adelaide,35.6,10.9,True
2025-06-23,Adelaide,36.4,0.0,False
2025-06-24,Adelaide,36.9,28.0,True
2025-06-25,Adelaide,34.0,40.0,True
2025-06-26,Adelaide,36.2,0.0,False
2025-06-27,Adelaide,32.8,31.1,True
2025-06-28,Adelaide,36.9,3.6,True
2025-06-29,Adelaide,35.5,,True
2025-06-30,Adelaide,35.0,0.0,False
2025-07-01,Adelaide,36.1,3.4,True
2025-07-02,Adelaide,33.6,6.1,True
2025-07-03,Adelaide,37.1,14.9,True
2025-07-04,Adelaide,36.3,3.0,True
2025-07-05,Adelaide,34.7,63.4,True
2025-07-06,Adelaide,33.7,0.0,False
2025-07-07,Adelaide,32.2,14.7,True
2025-07-08,Adelaide,31.0,13.4,True
2025-07-09,Adelaide,33.0,0.0,False
2025-07-10,Adelaide,32.3,0.0,False
2025-07-11,Adelaide,38.0,0.0,False
2025-07-12,Adelaide,37.1,6.2,True
2025-07-13,Adelaide,35.6,4.3,True
2025-07-14,Adelaide,37.0,19.3,True
2025-07-15,Adelaide,34.4,7.7,True
2025-07-16,Adelaide,31.8,0.0,False
2025-07-17,Adelaide,29.6,0.0,False
2025-07-18,Adelaide,33.5,1.7,True
2025-07-19,Adelaide,31.3,11.7,True
2025-07-20,Adelaide,34.2,0.0,False
2025-07-21,Adelaide,31.9,2.5,True
2025-07-22,Adelaide,33.6,19.2,True
2025-07-23,Adelaide,32.9,8.0,True
2025-07-24,Adelaide,32.7,8.5,True
2025-07-25,Adelaide,30.4,11.7,True
2025-07-26,Adelaide,32.0,0.0,False
2025-07-27,Adelaide,30.6,0.9,True
2025-07-28,Adelaide,32.5,6.9,True
2025-07-29,Adelaide,31.0,0.0,False
2025-07-30,Adelaide,35.3,0.0,False
2025-07-31,Adelaide,36.9,0.0,False
2025-08-01,Adelaide,31.2,4.5,True
2025-08-02,Adelaide,30.7,4.7,True
2025-08-03,Adelaide,30.8,0.0,False
2025-08-04,Adelaide,29.3,0.0,False
2025-08-05,Adelaide,32.7,0.0,False
2025-08-06,Adelaide,27.9,0.0,False
2025-08-07,Adelaide,28.6,22.4,True
2025-08-08,Adelaide,28.3,0.0,False
2025-08-09,Adelaide,29.8,4.8,True
2025-08-10,Adelaide,32.0,0.0,False
2025-08-11,Adelaide,28.1,0.0,False
2025-08-12,Adelaide,31.0,0.0,False
2025-08-13,Adelaide,31.0,14.5,True
2025-08-14,Adelaide,31.1,19.5,True
2025-08-15,Adelaide,31.7,39.1,True
2025-08-16,Adelaide,36.7,0.0,False
2025-08-17,Adelaide,29.9,0.3,True
2025-08-18,Adelaide,28.6,0.0,False
2025-08-19,Adelaide,28.3,0.0,False
2025-08-20,Adelaide,27.6,0.0,False
2025-08-21,Adelaide,28.0,6.4,True
2025-08-22,Adelaide,27.6,0.0,False
2025-08-23,Adelaide,30.6,2.7,True
2025-08-24,Adelaide,25.5,0.0,False
2025-08-25,Adelaide,32.2,12.0,True
2025-08-26,Adelaide,25.4,0.0,False
2025-08-27,Adelaide,25.9,15.9,True
2025-08-28,Adelaide,26.0,0.3,True
2025-08-29,Adelaide,24.5,0.0,False
2025-08-30,Adelaide,24.2,0.0,False
2025-08-31,Adelaide,29.0,7.8,True
2025-09-01,Adelaide,31.1,7.0,True
2025-09-02,Adelaide,28.0,24.0,True
2025-09-03,Adelaide,24.9,5.3,True
2025-09-04,Adelaide,28.5,0.0,False
2025-09-05,Adelaide,28.4,61.1,True
2025-09-06,Adelaide,20.0,0.0,False
2025-09-07,Adelaide,20.0,0.0,False
2025-09-08,Adelaide,25.1,48.3,True
2025-09-09,Adelaide,29.2,0.0,False
2025-09-10,Adelaide,24.6,0.0,False
2025-09-11,Adelaide,28.9,0.0,False
2025-09-12,Adelaide,27.2,0.0,False
2025-09-13,Adelaide,23.3,49.8,True
2025-09-14,Adelaide,21.9,2.5,True
2025-09-15,Adelaide,19.4,17.2,True
2025-09-16,Adelaide,24.1,22.1,True
2025-09-17,Adelaide,22.3,7.9,True
2025-09-18,Adelaide,23.3,14.1,True
2025-09-19,Adelaide,24.8,0.0,False
2025-09-20,Adelaide,22.0,6.0,True
2025-09-21,Adelaide,24.3,0.0,False
2025-09-22,Adelaide,23.9,7.1,True
2025-09-23,Adelaide,25.7,0.0,False
2025-09-24,Adelaide,22.8,7.7,True
2025-09-25,Adelaide,26.8,4.2,True
2025-09-26,Adelaide,19.4,0.4,True
2025-09-27,Adelaide,23.6,8.0,True
2025-09-28,Adelaide,19.8,0.0,False
2025-09-29,Adelaide,19.2,18.0,True
2025-09-30,Adelaide,13.8,69.4,True
2025-10-01,Adelaide,21.3,0.0,False
2025-10-02,Adelaide,26.1,0.0,False
2025-10-03,Adelaide,22.4,0.0,False
2025-10-04,Adelaide,23.6,0.0,False
2025-10-05,Adelaide,22.0,0.0,False
2025-10-06,Adelaide,15.1,0.0,False
2025-10-07,Adelaide,25.0,0.0,False
2025-10-08,Adelaide,17.3,0.0,False
2025-10-09,Adelaide,19.0,0.0,False
2025-10-10,Adelaide,17.4,0.0,False
2025-10-11,Adelaide,16.8,0.0,False
2025-10-12,Adelaide,15.0,14.3,True
2025-10-13,Adelaide,23.0,0.0,False
2025-10-14,Adelaide,22.9,7.8,True
2025-10-15,Adelaide,19.3,0.0,False
2025-10-16,Adelaide,20.7,38.9,True
2025-10-17,Adelaide,21.4,0.0,False
2025-10-18,Adelaide,20.6,0.0,False
2025-10-19,Adelaide,15.3,0.0,False
2025-10-20,Adelaide,21.1,0.0,False
2025-10-21,Adelaide,21.1,0.0,False
2025-10-22,Adelaide,20.2,0.0,False
2025-10-23,Adelaide,18.1,0.0,False
2025-10-24,Adelaide,22.7,0.0,False
2025-10-25,Adelaide,16.5,0.0,False
2025-10-26,Adelaide,21.6,0.0,False
2025-10-27,Adelaide,16.3,0.0,False
2025-10-28,Adelaide,21.1,0.0,False
2025-10-29,Adelaide,16.2,0.0,False
2025-10-30,Adelaide,20.7,0.0,False
2025-10-31,Adelaide,22.6,0.0,False
2025-11-01,Adelaide,22.6,0.0,False
2025-11-02,Adelaide,21.8,0.0,False
2025-11-03,Adelaide,14.8,0.0,False
2025-11-04,Adelaide,18.1,0.0,False
2025-11-05,Adelaide,16.5,0.0,False
2025-11-06,Adelaide,11.7,0.0,False
2025-11-07,Adelaide,17.5,0.0,False
2025-11-08,Adelaide,20.4,0.0,False
2025-11-09,Adelaide,19.3,0.0,False
2025-11-10,Adelaide,23.4,0.0,False
2025-11-11,Adelaide,16.4,0.0,False
2025-11-12,Adelaide,22.0,0.0,False
2025-11-13,Adelaide,17.4,0.0,False
2025-11-14,Adelaide,15.0,0.0,False
2025-11-15,Adelaide,18.2,0.0,False
2025-11-16,Adelaide,18.9,0.0,False
2025-11-17,Adelaide,20.6,0.0,False
2025-11-18,Adelaide,16.0,0.0,False
2025-11-19,Adelaide,18.1,0.0,False
2025-11-20,Adelaide,17.3,0.0,False
2025-11-21,Adelaide,16.4,0.0,False
2025-11-22,Adelaide,21.3,0.0,False
2025-11-23,Adelaide,18.7,,False
2025-11-24,Adelaide,11.9,0.0,False
2025-11-25,Adelaide,18.0,0.0,False
2025-11-26,Adelaide,13.3,0.0,False
2025-11-27,Adelaide,17.7,0.0,False
2025-11-28,Adelaide,13.6,0.0,False
2025-11-29,Adelaide,18.6,0.0,False
2025-11-30,Adelaide,13.2,0.0,False
2025-12-01,Adelaide,14.8,0.0,False
2025-12-02,Adelaide,19.2,0.0,False
2025-12-03,Adelaide,17.2,0.0,False
2025-12-04,Adelaide,13.8,0.0,False
2025-12-05,Adelaide,21.1,0.0,False
2025-12-06,Adelaide,16.2,0.0,False
2025-12-07,Adelaide,16.6,0.0,False
2025-12-08,Adelaide,16.9,0.0,False
2025-12-09,Adelaide,19.0,0.0,False
2025-12-10,Adelaide,16.5,0.0,False
2025-12-11,Adelaide,17.0,0.0,False
2025-12-12,Adelaide,20.3,0.0,False
2025-12-13,Adelaide,20.0,0.0,False
2025-12-14,Adelaide,17.0,0.0,False
2025-12-15,Adelaide,17.1,0.0,False
2025-12-16,Adelaide,11.4,0.0,False
2025-12-17,Adelaide,18.1,0.0,False
2025-12-18,Adelaide,19.8,0.0,False
2025-12-19,Adelaide,16.7,0.0,False
2025-12-20,Adelaide,21.2,0.0,False
2025-12-21,Adelaide,22.4,0.0,False
2025-12-22,Adelaide,13.7,0.0,False
2025-12-23,Adelaide,15.7,,False
2025-12-24,Adelaide,21.2,0.0,False
2025-12-25,Adelaide,20.1,0.0,False
2025-12-26,Adelaide,13.9,0.0,False
2025-12-27,Adelaide,14.3,0.0,False
2025-12-28,Adelaide,19.8,1.8,True
2025-12-29,Adelaide,19.4,0.0,False
2025-12-30,Adelaide,18.0,0.0,False
2025-12-31,Adelaide,21.9,0.0,False
